ratingId,tmdbId,title,genres_str,genre_list,avg_rating,num_ratings
356,13,Forrest Gump,Comedy|Drama|Romance,"['Comedy', 'Drama', 'Romance']",4.02,1460
318,278,The Shawshank Redemption,Drama|Crime,"['Drama', 'Crime']",4.38,1412
296,680,Pulp Fiction,Thriller|Crime,"['Thriller', 'Crime']",4.24,1375
593,274,The Silence of the Lambs,Crime|Drama|Thriller,"['Crime', 'Drama', 'Thriller']",4.13,1341
2571,603,The Matrix,Action|Science Fiction,"['Action', 'Science Fiction']",4.19,1443
260,11,Star Wars,Adventure|Action|Science Fiction,"['Adventure', 'Action', 'Science Fiction']",4.14,1308
480,329,Jurassic Park,Adventure|Science Fiction,"['Adventure', 'Science Fiction']",3.69,1283
527,424,Schindler's List,Drama|History|War,"['Drama', 'History', 'War']",4.22,1103
110,197,Braveheart,Action|Drama|History|War,"['Action', 'Drama', 'History', 'War']",3.94,1158
2959,550,Fight Club,Drama,['Drama'],4.21,1237
589,280,Terminator 2: Judgment Day,Action|Thriller|Science Fiction,"['Action', 'Thriller', 'Science Fiction']",3.96,1186
1196,1891,The Empire Strikes Back,Adventure|Action|Science Fiction,"['Adventure', 'Action', 'Science Fiction']",4.19,1225
1,862,Toy Story,Animation|Comedy|Family,"['Animation', 'Comedy', 'Family']",3.83,1152
4993,120,The Lord of the Rings: The Fellowship of the Ring,Adventure|Fantasy|Action,"['Adventure', 'Fantasy', 'Action']",4.11,1245
50,629,The Usual Suspects,Drama|Crime|Thriller,"['Drama', 'Crime', 'Thriller']",4.22,1090
1210,1892,Return of the Jedi,Adventure|Action|Science Fiction,"['Adventure', 'Action', 'Science Fiction']",3.99,1168
1198,85,Raiders of the Lost Ark,Adventure|Action,"['Adventure', 'Action']",4.15,1187
2858,14,American Beauty,Drama,['Drama'],4.06,1169
858,238,The Godfather,Drama|Crime,"['Drama', 'Crime']",4.28,1084
5952,121,The Lord of the Rings: The Two Towers,Adventure|Fantasy|Action,"['Adventure', 'Fantasy', 'Action']",4.08,1164
7153,122,The Lord of the Rings: The Return of the King,Adventure|Fantasy|Action,"['Adventure', 'Fantasy', 'Action']",4.13,1125
47,807,Se7en,Crime|Mystery|Thriller,"['Crime', 'Mystery', 'Thriller']",4.05,1118
457,5503,The Fugitive,Adventure|Action|Thriller|Crime|Mystery,"['Adventure', 'Action', 'Thriller', 'Crime', 'Mystery']",3.88,981
1270,105,Back to the Future,Adventure|Comedy|Science Fiction|Family,"['Adventure', 'Comedy', 'Science Fiction', 'Family']",3.97,1171
780,602,Independence Day,Action|Adventure|Science Fiction,"['Action', 'Adventure', 'Science Fiction']",3.31,1069
150,568,Apollo 13,Drama,['Drama'],3.76,923
2028,857,Saving Private Ryan,Drama|History|War,"['Drama', 'History', 'War']",4.02,1106
2762,745,The Sixth Sense,Mystery|Thriller|Drama,"['Mystery', 'Thriller', 'Drama']",3.95,1140
3578,98,Gladiator,Action|Drama|Adventure,"['Action', 'Drama', 'Adventure']",3.9,1141
592,268,Batman,Fantasy|Action,"['Fantasy', 'Action']",3.53,898
588,812,Aladdin,Animation|Family|Comedy|Adventure|Fantasy|Romance,"['Animation', 'Family', 'Comedy', 'Adventure', 'Fantasy', 'Romance']",3.66,869
364,8587,The Lion King,Family|Animation|Drama,"['Family', 'Animation', 'Drama']",3.77,952
4306,808,Shrek,Adventure|Animation|Comedy|Family|Fantasy,"['Adventure', 'Animation', 'Comedy', 'Family', 'Fantasy']",3.67,1076
380,36955,True Lies,Action|Thriller,"['Action', 'Thriller']",3.42,854
590,581,Dances with Wolves,Adventure|Drama|Western,"['Adventure', 'Drama', 'Western']",3.63,755
58559,155,The Dark Knight,Drama|Action|Crime|Thriller,"['Drama', 'Action', 'Crime', 'Thriller']",4.17,878
377,1637,Speed,Action|Adventure|Crime,"['Action', 'Adventure', 'Crime']",3.4,989
4226,77,Memento,Mystery|Thriller,"['Mystery', 'Thriller']",4.11,973
1580,607,Men in Black,Action|Adventure|Comedy|Science Fiction,"['Action', 'Adventure', 'Comedy', 'Science Fiction']",3.53,1088
1704,489,Good Will Hunting,Drama,['Drama'],4.0,975
79132,27205,Inception,Action|Thriller|Science Fiction|Mystery|Adventure,"['Action', 'Thriller', 'Science Fiction', 'Mystery', 'Adventure']",4.09,806
1240,218,The Terminator,Action|Thriller|Science Fiction,"['Action', 'Thriller', 'Science Fiction']",3.84,1020
1291,89,Indiana Jones and the Last Crusade,Adventure|Action,"['Adventure', 'Action']",3.96,995
1197,2493,The Princess Bride,Adventure|Family|Fantasy|Comedy|Romance,"['Adventure', 'Family', 'Fantasy', 'Comedy', 'Romance']",4.03,847
1136,762,Monty Python and the Holy Grail,Adventure|Comedy|Fantasy,"['Adventure', 'Comedy', 'Fantasy']",4.1,942
1721,597,Titanic,Drama|Romance|Thriller,"['Drama', 'Romance', 'Thriller']",3.36,986
1265,137,Groundhog Day,Romance|Fantasy|Drama|Comedy,"['Romance', 'Fantasy', 'Drama', 'Comedy']",3.91,982
344,3049,Ace Ventura: Pet Detective,Comedy|Mystery,"['Comedy', 'Mystery']",2.99,810
6539,22,Pirates of the Caribbean: The Curse of the Black Pearl,Adventure|Fantasy|Action,"['Adventure', 'Fantasy', 'Action']",3.73,998
648,954,Mission: Impossible,Adventure|Action|Thriller,"['Adventure', 'Action', 'Thriller']",3.38,864
1036,562,Die Hard,Action|Thriller,"['Action', 'Thriller']",3.93,992
541,78,Blade Runner,Science Fiction|Drama|Thriller,"['Science Fiction', 'Drama', 'Thriller']",4.04,907
1214,348,Alien,Horror|Action|Thriller|Science Fiction,"['Horror', 'Action', 'Thriller', 'Science Fiction']",4.03,988
1193,510,One Flew Over the Cuckoo's Nest,Drama,['Drama'],4.21,864
6377,12,Finding Nemo,Animation|Family,"['Animation', 'Family']",3.8,937
1089,500,Reservoir Dogs,Crime|Thriller,"['Crime', 'Thriller']",4.08,885
367,854,The Mask,Romance|Comedy|Crime|Fantasy,"['Romance', 'Comedy', 'Crime', 'Fantasy']",3.1,832
1097,601,E.T. the Extra-Terrestrial,Science Fiction|Adventure|Family|Fantasy,"['Science Fiction', 'Adventure', 'Family', 'Fantasy']",3.74,920
4886,585,"Monsters, Inc.",Animation|Comedy|Family,"['Animation', 'Comedy', 'Family']",3.78,929
4973,194,Amélie,Comedy|Romance,"['Comedy', 'Romance']",4.03,786
597,114,Pretty Woman,Romance|Comedy,"['Romance', 'Comedy']",3.29,786
500,788,Mrs. Doubtfire,Comedy|Drama|Family,"['Comedy', 'Drama', 'Family']",3.21,777
1221,240,The Godfather: Part II,Drama|Crime,"['Drama', 'Crime']",4.21,800
6874,24,Kill Bill: Vol. 1,Action|Crime,"['Action', 'Crime']",3.79,938
1682,37165,The Truman Show,Comedy|Drama,"['Comedy', 'Drama']",3.8,969
165,1572,Die Hard: With a Vengeance,Action|Thriller,"['Action', 'Thriller']",3.51,748
7361,38,Eternal Sunshine of the Spotless Mind,Science Fiction|Drama|Romance,"['Science Fiction', 'Drama', 'Romance']",3.99,818
1527,18,The Fifth Element,Adventure|Fantasy|Action|Thriller|Science Fiction,"['Adventure', 'Fantasy', 'Action', 'Thriller', 'Science Fiction']",3.77,954
1213,769,GoodFellas,Drama|Crime,"['Drama', 'Crime']",4.17,828
3793,36657,X-Men,Adventure|Action|Science Fiction,"['Adventure', 'Action', 'Science Fiction']",3.56,944
733,9802,The Rock,Action|Adventure|Thriller,"['Action', 'Adventure', 'Thriller']",3.57,816
231,8467,Dumb and Dumber,Comedy,['Comedy'],2.98,724
2628,1893,Star Wars: Episode I - The Phantom Menace,Adventure|Action|Science Fiction,"['Adventure', 'Action', 'Science Fiction']",3.03,884
4963,161,Ocean's Eleven,Thriller|Crime,"['Thriller', 'Crime']",3.74,908
4995,453,A Beautiful Mind,Drama|Romance,"['Drama', 'Romance']",3.84,876
1200,679,Aliens,Horror|Action|Thriller|Science Fiction,"['Horror', 'Action', 'Thriller', 'Science Fiction']",3.97,875
34,9598,Babe,Fantasy|Drama|Comedy|Family,"['Fantasy', 'Drama', 'Comedy', 'Family']",3.36,685
2329,73,American History X,Drama,['Drama'],4.06,833
153,414,Batman Forever,Action|Crime|Fantasy,"['Action', 'Crime', 'Fantasy']",2.67,679
736,664,Twister,Action|Adventure|Drama,"['Action', 'Adventure', 'Drama']",3.0,719
33794,272,Batman Begins,Action|Crime|Drama,"['Action', 'Crime', 'Drama']",3.89,865
8961,9806,The Incredibles,Action|Adventure|Animation|Family,"['Action', 'Adventure', 'Animation', 'Family']",3.77,836
3147,497,The Green Mile,Fantasy|Drama|Crime,"['Fantasy', 'Drama', 'Crime']",3.98,882
5445,180,Minority Report,Action|Thriller|Science Fiction|Mystery,"['Action', 'Thriller', 'Science Fiction', 'Mystery']",3.64,899
5349,557,Spider-Man,Fantasy|Action,"['Fantasy', 'Action']",3.42,929
2997,492,Being John Malkovich,Fantasy|Drama|Comedy,"['Fantasy', 'Drama', 'Comedy']",3.82,767
1258,694,The Shining,Horror|Thriller,"['Horror', 'Thriller']",3.99,825
586,771,Home Alone,Comedy|Family,"['Comedy', 'Family']",3.14,796
111,103,Taxi Driver,Crime|Drama,"['Crime', 'Drama']",4.04,707
5418,2501,The Bourne Identity,Action|Drama|Mystery|Thriller,"['Action', 'Drama', 'Mystery', 'Thriller']",3.8,850
924,62,2001: A Space Odyssey,Science Fiction|Mystery|Adventure,"['Science Fiction', 'Mystery', 'Adventure']",3.97,774
778,627,Trainspotting,Drama|Crime,"['Drama', 'Crime']",3.94,758
587,251,Ghost,Fantasy|Drama|Thriller|Mystery|Romance,"['Fantasy', 'Drama', 'Thriller', 'Mystery', 'Romance']",3.3,660
7438,393,Kill Bill: Vol. 2,Action|Crime|Thriller,"['Action', 'Crime', 'Thriller']",3.75,851
10,710,GoldenEye,Adventure|Action|Thriller,"['Adventure', 'Action', 'Thriller']",3.34,658
1073,252,Willy Wonka & the Chocolate Factory,Family|Fantasy,"['Family', 'Fantasy']",3.68,690
5989,640,Catch Me If You Can,Drama|Crime,"['Drama', 'Crime']",3.8,828
3996,146,"Crouching Tiger, Hidden Dragon",Adventure|Drama|Action|Romance,"['Adventure', 'Drama', 'Action', 'Romance']",3.82,801
1732,115,The Big Lebowski,Comedy|Crime,"['Comedy', 'Crime']",3.92,789
1961,380,Rain Man,Drama,['Drama'],3.83,794
349,9331,Clear and Present Danger,Action|Drama|Thriller,"['Action', 'Drama', 'Thriller']",3.54,515
1617,2118,L.A. Confidential,Crime|Drama|Mystery|Thriller,"['Crime', 'Drama', 'Mystery', 'Thriller']",4.04,747
253,628,Interview with the Vampire,Horror|Romance,"['Horror', 'Romance']",3.49,642
208,9804,Waterworld,Adventure|Action,"['Adventure', 'Action']",2.79,646
60069,10681,WALL·E,Animation|Family,"['Animation', 'Family']",3.88,693
4878,141,Donnie Darko,Fantasy|Drama|Mystery,"['Fantasy', 'Drama', 'Mystery']",3.84,717
912,289,Casablanca,Drama|Romance,"['Drama', 'Romance']",4.09,644
750,935,Dr. Strangelove or: How I Learned to Stop Worrying and Love the Bomb,Drama|Comedy|War,"['Drama', 'Comedy', 'War']",4.15,647
357,712,Four Weddings and a Funeral,Comedy|Drama|Romance,"['Comedy', 'Drama', 'Romance']",3.5,579
3114,863,Toy Story 2,Animation|Comedy|Family,"['Animation', 'Comedy', 'Family']",3.76,747
1208,28,Apocalypse Now,Drama|War,"['Drama', 'War']",4.09,730
39,9603,Clueless,Comedy|Drama|Romance,"['Comedy', 'Drama', 'Romance']",3.31,619
4896,671,Harry Potter and the Philosopher's Stone,Adventure|Fantasy|Family,"['Adventure', 'Fantasy', 'Family']",3.58,796
44191,752,V for Vendetta,Action|Thriller|Fantasy,"['Action', 'Thriller', 'Fantasy']",3.88,756
59315,1726,Iron Man,Action|Science Fiction|Adventure,"['Action', 'Science Fiction', 'Adventure']",3.74,729
48516,1422,The Departed,Drama|Thriller|Crime,"['Drama', 'Thriller', 'Crime']",4.04,679
1923,544,There's Something About Mary,Romance|Comedy,"['Romance', 'Comedy']",3.42,752
68954,14160,Up,Animation|Comedy|Family|Adventure,"['Animation', 'Comedy', 'Family', 'Adventure']",3.84,602
4011,107,Snatch,Thriller|Crime,"['Thriller', 'Crime']",3.99,741
4022,8358,Cast Away,Adventure|Drama,"['Adventure', 'Drama']",3.67,792
1246,207,Dead Poets Society,Drama,['Drama'],3.79,725
2683,817,Austin Powers: The Spy Who Shagged Me,Adventure|Comedy|Crime|Science Fiction,"['Adventure', 'Comedy', 'Crime', 'Science Fiction']",3.13,735
2706,2105,American Pie,Comedy|Romance,"['Comedy', 'Romance']",3.19,759
292,6950,Outbreak,Action|Drama|Science Fiction|Thriller,"['Action', 'Drama', 'Science Fiction', 'Thriller']",3.2,535
919,630,The Wizard of Oz,Adventure|Family|Fantasy,"['Adventure', 'Family', 'Fantasy']",3.89,701
329,193,Star Trek: Generations,Science Fiction|Action|Adventure|Thriller,"['Science Fiction', 'Action', 'Adventure', 'Thriller']",3.16,458
72998,19995,Avatar,Action|Adventure|Fantasy|Science Fiction,"['Action', 'Adventure', 'Fantasy', 'Science Fiction']",3.59,637
2115,87,Indiana Jones and the Temple of Doom,Adventure|Action,"['Adventure', 'Action']",3.63,781
1387,578,Jaws,Horror|Thriller|Adventure,"['Horror', 'Thriller', 'Adventure']",3.79,762
454,37233,The Firm,Drama|Mystery|Thriller,"['Drama', 'Mystery', 'Thriller']",3.43,478
2396,1934,Shakespeare in Love,Romance|History,"['Romance', 'History']",3.65,625
223,2292,Clerks,Comedy,['Comedy'],3.72,635
2291,162,Edward Scissorhands,Fantasy|Drama|Romance,"['Fantasy', 'Drama', 'Romance']",3.69,739
4027,134,"O Brother, Where Art Thou?",Action|Adventure|Comedy,"['Action', 'Adventure', 'Comedy']",3.83,715
1517,816,Austin Powers: International Man of Mystery,Science Fiction|Comedy|Crime,"['Science Fiction', 'Comedy', 'Crime']",3.37,728
1784,2898,As Good as It Gets,Comedy|Romance,"['Comedy', 'Romance']",3.7,691
434,9350,Cliffhanger,Action|Adventure|Thriller,"['Action', 'Adventure', 'Thriller']",2.95,455
68157,16869,Inglourious Basterds,Drama|Action|Thriller|War,"['Drama', 'Action', 'Thriller', 'War']",3.94,630
1307,639,When Harry Met Sally...,Comedy|Romance|Drama,"['Comedy', 'Romance', 'Drama']",3.71,618
6365,604,The Matrix Reloaded,Adventure|Action|Thriller|Science Fiction,"['Adventure', 'Action', 'Thriller', 'Science Fiction']",3.33,748
185,1642,The Net,Crime|Drama|Mystery|Thriller|Action,"['Crime', 'Drama', 'Mystery', 'Thriller', 'Action']",2.78,480
2011,165,Back to the Future Part II,Adventure|Comedy|Family|Science Fiction,"['Adventure', 'Comedy', 'Family', 'Science Fiction']",3.47,757
1393,9390,Jerry Maguire,Comedy|Drama|Romance,"['Comedy', 'Drama', 'Romance']",3.44,671
2502,1542,Office Space,Comedy|Crime,"['Comedy', 'Crime']",3.85,680
48780,1124,The Prestige,Drama|Mystery|Thriller,"['Drama', 'Mystery', 'Thriller']",3.98,656
5618,129,Spirited Away,Fantasy|Adventure|Animation|Family,"['Fantasy', 'Adventure', 'Animation', 'Family']",4.15,556
1259,235,Stand by Me,Crime|Drama,"['Crime', 'Drama']",3.91,626
1917,95,Armageddon,Action|Thriller|Science Fiction|Adventure,"['Action', 'Thriller', 'Science Fiction', 'Adventure']",2.97,716
109487,157336,Interstellar,Adventure|Drama|Science Fiction,"['Adventure', 'Drama', 'Science Fiction']",3.99,520
8368,673,Harry Potter and the Prisoner of Azkaban,Adventure|Fantasy|Family,"['Adventure', 'Fantasy', 'Family']",3.7,681
2355,9487,A Bug's Life,Adventure|Animation|Comedy|Family,"['Adventure', 'Animation', 'Comedy', 'Family']",3.45,644
2916,861,Total Recall,Action|Adventure|Science Fiction,"['Action', 'Adventure', 'Science Fiction']",3.52,751
161,8963,Crimson Tide,Action|Thriller|Drama,"['Action', 'Thriller', 'Drama']",3.58,445
21,8012,Get Shorty,Comedy|Thriller|Crime,"['Comedy', 'Thriller', 'Crime']",3.42,504
32587,187,Sin City,Action|Thriller|Crime,"['Action', 'Thriller', 'Crime']",3.74,719
1610,1669,The Hunt for Red October,Action|Adventure|Thriller,"['Action', 'Adventure', 'Thriller']",3.84,630
1219,539,Psycho,Drama|Horror|Thriller,"['Drama', 'Horror', 'Thriller']",4.03,625
3949,641,Requiem for a Dream,Crime|Drama,"['Crime', 'Drama']",3.93,643
5816,672,Harry Potter and the Chamber of Secrets,Adventure|Fantasy|Family,"['Adventure', 'Fantasy', 'Family']",3.53,702
1653,782,Gattaca,Thriller|Science Fiction|Mystery|Romance,"['Thriller', 'Science Fiction', 'Mystery', 'Romance']",3.78,659
2012,196,Back to the Future Part III,Adventure|Comedy|Family|Science Fiction,"['Adventure', 'Comedy', 'Family', 'Science Fiction']",3.25,709
1584,686,Contact,Drama|Science Fiction|Mystery,"['Drama', 'Science Fiction', 'Mystery']",3.67,681
19,9273,Ace Ventura: When Nature Calls,Crime|Comedy|Adventure,"['Crime', 'Comedy', 'Adventure']",2.62,608
1225,279,Amadeus,Drama|History|Music,"['Drama', 'History', 'Music']",4.02,558
5378,1894,Star Wars: Episode II - Attack of the Clones,Adventure|Action|Science Fiction,"['Adventure', 'Action', 'Science Fiction']",3.06,739
2174,4011,Beetlejuice,Fantasy|Comedy,"['Fantasy', 'Comedy']",3.51,676
8636,558,Spider-Man 2,Action|Adventure|Fantasy,"['Action', 'Adventure', 'Fantasy']",3.39,722
99114,68718,Django Unchained,Drama|Western,"['Drama', 'Western']",3.91,528
95,9208,Broken Arrow,Action|Adventure|Drama|Thriller,"['Action', 'Adventure', 'Drama', 'Thriller']",2.87,475
2791,813,Airplane!,Comedy,['Comedy'],3.77,637
54286,2503,The Bourne Ultimatum,Action|Drama|Mystery|Thriller,"['Action', 'Drama', 'Mystery', 'Thriller']",3.82,581
1220,525,The Blues Brothers,Music|Comedy|Action|Crime,"['Music', 'Comedy', 'Action', 'Crime']",3.72,624
49272,36557,Casino Royale,Adventure|Action|Thriller,"['Adventure', 'Action', 'Thriller']",3.81,636
1101,744,Top Gun,Action|Romance|War,"['Action', 'Romance', 'War']",3.37,665
2797,2280,Big,Fantasy|Drama|Comedy|Romance|Family,"['Fantasy', 'Drama', 'Comedy', 'Romance', 'Family']",3.6,619
6711,153,Lost in Translation,Drama,['Drama'],3.73,637
8360,809,Shrek 2,Adventure|Animation|Comedy|Family|Fantasy,"['Adventure', 'Animation', 'Comedy', 'Family', 'Fantasy']",3.43,660
1573,754,Face/Off,Action|Crime|Science Fiction|Thriller,"['Action', 'Crime', 'Science Fiction', 'Thriller']",3.27,705
8665,2502,The Bourne Supremacy,Action|Drama|Thriller,"['Action', 'Drama', 'Thriller']",3.74,663
25,451,Leaving Las Vegas,Drama|Romance,"['Drama', 'Romance']",3.67,431
3948,1597,Meet the Parents,Comedy|Romance,"['Comedy', 'Romance']",3.32,676
6333,36658,X2,Adventure|Action|Science Fiction|Thriller,"['Adventure', 'Action', 'Science Fiction', 'Thriller']",3.55,687
91529,49026,The Dark Knight Rises,Action|Crime|Drama|Thriller,"['Action', 'Crime', 'Drama', 'Thriller']",3.95,551
508,9800,Philadelphia,Drama,['Drama'],3.62,512
6016,598,City of God,Drama|Crime,"['Drama', 'Crime']",4.13,501
3897,786,Almost Famous,Drama|Music,"['Drama', 'Music']",3.78,596
48394,1417,Pan's Labyrinth,Fantasy|Drama|War,"['Fantasy', 'Drama', 'War']",3.93,541
17,4584,Sense and Sensibility,Drama|Romance,"['Drama', 'Romance']",3.8,353
8874,747,Shaun of the Dead,Horror|Comedy,"['Horror', 'Comedy']",3.84,620
2710,2667,The Blair Witch Project,Horror|Mystery,"['Horror', 'Mystery']",2.77,563
36,687,Dead Man Walking,Drama,['Drama'],3.77,389
2542,100,"Lock, Stock and Two Smoking Barrels",Comedy|Crime,"['Comedy', 'Crime']",3.95,597
1356,199,Star Trek: First Contact,Science Fiction|Action|Adventure|Thriller,"['Science Fiction', 'Action', 'Adventure', 'Thriller']",3.54,491
104,9614,Happy Gilmore,Comedy,['Comedy'],3.26,544
50872,2062,Ratatouille,Animation|Comedy|Family|Fantasy,"['Animation', 'Comedy', 'Family', 'Fantasy']",3.68,537
788,9327,The Nutty Professor,Fantasy|Comedy|Romance|Science Fiction,"['Fantasy', 'Comedy', 'Romance', 'Science Fiction']",2.59,541
63082,12405,Slumdog Millionaire,Drama|Romance,"['Drama', 'Romance']",3.81,506
46578,773,Little Miss Sunshine,Comedy|Drama,"['Comedy', 'Drama']",3.8,576
2692,104,Run Lola Run,Action|Drama|Thriller,"['Action', 'Drama', 'Thriller']",3.88,537
74458,11324,Shutter Island,Drama|Thriller|Mystery,"['Drama', 'Thriller', 'Mystery']",3.78,530
40815,674,Harry Potter and the Goblet of Fire,Adventure|Fantasy|Family,"['Adventure', 'Fantasy', 'Family']",3.67,584
1485,1624,Liar Liar,Comedy,['Comedy'],3.14,640
51662,1271,300,Action|Adventure|War,"['Action', 'Adventure', 'War']",3.52,612
3751,7443,Chicken Run,Animation|Comedy|Family,"['Animation', 'Comedy', 'Family']",3.43,563
33493,1895,Star Wars: Episode III - Revenge of the Sith,Science Fiction|Adventure|Action,"['Science Fiction', 'Adventure', 'Action']",3.38,642
1625,2649,The Game,Drama|Thriller|Mystery,"['Drama', 'Thriller', 'Mystery']",3.76,621
55820,6977,No Country for Old Men,Crime|Drama|Thriller,"['Crime', 'Drama', 'Thriller']",4.01,557
16,524,Casino,Drama|Crime,"['Drama', 'Crime']",3.81,540
3623,955,Mission: Impossible II,Adventure|Action|Thriller,"['Adventure', 'Action', 'Thriller']",2.87,629
56367,7326,Juno,Comedy|Drama|Romance,"['Comedy', 'Drama', 'Romance']",3.75,559
62,2054,Mr. Holland's Opus,Music|Drama|Family,"['Music', 'Drama', 'Family']",3.55,338
5218,425,Ice Age,Animation|Comedy|Family|Adventure,"['Animation', 'Comedy', 'Family', 'Adventure']",3.42,624
1201,429,"The Good, the Bad and the Ugly",Western,['Western'],4.05,547
3408,462,Erin Brockovich,Drama,['Drama'],3.48,585
6934,605,The Matrix Revolutions,Adventure|Action|Thriller|Science Fiction,"['Adventure', 'Action', 'Thriller', 'Science Fiction']",3.14,621
70286,17654,District 9,Science Fiction,['Science Fiction'],3.75,553
594,408,Snow White and the Seven Dwarfs,Fantasy|Animation|Family,"['Fantasy', 'Animation', 'Family']",3.51,444
3977,4327,Charlie's Angels,Action|Adventure|Comedy|Crime|Thriller,"['Action', 'Adventure', 'Comedy', 'Crime', 'Thriller']",2.63,595
1391,75,Mars Attacks!,Comedy|Fantasy|Science Fiction,"['Comedy', 'Fantasy', 'Science Fiction']",2.91,590
2700,9473,"South Park: Bigger, Longer & Uncut",Animation|Comedy|Music,"['Animation', 'Comedy', 'Music']",3.56,568
89745,24428,The Avengers,Science Fiction|Action|Adventure,"['Science Fiction', 'Action', 'Adventure']",3.69,519
1127,2756,The Abyss,Adventure|Action|Thriller|Science Fiction,"['Adventure', 'Action', 'Thriller', 'Science Fiction']",3.7,545
7147,587,Big Fish,Adventure|Fantasy|Drama,"['Adventure', 'Fantasy', 'Drama']",3.72,583
8644,2048,"I, Robot",Action|Science Fiction,"['Action', 'Science Fiction']",3.4,615
1676,563,Starship Troopers,Adventure|Action|Thriller|Science Fiction,"['Adventure', 'Action', 'Thriller', 'Science Fiction']",3.3,622
337,1587,What's Eating Gilbert Grape,Romance|Drama,"['Romance', 'Drama']",3.65,431
3052,1832,Dogma,Fantasy|Comedy|Adventure,"['Fantasy', 'Comedy', 'Adventure']",3.6,601
5995,423,The Pianist,Drama|War,"['Drama', 'War']",3.96,506
11,9087,The American President,Comedy|Drama|Romance,"['Comedy', 'Drama', 'Romance']",3.48,383
4034,1900,Traffic,Thriller|Drama|Crime,"['Thriller', 'Drama', 'Crime']",3.64,561
3481,243,High Fidelity,Comedy|Drama|Romance|Music,"['Comedy', 'Drama', 'Romance', 'Music']",3.68,554
1954,1366,Rocky,Drama,['Drama'],3.73,605
1090,792,Platoon,Drama|War|Action,"['Drama', 'War', 'Action']",3.86,559
3527,106,Predator,Science Fiction|Action|Adventure|Thriller,"['Science Fiction', 'Action', 'Adventure', 'Thriller']",3.71,607
1407,4232,Scream,Crime|Horror|Mystery,"['Crime', 'Horror', 'Mystery']",3.18,567
1203,389,12 Angry Men,Drama,['Drama'],4.25,455
3994,9741,Unbreakable,Science Fiction|Thriller|Drama,"['Science Fiction', 'Thriller', 'Drama']",3.47,633
1370,1573,Die Hard 2,Action|Thriller,"['Action', 'Thriller']",3.42,623
134130,286217,The Martian,Drama|Adventure|Science Fiction,"['Drama', 'Adventure', 'Science Fiction']",4.02,428
69122,18785,The Hangover,Comedy,['Comedy'],3.5,520
2268,881,A Few Good Men,Drama,['Drama'],3.73,531
6502,170,28 Days Later,Horror|Thriller|Science Fiction,"['Horror', 'Thriller', 'Science Fiction']",3.73,559
1230,703,Annie Hall,Comedy|Drama|Romance,"['Comedy', 'Drama', 'Romance']",3.88,429
112852,118340,Guardians of the Galaxy,Action|Science Fiction|Adventure,"['Action', 'Science Fiction', 'Adventure']",3.89,483
353,9495,The Crow,Fantasy|Action|Thriller,"['Fantasy', 'Action', 'Thriller']",3.51,489
1380,621,Grease,Romance,['Romance'],3.37,519
2712,345,Eyes Wide Shut,Mystery|Drama,"['Mystery', 'Drama']",3.23,502
68358,13475,Star Trek,Science Fiction|Action|Adventure,"['Science Fiction', 'Action', 'Adventure']",3.72,501
45722,58,Pirates of the Caribbean: Dead Man's Chest,Adventure|Fantasy|Action,"['Adventure', 'Fantasy', 'Action']",3.34,552
509,713,The Piano,Drama|Romance,"['Drama', 'Romance']",3.61,325
1207,595,To Kill a Mockingbird,Crime|Drama,"['Crime', 'Drama']",4.03,455
2194,117,The Untouchables,Crime|Drama|History|Thriller,"['Crime', 'Drama', 'History', 'Thriller']",3.84,559
1544,330,The Lost World: Jurassic Park,Adventure|Action|Science Fiction,"['Adventure', 'Action', 'Science Fiction']",2.87,580
4979,9428,The Royal Tenenbaums,Comedy|Drama,"['Comedy', 'Drama']",3.68,530
1374,154,Star Trek II: The Wrath of Khan,Action|Adventure|Science Fiction|Thriller,"['Action', 'Adventure', 'Science Fiction', 'Thriller']",3.7,464
7143,616,The Last Samurai,Drama|Action|War|History,"['Drama', 'Action', 'War', 'History']",3.61,584
266,4476,Legends of the Fall,Adventure|Drama|Romance|War,"['Adventure', 'Drama', 'Romance', 'War']",3.38,331
317,11395,The Santa Clause,Fantasy|Drama|Comedy|Family,"['Fantasy', 'Drama', 'Comedy', 'Family']",2.92,373
106782,106646,The Wolf of Wall Street,Crime|Drama|Comedy,"['Crime', 'Drama', 'Comedy']",3.79,437
1234,9277,The Sting,Comedy|Crime|Drama,"['Comedy', 'Crime', 'Drama']",4.08,452
7254,1954,The Butterfly Effect,Science Fiction|Thriller,"['Science Fiction', 'Thriller']",3.49,542
1278,3034,Young Frankenstein,Comedy|Science Fiction,"['Comedy', 'Science Fiction']",3.94,471
235,522,Ed Wood,Comedy|Drama|History,"['Comedy', 'Drama', 'History']",3.66,387
116797,205596,The Imitation Game,History|Drama|Thriller|War,"['History', 'Drama', 'Thriller', 'War']",3.84,380
1199,68,Brazil,Comedy|Science Fiction,"['Comedy', 'Science Fiction']",3.94,455
2353,9798,Enemy of the State,Action|Drama|Thriller,"['Action', 'Drama', 'Thriller']",3.5,558
786,9268,Eraser,Action|Drama|Mystery|Thriller,"['Action', 'Drama', 'Mystery', 'Thriller']",2.91,406
953,1585,It's a Wonderful Life,Drama|Family|Fantasy,"['Drama', 'Family', 'Fantasy']",4.03,476
555,319,True Romance,Action|Thriller|Crime|Romance,"['Action', 'Thriller', 'Crime', 'Romance']",3.72,444
1304,642,Butch Cassidy and the Sundance Kid,History|Drama|Western|Crime,"['History', 'Drama', 'Western', 'Crime']",4.0,424
1035,15121,The Sound of Music,Drama|Family|Music|Romance,"['Drama', 'Family', 'Music', 'Romance']",3.67,490
3753,2024,The Patriot,Drama|History|War|Action,"['Drama', 'History', 'War', 'Action']",3.35,531
6373,310,Bruce Almighty,Fantasy|Comedy,"['Fantasy', 'Comedy']",3.09,591
1028,433,Mary Poppins,Comedy|Family|Fantasy,"['Comedy', 'Family', 'Fantasy']",3.66,485
1552,1701,Con Air,Action|Thriller|Crime,"['Action', 'Thriller', 'Crime']",3.12,576
4246,634,Bridget Jones's Diary,Comedy|Romance|Drama,"['Comedy', 'Romance', 'Drama']",3.2,538
1641,9427,The Full Monty,Comedy,['Comedy'],3.55,474
48774,9693,Children of Men,Drama|Action|Thriller|Science Fiction,"['Drama', 'Action', 'Thriller', 'Science Fiction']",3.86,504
1997,9552,The Exorcist,Drama|Horror|Thriller,"['Drama', 'Horror', 'Thriller']",3.71,526
3471,840,Close Encounters of the Third Kind,Science Fiction|Drama,"['Science Fiction', 'Drama']",3.74,483
4262,111,Scarface,Action|Crime|Drama|Thriller,"['Action', 'Crime', 'Drama', 'Thriller']",3.88,547
1266,33,Unforgiven,Western,['Western'],3.99,485
1183,409,The English Patient,Drama|Romance|War,"['Drama', 'Romance', 'War']",3.44,423
2640,1924,Superman,Action|Adventure|Fantasy|Science Fiction,"['Action', 'Adventure', 'Fantasy', 'Science Fiction']",3.47,480
1608,9772,Air Force One,Action|Thriller,"['Action', 'Thriller']",3.21,570
35836,6957,The 40 Year Old Virgin,Comedy|Romance,"['Comedy', 'Romance']",3.46,519
350,10731,The Client,Drama|Thriller|Crime|Mystery,"['Drama', 'Thriller', 'Crime', 'Mystery']",3.29,299
920,770,Gone with the Wind,Drama|Romance|War,"['Drama', 'Romance', 'War']",3.77,398
2395,11545,Rushmore,Comedy|Drama,"['Comedy', 'Drama']",3.67,433
3175,926,Galaxy Quest,Comedy|Family|Science Fiction,"['Comedy', 'Family', 'Science Fiction']",3.53,480
81845,45269,The King's Speech,Drama|History,"['Drama', 'History']",3.79,407
73017,10528,Sherlock Holmes,Action|Adventure|Crime|Mystery,"['Action', 'Adventure', 'Crime', 'Mystery']",3.6,488
784,9894,The Cable Guy,Comedy|Drama|Thriller,"['Comedy', 'Drama', 'Thriller']",2.61,464
78499,10193,Toy Story 3,Animation|Family|Comedy,"['Animation', 'Family', 'Comedy']",3.68,415
5459,608,Men in Black II,Action|Adventure|Comedy|Science Fiction,"['Action', 'Adventure', 'Comedy', 'Science Fiction']",2.84,579
51255,4638,Hot Fuzz,Crime|Action|Comedy,"['Crime', 'Action', 'Comedy']",3.76,503
54001,675,Harry Potter and the Order of the Phoenix,Adventure|Fantasy|Family|Mystery,"['Adventure', 'Fantasy', 'Family', 'Mystery']",3.66,478
553,11969,Tombstone,Action|Adventure|Drama|History|Western,"['Action', 'Adventure', 'Drama', 'History', 'Western']",3.65,347
2671,509,Notting Hill,Romance|Comedy|Drama,"['Romance', 'Comedy', 'Drama']",3.35,471
30707,70,Million Dollar Baby,Drama,['Drama'],3.82,486
4308,824,Moulin Rouge!,Drama|Music|Romance,"['Drama', 'Music', 'Romance']",3.49,522
163,8068,Desperado,Thriller|Action|Crime,"['Thriller', 'Action', 'Crime']",3.44,409
56174,6479,I Am Legend,Drama|Horror|Action|Thriller|Science Fiction,"['Drama', 'Horror', 'Action', 'Thriller', 'Science Fiction']",3.36,516
69844,767,Harry Potter and the Half-Blood Prince,Adventure|Fantasy|Family,"['Adventure', 'Fantasy', 'Family']",3.65,415
6863,1584,School of Rock,Comedy|Music,"['Comedy', 'Music']",3.35,525
70,755,From Dusk Till Dawn,Horror|Action|Thriller|Crime,"['Horror', 'Action', 'Thriller', 'Crime']",3.33,528
3253,8872,Wayne's World,Music|Comedy,"['Music', 'Comedy']",3.37,549
80463,37799,The Social Network,Drama,['Drama'],3.69,437
370,36593,The Naked Gun 33⅓: The Final Insult,Comedy|Crime,"['Comedy', 'Crime']",2.82,377
420,306,Beverly Hills Cop III,Action|Comedy|Crime,"['Action', 'Comedy', 'Crime']",2.62,327
4370,644,A.I. Artificial Intelligence,Drama|Science Fiction|Adventure,"['Drama', 'Science Fiction', 'Adventure']",3.27,549
1500,9434,Grosse Pointe Blank,Action|Comedy|Thriller|Romance,"['Action', 'Comedy', 'Thriller', 'Romance']",3.63,415
122904,293660,Deadpool,Action|Adventure|Comedy,"['Action', 'Adventure', 'Comedy']",3.86,383
160,10329,Congo,Action|Adventure|Drama|Mystery|Science Fiction|Thriller,"['Action', 'Adventure', 'Drama', 'Mystery', 'Science Fiction', 'Thriller']",2.4,354
2006,9342,The Mask of Zorro,Action|Adventure,"['Action', 'Adventure']",3.21,494
832,3595,Ransom,Action|Thriller,"['Action', 'Thriller']",3.24,428
2302,10377,My Cousin Vinny,Comedy|Drama,"['Comedy', 'Drama']",3.64,395
76093,10191,How to Train Your Dragon,Fantasy|Adventure|Animation|Family,"['Fantasy', 'Adventure', 'Animation', 'Family']",3.74,413
1320,8077,Alien³,Science Fiction|Action|Horror,"['Science Fiction', 'Action', 'Horror']",3.09,477
1673,4995,Boogie Nights,Drama,['Drama'],3.74,473
5502,2675,Signs,Drama|Thriller|Science Fiction|Mystery,"['Drama', 'Thriller', 'Science Fiction', 'Mystery']",3.2,567
3176,1213,The Talented Mr. Ripley,Thriller|Crime|Drama,"['Thriller', 'Crime', 'Drama']",3.47,460
91500,70160,The Hunger Games,Science Fiction|Adventure|Fantasy,"['Science Fiction', 'Adventure', 'Fantasy']",3.41,462
48385,496,Borat: Cultural Learnings of America for Make Benefit Glorious Nation of Kazakhstan,Comedy,['Comedy'],3.33,488
2572,4951,10 Things I Hate About You,Comedy|Romance|Drama,"['Comedy', 'Romance', 'Drama']",3.37,426
653,8840,DragonHeart,Fantasy,['Fantasy'],3.03,381
71535,19908,Zombieland,Comedy|Horror,"['Comedy', 'Horror']",3.69,456
5669,1430,Bowling for Columbine,Documentary,['Documentary'],3.69,471
6942,508,Love Actually,Comedy|Romance|Drama,"['Comedy', 'Romance', 'Drama']",3.59,486
134853,150540,Inside Out,Drama|Comedy|Animation|Family,"['Drama', 'Comedy', 'Animation', 'Family']",3.79,355
1639,2255,Chasing Amy,Comedy|Drama|Romance,"['Comedy', 'Drama', 'Romance']",3.49,434
1233,387,Das Boot,Action|Drama|History|War|Adventure,"['Action', 'Drama', 'History', 'War', 'Adventure']",4.06,343
81591,44214,Black Swan,Drama|Thriller,"['Drama', 'Thriller']",3.8,405
1645,1813,The Devil's Advocate,Drama|Horror|Mystery|Thriller,"['Drama', 'Horror', 'Mystery', 'Thriller']",3.47,516
122882,76341,Mad Max: Fury Road,Action|Adventure|Science Fiction|Thriller,"['Action', 'Adventure', 'Science Fiction', 'Thriller']",3.84,392
48,10530,Pocahontas,Adventure|Animation|Drama|Family,"['Adventure', 'Animation', 'Drama', 'Family']",2.8,350
5010,855,Black Hawk Down,Action|History|War,"['Action', 'History', 'War']",3.64,497
64614,13223,Gran Torino,Drama,['Drama'],3.87,436
6378,9654,The Italian Job,Action|Crime,"['Action', 'Crime']",3.41,521
1377,364,Batman Returns,Action|Fantasy,"['Action', 'Fantasy']",3.18,554
2019,346,Seven Samurai,Action|Drama,"['Action', 'Drama']",4.19,380
2599,9451,Election,Comedy,['Comedy'],3.62,354
4720,1933,The Others,Horror|Drama|Mystery|Thriller,"['Horror', 'Drama', 'Mystery', 'Thriller']",3.67,506
1204,947,Lawrence of Arabia,Adventure|Drama|History|War,"['Adventure', 'Drama', 'History', 'War']",4.09,360
485,9593,Last Action Hero,Adventure|Fantasy|Action|Comedy|Family,"['Adventure', 'Fantasy', 'Action', 'Comedy', 'Family']",2.66,419
3000,128,Princess Mononoke,Adventure|Fantasy|Animation,"['Adventure', 'Fantasy', 'Animation']",3.98,405
497,11971,Much Ado About Nothing,Drama|Comedy|Romance,"['Drama', 'Comedy', 'Romance']",3.67,284
109374,120467,The Grand Budapest Hotel,Comedy|Drama,"['Comedy', 'Drama']",3.92,389
54503,8363,Superbad,Comedy,['Comedy'],3.62,470
2167,36647,Blade,Horror|Action,"['Horror', 'Action']",3.32,499
196,9348,Species,Science Fiction|Horror|Action,"['Science Fiction', 'Horror', 'Action']",2.7,372
2804,850,A Christmas Story,Comedy|Family,"['Comedy', 'Family']",3.83,379
33679,787,Mr. & Mrs. Smith,Action|Comedy|Drama|Thriller,"['Action', 'Comedy', 'Drama', 'Thriller']",3.14,526
2699,6488,Arachnophobia,Comedy|Horror,"['Comedy', 'Horror']",2.84,379
112556,210577,Gone Girl,Mystery|Thriller|Drama,"['Mystery', 'Thriller', 'Drama']",3.82,367
145,9737,Bad Boys,Action|Comedy|Crime|Thriller,"['Action', 'Comedy', 'Crime', 'Thriller']",3.14,428
3160,334,Magnolia,Drama,['Drama'],3.8,438
5299,8346,My Big Fat Greek Wedding,Comedy|Drama|Romance,"['Comedy', 'Drama', 'Romance']",3.25,482
596,10895,Pinocchio,Animation|Family,"['Animation', 'Family']",3.5,333
4014,392,Chocolat,Comedy|Drama|Romance,"['Comedy', 'Drama', 'Romance']",3.54,410
1358,12498,Sling Blade,Drama,['Drama'],3.9,386
2424,9489,You've Got Mail,Comedy|Romance,"['Comedy', 'Romance']",2.96,449
1250,826,The Bridge on the River Kwai,Drama|History|War,"['Drama', 'History', 'War']",4.03,372
158,8839,Casper,Fantasy|Comedy|Family,"['Fantasy', 'Comedy', 'Family']",2.75,366
1376,168,Star Trek IV: The Voyage Home,Science Fiction|Adventure,"['Science Fiction', 'Adventure']",3.48,360
3535,1359,American Psycho,Thriller|Drama|Crime,"['Thriller', 'Drama', 'Crime']",3.58,468
3033,957,Spaceballs,Comedy|Science Fiction,"['Comedy', 'Science Fiction']",3.38,478
115713,264660,Ex Machina,Drama|Science Fiction,"['Drama', 'Science Fiction']",4.01,369
41566,411,"The Chronicles of Narnia: The Lion, the Witch and the Wardrobe",Adventure|Family|Fantasy,"['Adventure', 'Family', 'Fantasy']",3.26,440
30793,118,Charlie and the Chocolate Factory,Adventure|Comedy|Family|Fantasy,"['Adventure', 'Comedy', 'Family', 'Fantasy']",3.04,485
4447,8835,Legally Blonde,Comedy,['Comedy'],2.91,462
1215,766,Army of Darkness,Fantasy|Horror|Comedy,"['Fantasy', 'Horror', 'Comedy']",3.65,406
4848,1018,Mulholland Drive,Thriller|Drama|Mystery,"['Thriller', 'Drama', 'Mystery']",3.73,443
802,9294,Phenomenon,Drama|Fantasy|Romance|Science Fiction,"['Drama', 'Fantasy', 'Romance', 'Science Fiction']",3.13,357
1729,184,Jackie Brown,Comedy|Crime|Romance,"['Comedy', 'Crime', 'Romance']",3.67,461
111759,137113,Edge of Tomorrow,Action|Science Fiction,"['Action', 'Science Fiction']",3.89,393
4025,1493,Miss Congeniality,Comedy|Crime|Action,"['Comedy', 'Crime', 'Action']",2.89,468
1722,714,Tomorrow Never Dies,Adventure|Action|Thriller,"['Adventure', 'Action', 'Thriller']",3.19,449
1282,756,Fantasia,Animation|Family|Music,"['Animation', 'Family', 'Music']",3.6,391
104841,49047,Gravity,Science Fiction|Thriller|Drama,"['Science Fiction', 'Thriller', 'Drama']",3.63,403
49530,1372,Blood Diamond,Drama|Thriller|Action,"['Drama', 'Thriller', 'Action']",3.76,415
1748,2666,Dark City,Mystery|Science Fiction,"['Mystery', 'Science Fiction']",3.75,438
3448,801,"Good Morning, Vietnam",Comedy|Drama|War,"['Comedy', 'Drama', 'War']",3.58,480
2947,658,Goldfinger,Adventure|Action|Thriller,"['Adventure', 'Action', 'Thriller']",3.72,417
27773,670,Oldboy,Drama|Thriller|Mystery|Action,"['Drama', 'Thriller', 'Mystery', 'Action']",3.98,380
60684,13183,Watchmen,Action|Mystery|Science Fiction,"['Action', 'Mystery', 'Science Fiction']",3.61,455
2470,9671,Crocodile Dundee,Adventure|Comedy,"['Adventure', 'Comedy']",3.13,451
1408,9361,The Last of the Mohicans,Action|Adventure|Drama|History|Romance|War,"['Action', 'Adventure', 'Drama', 'History', 'Romance', 'War']",3.64,420
2890,6415,Three Kings,Action|Adventure|Comedy,"['Action', 'Adventure', 'Comedy']",3.53,439
34405,16320,Serenity,Science Fiction|Action|Adventure|Thriller,"['Science Fiction', 'Action', 'Adventure', 'Thriller']",3.78,406
2003,927,Gremlins,Fantasy|Horror|Comedy,"['Fantasy', 'Horror', 'Comedy']",3.34,452
47610,1491,The Illusionist,Fantasy|Drama|Thriller|Romance,"['Fantasy', 'Drama', 'Thriller', 'Romance']",3.7,453
77561,10138,Iron Man 2,Adventure|Action|Science Fiction,"['Adventure', 'Action', 'Science Fiction']",3.32,444
2701,8487,Wild Wild West,Action|Adventure|Comedy|Science Fiction|Western,"['Action', 'Adventure', 'Comedy', 'Science Fiction', 'Western']",2.3,474
1876,8656,Deep Impact,Action|Drama|Romance,"['Action', 'Drama', 'Romance']",2.94,445
2763,913,The Thomas Crown Affair,Drama|Crime|Romance,"['Drama', 'Crime', 'Romance']",3.41,397
1242,9665,Glory,War,['War'],3.89,342
151,11780,Rob Roy,Adventure,['Adventure'],3.45,267
225,8984,Disclosure,Drama|Thriller|Crime|Mystery|Romance,"['Drama', 'Thriller', 'Crime', 'Mystery', 'Romance']",3.09,198
4018,3981,What Women Want,Comedy|Romance,"['Comedy', 'Romance']",2.98,480
6870,322,Mystic River,Thriller|Crime|Drama|Mystery,"['Thriller', 'Crime', 'Drama', 'Mystery']",3.74,470
910,239,Some Like It Hot,Comedy|Romance,"['Comedy', 'Romance']",3.99,323
6537,296,Terminator 3: Rise of the Machines,Action|Thriller|Science Fiction,"['Action', 'Thriller', 'Science Fiction']",2.95,467
1690,8078,Alien: Resurrection,Science Fiction|Horror|Action,"['Science Fiction', 'Horror', 'Action']",2.94,419
3421,8469,Animal House,Comedy,['Comedy'],3.75,392
4085,90,Beverly Hills Cop,Action|Comedy|Crime,"['Action', 'Comedy', 'Crime']",3.5,470
69757,19913,(500) Days of Summer,Comedy|Drama|Romance,"['Comedy', 'Drama', 'Romance']",3.57,351
30749,205,Hotel Rwanda,Drama|History|War,"['Drama', 'History', 'War']",3.9,358
3717,9679,Gone in Sixty Seconds,Action|Crime|Thriller,"['Action', 'Crime', 'Thriller']",3.0,460
1909,846,The X Files,Mystery|Science Fiction|Thriller,"['Mystery', 'Science Fiction', 'Thriller']",3.22,390
8784,401,Garden State,Comedy|Drama|Romance,"['Comedy', 'Drama', 'Romance']",3.61,398
1275,8009,Highlander,Adventure|Action|Fantasy,"['Adventure', 'Action', 'Fantasy']",3.54,410
1094,11386,The Crying Game,Romance|Crime|Drama|Thriller,"['Romance', 'Crime', 'Drama', 'Thriller']",3.62,302
33166,1640,Crash,Drama,['Drama'],3.66,443
59369,8681,Taken,Action|Thriller,"['Action', 'Thriller']",3.58,409
1263,11778,The Deer Hunter,Drama|War,"['Drama', 'War']",3.87,396
53125,285,Pirates of the Caribbean: At World's End,Adventure|Fantasy|Action,"['Adventure', 'Fantasy', 'Action']",3.14,432
3671,11072,Blazing Saddles,Western|Comedy,"['Western', 'Comedy']",3.87,388
168,6520,First Knight,Action|Adventure|Drama|Romance,"['Action', 'Adventure', 'Drama', 'Romance']",2.91,287
494,2320,Executive Decision,Action|Adventure|Drama|Thriller,"['Action', 'Adventure', 'Drama', 'Thriller']",3.27,229
1262,5925,The Great Escape,Adventure|Drama|History|Thriller|War,"['Adventure', 'Drama', 'History', 'Thriller', 'War']",4.04,356
59784,9502,Kung Fu Panda,Adventure|Animation|Family|Comedy,"['Adventure', 'Animation', 'Family', 'Comedy']",3.47,371
805,1645,A Time to Kill,Crime|Drama|Thriller,"['Crime', 'Drama', 'Thriller']",3.56,289
76251,23483,Kick-Ass,Action|Crime,"['Action', 'Crime']",3.5,399
112552,244786,Whiplash,Drama,['Drama'],3.97,300
1466,9366,Donnie Brasco,Crime|Drama|Thriller,"['Crime', 'Drama', 'Thriller']",3.78,390
2100,2619,Splash,Comedy|Fantasy|Romance,"['Comedy', 'Fantasy', 'Romance']",3.2,351
1907,10674,Mulan,Animation|Family|Adventure,"['Animation', 'Family', 'Adventure']",3.51,388
4776,2034,Training Day,Action|Crime|Drama|Thriller,"['Action', 'Crime', 'Drama', 'Thriller']",3.56,445
4310,676,Pearl Harbor,History|Romance|War,"['History', 'Romance', 'War']",2.72,468
68237,17431,Moon,Science Fiction|Drama,"['Science Fiction', 'Drama']",3.93,361
87232,49538,X-Men: First Class,Action|Science Fiction|Adventure,"['Action', 'Science Fiction', 'Adventure']",3.6,388
5481,818,Austin Powers in Goldmember,Comedy|Crime|Science Fiction,"['Comedy', 'Crime', 'Science Fiction']",2.83,458
2288,1091,The Thing,Horror|Mystery|Science Fiction,"['Horror', 'Mystery', 'Science Fiction']",3.85,384
112,33542,Rumble in the Bronx,Crime|Action|Comedy|Thriller,"['Crime', 'Action', 'Comedy', 'Thriller']",3.18,244
4816,9398,Zoolander,Comedy,['Comedy'],3.04,436
5902,2757,Adaptation.,Comedy|Crime|Drama,"['Comedy', 'Crime', 'Drama']",3.73,401
2294,8916,Antz,Adventure|Animation|Comedy|Family,"['Adventure', 'Animation', 'Comedy', 'Family']",3.11,444
4975,1903,Vanilla Sky,Drama|Mystery|Romance|Science Fiction|Thriller,"['Drama', 'Mystery', 'Romance', 'Science Fiction', 'Thriller']",3.22,432
8464,9372,Super Size Me,Documentary|Comedy|Drama,"['Documentary', 'Comedy', 'Drama']",3.45,409
98809,49051,The Hobbit: An Unexpected Journey,Adventure|Fantasy|Action,"['Adventure', 'Fantasy', 'Action']",3.59,364
899,872,Singin' in the Rain,Comedy|Music|Romance,"['Comedy', 'Music', 'Romance']",3.98,319
7293,1824,50 First Dates,Comedy|Romance,"['Comedy', 'Romance']",3.18,412
5377,245,About a Boy,Drama|Comedy|Romance,"['Drama', 'Comedy', 'Romance']",3.53,368
1674,9281,Witness,Crime|Drama|Romance|Thriller,"['Crime', 'Drama', 'Romance', 'Thriller']",3.77,331
8361,435,The Day After Tomorrow,Action|Adventure|Science Fiction|Thriller,"['Action', 'Adventure', 'Science Fiction', 'Thriller']",2.92,462
4270,1734,The Mummy Returns,Adventure|Action|Fantasy,"['Adventure', 'Action', 'Fantasy']",2.85,437
3755,2133,The Perfect Storm,Drama,['Drama'],3.04,403
8798,1538,Collateral,Drama|Crime|Thriller,"['Drama', 'Crime', 'Thriller']",3.63,430
57669,8321,In Bruges,Comedy|Drama|Crime,"['Comedy', 'Drama', 'Crime']",3.83,400
1228,1578,Raging Bull,Drama,['Drama'],4.06,337
673,2300,Space Jam,Animation|Comedy|Drama|Family|Fantasy,"['Animation', 'Comedy', 'Drama', 'Family', 'Fantasy']",2.59,345
45499,36668,X-Men: The Last Stand,Adventure|Action|Science Fiction|Thriller,"['Adventure', 'Action', 'Science Fiction', 'Thriller']",3.11,442
3911,13785,Best in Show,Comedy,['Comedy'],3.66,336
783,10545,The Hunchback of Notre Dame,Drama|Animation|Family,"['Drama', 'Animation', 'Family']",3.05,289
64957,4922,The Curious Case of Benjamin Button,Fantasy|Drama|Thriller|Mystery|Romance,"['Fantasy', 'Drama', 'Thriller', 'Mystery', 'Romance']",3.59,386
471,11934,The Hudsucker Proxy,Comedy|Drama,"['Comedy', 'Drama']",3.58,297
44,9312,Mortal Kombat,Action|Fantasy,"['Action', 'Fantasy']",2.62,335
4718,2770,American Pie 2,Comedy|Romance,"['Comedy', 'Romance']",2.7,436
2161,34584,The NeverEnding Story,Drama|Family|Fantasy|Adventure,"['Drama', 'Family', 'Fantasy', 'Adventure']",3.44,408
5956,3131,Gangs of New York,Drama|History|Crime,"['Drama', 'History', 'Crime']",3.51,475
2023,242,The Godfather: Part III,Crime|Drama|Thriller,"['Crime', 'Drama', 'Thriller']",3.36,368
7458,652,Troy,Adventure|Drama|War,"['Adventure', 'Drama', 'War']",3.27,449
34048,74,War of the Worlds,Adventure|Thriller|Science Fiction,"['Adventure', 'Thriller', 'Science Fiction']",3.06,453
31658,4935,Howl's Moving Castle,Fantasy|Animation|Adventure,"['Fantasy', 'Animation', 'Adventure']",3.96,300
5903,7299,Equilibrium,Action|Science Fiction|Thriller,"['Action', 'Science Fiction', 'Thriller']",3.66,400
1884,1878,Fear and Loathing in Las Vegas,Adventure|Drama|Comedy,"['Adventure', 'Drama', 'Comedy']",3.62,425
1059,454,Romeo + Juliet,Drama|Romance,"['Drama', 'Romance']",3.35,342
106920,152601,Her,Romance|Science Fiction|Drama,"['Romance', 'Science Fiction', 'Drama']",3.78,344
3275,8374,The Boondock Saints,Action|Thriller|Crime,"['Action', 'Thriller', 'Crime']",3.75,390
44195,9388,Thank You for Smoking,Comedy|Drama,"['Comedy', 'Drama']",3.68,369
115617,177572,Big Hero 6,Adventure|Family|Animation|Action|Comedy,"['Adventure', 'Family', 'Animation', 'Action', 'Comedy']",3.73,287
376,8987,The River Wild,Action|Adventure|Crime|Thriller,"['Action', 'Adventure', 'Crime', 'Thriller']",3.04,221
1375,157,Star Trek III: The Search for Spock,Science Fiction|Action|Adventure|Thriller,"['Science Fiction', 'Action', 'Adventure', 'Thriller']",3.28,321
96079,37724,Skyfall,Action|Adventure|Thriller,"['Action', 'Adventure', 'Thriller']",3.69,380
55247,5915,Into the Wild,Adventure|Drama,"['Adventure', 'Drama']",3.73,338
8376,8193,Napoleon Dynamite,Comedy,['Comedy'],3.32,422
1372,174,Star Trek VI: The Undiscovered Country,Science Fiction|Action|Adventure|Thriller,"['Science Fiction', 'Action', 'Adventure', 'Thriller']",3.27,313
315,2636,The Specialist,Action|Thriller,"['Action', 'Thriller']",2.67,229
785,11543,Kingpin,Comedy,['Comedy'],3.15,323
5991,1574,Chicago,Action|Comedy|Crime|Drama|Music,"['Action', 'Comedy', 'Crime', 'Drama', 'Music']",3.39,399
1569,8874,My Best Friend's Wedding,Comedy|Romance,"['Comedy', 'Romance']",3.09,334
3752,2123,"Me, Myself & Irene",Comedy,['Comedy'],2.92,412
4643,869,Planet of the Apes,Thriller|Science Fiction|Action|Adventure,"['Thriller', 'Science Fiction', 'Action', 'Adventure']",2.69,462
2278,8195,Ronin,Action|Thriller|Crime|Adventure,"['Action', 'Thriller', 'Crime', 'Adventure']",3.57,385
1597,8834,Conspiracy Theory,Action|Drama|Mystery|Thriller,"['Action', 'Drama', 'Mystery', 'Thriller']",3.22,384
1747,586,Wag the Dog,Comedy|Drama,"['Comedy', 'Drama']",3.49,335
56782,7345,There Will Be Blood,Drama,['Drama'],3.96,386
96610,59967,Looper,Action|Thriller|Science Fiction,"['Action', 'Thriller', 'Science Fiction']",3.6,390
8984,163,Ocean's Twelve,Thriller|Crime,"['Thriller', 'Crime']",3.15,427
3039,1621,Trading Places,Comedy,['Comedy'],3.69,364
53996,1858,Transformers,Adventure|Science Fiction|Action,"['Adventure', 'Science Fiction', 'Action']",2.96,421
515,1245,The Remains of the Day,Drama|Romance,"['Drama', 'Romance']",3.75,201
2694,9032,Big Daddy,Comedy|Drama,"['Comedy', 'Drama']",2.95,382
3255,11287,A League of Their Own,Comedy,['Comedy'],3.51,374
8529,594,The Terminal,Comedy|Drama,"['Comedy', 'Drama']",3.45,409
1921,473,Pi,Mystery|Drama|Thriller,"['Mystery', 'Drama', 'Thriller']",3.61,369
1562,415,Batman & Robin,Action|Crime|Fantasy,"['Action', 'Crime', 'Fantasy']",2.07,433
2761,10386,The Iron Giant,Adventure|Animation|Family|Fantasy|Science Fiction,"['Adventure', 'Animation', 'Family', 'Fantasy', 'Science Fiction']",3.8,349
852,10478,Tin Cup,Comedy|Drama|Romance,"['Comedy', 'Drama', 'Romance']",3.05,270
3702,9659,Mad Max,Adventure|Action|Thriller|Science Fiction,"['Adventure', 'Action', 'Thriller', 'Science Fiction']",3.44,371
1339,6114,Dracula,Romance|Horror,"['Romance', 'Horror']",3.43,365
246,14275,Hoop Dreams,Documentary,['Documentary'],3.88,203
3703,8810,Mad Max 2: The Road Warrior,Adventure|Action|Thriller|Science Fiction,"['Adventure', 'Action', 'Thriller', 'Science Fiction']",3.61,389
1293,783,Gandhi,Drama|History,"['Drama', 'History']",3.86,285
914,11113,My Fair Lady,Drama|Family|Music|Romance,"['Drama', 'Family', 'Music', 'Romance']",3.73,277
79091,20352,Despicable Me,Animation|Family,"['Animation', 'Family']",3.55,357
261,9587,Little Women,Drama|Romance,"['Drama', 'Romance']",3.44,193
4369,9799,The Fast and the Furious,Action|Crime|Thriller,"['Action', 'Crime', 'Thriller']",2.84,406
33004,7453,The Hitchhiker's Guide to the Galaxy,Adventure|Comedy|Family|Science Fiction,"['Adventure', 'Comedy', 'Family', 'Science Fiction']",3.26,418
1994,609,Poltergeist,Horror,['Horror'],3.54,346
45447,591,The Da Vinci Code,Thriller|Mystery,"['Thriller', 'Mystery']",3.05,424
355,888,The Flintstones,Fantasy|Comedy|Family,"['Fantasy', 'Comedy', 'Family']",2.17,294
36529,1830,Lord of War,Crime|Drama|Thriller,"['Crime', 'Drama', 'Thriller']",3.61,363
47099,1402,The Pursuit of Happyness,Drama,['Drama'],3.71,335
5464,4147,Road to Perdition,Thriller|Crime|Drama,"['Thriller', 'Crime', 'Drama']",3.65,426
86332,10195,Thor,Adventure|Fantasy|Action,"['Adventure', 'Fantasy', 'Action']",3.21,357
3489,879,Hook,Adventure|Fantasy|Comedy|Family,"['Adventure', 'Fantasy', 'Comedy', 'Family']",3.09,427
85414,45612,Source Code,Thriller|Science Fiction|Mystery,"['Thriller', 'Science Fiction', 'Mystery']",3.7,353
106487,101299,The Hunger Games: Catching Fire,Adventure|Action|Science Fiction,"['Adventure', 'Action', 'Science Fiction']",3.38,333
2420,1885,The Karate Kid,Drama,['Drama'],3.28,406
3916,10637,Remember the Titans,Drama,['Drama'],3.62,362
2539,9535,Analyze This,Comedy|Crime,"['Comedy', 'Crime']",3.14,384
8641,8699,Anchorman: The Legend of Ron Burgundy,Comedy,['Comedy'],3.43,394
1371,152,Star Trek: The Motion Picture,Science Fiction|Adventure|Mystery,"['Science Fiction', 'Adventure', 'Mystery']",3.1,284
79702,22538,Scott Pilgrim vs. the World,Action|Adventure|Comedy,"['Action', 'Adventure', 'Comedy']",3.57,335
7373,1487,Hellboy,Fantasy|Action|Science Fiction,"['Fantasy', 'Action', 'Science Fiction']",3.32,434
3300,2787,Pitch Black,Thriller|Science Fiction|Action,"['Thriller', 'Science Fiction', 'Action']",3.42,395
1060,10218,Swingers,Comedy|Romance,"['Comedy', 'Romance']",3.73,299
8957,176,Saw,Horror|Mystery|Crime,"['Horror', 'Mystery', 'Crime']",3.23,403
3552,11977,Caddyshack,Comedy,['Comedy'],3.56,350
8622,1777,Fahrenheit 9/11,Documentary,['Documentary'],3.41,378
2541,796,Cruel Intentions,Drama|Romance|Thriller,"['Drama', 'Romance', 'Thriller']",3.2,355
22,1710,Copycat,Drama|Thriller,"['Drama', 'Thriller']",3.11,246
4367,1995,Lara Croft: Tomb Raider,Adventure|Fantasy|Action|Thriller,"['Adventure', 'Fantasy', 'Action', 'Thriller']",2.74,399
7451,10625,Mean Girls,Comedy,['Comedy'],3.37,336
44555,582,The Lives of Others,Drama|Thriller,"['Drama', 'Thriller']",4.07,271
1129,1103,Escape from New York,Science Fiction|Action,"['Science Fiction', 'Action']",3.41,344
46976,1262,Stranger Than Fiction,Comedy|Drama|Fantasy|Romance,"['Comedy', 'Drama', 'Fantasy', 'Romance']",3.64,370
1274,149,Akira,Science Fiction|Animation,"['Science Fiction', 'Animation']",3.86,301
54272,35,The Simpsons Movie,Animation|Comedy|Family,"['Animation', 'Comedy', 'Family']",3.34,381
2002,943,Lethal Weapon 3,Adventure|Action|Comedy|Thriller|Crime,"['Adventure', 'Action', 'Comedy', 'Thriller', 'Crime']",3.17,364
4638,331,Jurassic Park III,Adventure|Action|Thriller|Science Fiction,"['Adventure', 'Action', 'Thriller', 'Science Fiction']",2.64,422
3101,10998,Fatal Attraction,Drama|Romance|Thriller,"['Drama', 'Romance', 'Thriller']",3.3,272
1343,1598,Cape Fear,Crime|Thriller,"['Crime', 'Thriller']",3.55,335
97921,82693,Silver Linings Playbook,Drama|Comedy|Romance,"['Drama', 'Comedy', 'Romance']",3.67,335
30812,2567,The Aviator,Drama,['Drama'],3.52,392
3624,8584,Shanghai Noon,Adventure|Action|Comedy|Western,"['Adventure', 'Action', 'Comedy', 'Western']",3.14,366
3256,9869,Patriot Games,Drama|Action|Thriller|Crime,"['Drama', 'Action', 'Thriller', 'Crime']",3.56,345
2770,11353,Bowfinger,Comedy,['Comedy'],3.03,299
111362,127585,X-Men: Days of Future Past,Action|Adventure|Fantasy|Science Fiction,"['Action', 'Adventure', 'Fantasy', 'Science Fiction']",3.58,318
8972,2059,National Treasure,Adventure|Action|Thriller|Mystery,"['Adventure', 'Action', 'Thriller', 'Mystery']",3.19,425
40819,69,Walk the Line,Drama|Music|Romance,"['Drama', 'Music', 'Romance']",3.66,364
4239,4133,Blow,Crime|Drama,"['Crime', 'Drama']",3.6,388
105,688,The Bridges of Madison County,Drama|Romance,"['Drama', 'Romance']",3.21,209
4223,853,Enemy at the Gates,War,['War'],3.62,368
88129,64690,Drive,Drama|Action|Thriller|Crime,"['Drama', 'Action', 'Thriller', 'Crime']",3.8,352
44665,186,Lucky Number Slevin,Drama|Thriller|Crime|Mystery,"['Drama', 'Thriller', 'Crime', 'Mystery']",3.63,360
2021,841,Dune,Action|Science Fiction|Adventure,"['Action', 'Science Fiction', 'Adventure']",3.29,319
4571,1648,Bill & Ted's Excellent Adventure,Adventure|Comedy|Science Fiction,"['Adventure', 'Comedy', 'Science Fiction']",3.39,369
8950,4553,The Machinist,Thriller|Drama,"['Thriller', 'Drama']",3.67,343
3967,71,Billy Elliot,Drama|Comedy|Music,"['Drama', 'Comedy', 'Music']",3.62,308
3082,36643,The World Is Not Enough,Adventure|Action|Thriller,"['Adventure', 'Action', 'Thriller']",3.08,371
2058,9631,The Negotiator,Action|Adventure|Crime|Drama|Mystery|Thriller,"['Action', 'Adventure', 'Crime', 'Drama', 'Mystery', 'Thriller']",3.47,361
762,9879,Striptease,Drama|Thriller|Crime,"['Drama', 'Thriller', 'Crime']",2.2,249
8949,9675,Sideways,Comedy|Drama|Romance,"['Comedy', 'Drama', 'Romance']",3.64,360
5266,4547,Panic Room,Crime|Drama|Thriller,"['Crime', 'Drama', 'Thriller']",3.19,413
6218,455,Bend It Like Beckham,Comedy|Drama|Romance,"['Comedy', 'Drama', 'Romance']",3.29,314
1918,944,Lethal Weapon 4,Action|Adventure|Comedy|Crime|Thriller,"['Action', 'Adventure', 'Comedy', 'Crime', 'Thriller']",3.05,353
91542,58574,Sherlock Holmes: A Game of Shadows,Adventure|Action|Crime|Mystery,"['Adventure', 'Action', 'Crime', 'Mystery']",3.6,309
3006,9008,The Insider,Drama|Thriller,"['Drama', 'Thriller']",3.85,321
88140,1771,Captain America: The First Avenger,Action|Adventure|Science Fiction,"['Action', 'Adventure', 'Science Fiction']",3.41,344
110102,100402,Captain America: The Winter Soldier,Action|Adventure|Science Fiction,"['Action', 'Adventure', 'Science Fiction']",3.55,304
8533,11036,The Notebook,Romance|Drama,"['Romance', 'Drama']",3.53,298
2124,2907,The Addams Family,Horror|Comedy|Fantasy,"['Horror', 'Comedy', 'Fantasy']",3.19,364
1953,1051,The French Connection,Action|Crime|Thriller,"['Action', 'Crime', 'Thriller']",3.89,292
2160,805,Rosemary's Baby,Horror|Drama|Mystery,"['Horror', 'Drama', 'Mystery']",3.79,313
2336,4518,Elizabeth,Drama|History,"['Drama', 'History']",3.77,277
44199,388,Inside Man,Crime|Drama|Thriller,"['Crime', 'Drama', 'Thriller']",3.8,335
1947,1725,West Side Story,Crime|Drama|Music,"['Crime', 'Drama', 'Music']",3.65,280
45720,350,The Devil Wears Prada,Comedy|Drama|Romance,"['Comedy', 'Drama', 'Romance']",3.27,311
41569,254,King Kong,Adventure|Drama|Action,"['Adventure', 'Drama', 'Action']",3.15,398
2724,4806,Runaway Bride,Comedy|Romance,"['Comedy', 'Romance']",2.69,265
3863,8843,The Cell,Horror|Science Fiction|Thriller,"['Horror', 'Science Fiction', 'Thriller']",2.93,329
724,9100,The Craft,Drama|Fantasy|Horror|Thriller,"['Drama', 'Fantasy', 'Horror', 'Thriller']",2.95,235
1405,3179,Beavis and Butt-Head Do America,Animation|Comedy,"['Animation', 'Comedy']",2.94,301
91658,65754,The Girl with the Dragon Tattoo,Thriller|Crime|Mystery|Drama,"['Thriller', 'Crime', 'Mystery', 'Drama']",3.72,289
1061,819,Sleepers,Crime|Drama|Thriller,"['Crime', 'Drama', 'Thriller']",3.48,263
180,2293,Mallrats,Romance|Comedy,"['Romance', 'Comedy']",3.37,323
1962,403,Driving Miss Daisy,Comedy|Drama,"['Comedy', 'Drama']",3.56,304
2746,10776,Little Shop of Horrors,Horror|Comedy|Music,"['Horror', 'Comedy', 'Music']",3.26,306
2605,1844,Entrapment,Romance|Drama|Mystery,"['Romance', 'Drama', 'Mystery']",3.05,312
97304,68734,Argo,Drama|Thriller,"['Drama', 'Thriller']",3.73,297
4874,167,K-PAX,Drama|Science Fiction,"['Drama', 'Science Fiction']",3.42,345
2490,2112,Payback,Drama|Action|Thriller|Crime,"['Drama', 'Action', 'Thriller', 'Crime']",3.36,318
52973,4964,Knocked Up,Comedy|Romance|Drama,"['Comedy', 'Romance', 'Drama']",3.43,365
31685,8488,Hitch,Comedy|Drama|Romance,"['Comedy', 'Drama', 'Romance']",3.18,350
45,577,To Die For,Fantasy|Drama|Comedy|Thriller,"['Fantasy', 'Drama', 'Comedy', 'Thriller']",3.45,206
102125,68721,Iron Man 3,Action|Adventure|Science Fiction,"['Action', 'Adventure', 'Science Fiction']",3.33,307
3617,9285,Road Trip,Comedy|Adventure,"['Comedy', 'Adventure']",3.05,356
106489,57158,The Hobbit: The Desolation of Smaug,Adventure|Fantasy,"['Adventure', 'Fantasy']",3.5,295
7090,79,Hero,Drama|Adventure|Action|History,"['Drama', 'Adventure', 'Action', 'History']",3.75,356
2427,8741,The Thin Red Line,Drama|History|War,"['Drama', 'History', 'War']",3.39,303
4016,11688,The Emperor's New Groove,Adventure|Animation|Comedy|Family|Fantasy,"['Adventure', 'Animation', 'Comedy', 'Family', 'Fantasy']",3.47,331
441,9571,Dazed and Confused,Comedy|Drama,"['Comedy', 'Drama']",3.58,296
1261,765,Evil Dead II,Horror|Comedy|Fantasy,"['Horror', 'Comedy', 'Fantasy']",3.81,281
1047,11412,The Long Kiss Goodnight,Crime|Action|Mystery|Thriller,"['Crime', 'Action', 'Mystery', 'Thriller']",3.34,276
69481,12162,The Hurt Locker,Drama|Thriller|War,"['Drama', 'Thriller', 'War']",3.63,337
8528,9472,DodgeBall: A True Underdog Story,Comedy,['Comedy'],3.21,411
45517,920,Cars,Animation|Adventure|Comedy|Family,"['Animation', 'Adventure', 'Comedy', 'Family']",3.16,342
2968,36819,Time Bandits,Family|Fantasy|Science Fiction|Adventure|Comedy,"['Family', 'Fantasy', 'Science Fiction', 'Adventure', 'Comedy']",3.57,264
3210,13342,Fast Times at Ridgemont High,Comedy,['Comedy'],3.53,297
1027,8367,Robin Hood: Prince of Thieves,Adventure,['Adventure'],3.23,341
8970,866,Finding Neverland,Drama,['Drama'],3.61,346
2580,9430,Go,Crime|Comedy|Thriller,"['Crime', 'Comedy', 'Thriller']",3.61,268
59615,217,Indiana Jones and the Kingdom of the Crystal Skull,Adventure|Action,"['Adventure', 'Action']",2.81,355
2641,8536,Superman II,Action|Adventure|Fantasy|Science Fiction,"['Action', 'Adventure', 'Fantasy', 'Science Fiction']",3.14,323
1347,377,A Nightmare on Elm Street,Horror,['Horror'],3.41,340
2953,772,Home Alone 2: Lost in New York,Comedy|Family|Adventure|Crime,"['Comedy', 'Family', 'Adventure', 'Crime']",2.6,384
52722,559,Spider-Man 3,Fantasy|Action|Adventure,"['Fantasy', 'Action', 'Adventure']",2.73,360
968,10331,Night of the Living Dead,Horror,['Horror'],3.65,265
97938,87827,Life of Pi,Adventure|Drama|Action,"['Adventure', 'Drama', 'Action']",3.59,302
3510,10559,Frequency,Crime|Drama|Science Fiction|Thriller,"['Crime', 'Drama', 'Science Fiction', 'Thriller']",3.44,319
4361,9576,Tootsie,Comedy|Romance,"['Comedy', 'Romance']",3.59,285
1663,10890,Stripes,Action|Comedy,"['Action', 'Comedy']",3.58,266
2018,3170,Bambi,Animation|Drama|Family,"['Animation', 'Drama', 'Family']",3.42,292
94959,83666,Moonrise Kingdom,Comedy|Drama|Romance,"['Comedy', 'Drama', 'Romance']",3.85,270
51540,1949,Zodiac,Crime|Drama|Mystery|Thriller,"['Crime', 'Drama', 'Mystery', 'Thriller']",3.74,328
1272,11202,Patton,Drama|History|War,"['Drama', 'History', 'War']",4.03,236
2393,200,Star Trek: Insurrection,Science Fiction|Action|Adventure|Thriller,"['Science Fiction', 'Action', 'Adventure', 'Thriller']",3.08,247
2723,9824,Mystery Men,Adventure|Fantasy|Action|Comedy|Science Fiction,"['Adventure', 'Fantasy', 'Action', 'Comedy', 'Science Fiction']",2.95,264
39183,142,Brokeback Mountain,Drama|Romance,"['Drama', 'Romance']",3.42,316
6936,10719,Elf,Comedy|Family|Fantasy,"['Comedy', 'Family', 'Fantasy']",3.36,343
204,3512,Under Siege 2: Dark Territory,Action|Thriller,"['Action', 'Thriller']",2.67,202
30810,421,The Life Aquatic with Steve Zissou,Adventure|Comedy|Drama,"['Adventure', 'Comedy', 'Drama']",3.57,347
6947,8619,Master and Commander: The Far Side of the World,Adventure,['Adventure'],3.57,359
88744,61791,Rise of the Planet of the Apes,Thriller|Action|Drama|Science Fiction,"['Thriller', 'Action', 'Drama', 'Science Fiction']",3.52,324
61323,4944,Burn After Reading,Comedy|Drama,"['Comedy', 'Drama']",3.42,298
224,1909,Don Juan DeMarco,Romance|Drama|Comedy,"['Romance', 'Drama', 'Comedy']",3.23,183
3174,1850,Man on the Moon,Comedy|Drama|Romance,"['Comedy', 'Drama', 'Romance']",3.47,302
4299,9476,A Knight's Tale,Adventure|Drama|Romance|Action,"['Adventure', 'Drama', 'Romance', 'Action']",3.18,359
1042,9591,That Thing You Do!,Comedy|Drama,"['Comedy', 'Drama']",3.31,240
849,10061,Escape from L.A.,Action|Adventure|Science Fiction|Thriller,"['Action', 'Adventure', 'Science Fiction', 'Thriller']",2.67,239
4701,5175,Rush Hour 2,Action|Comedy|Crime|Thriller,"['Action', 'Comedy', 'Crime', 'Thriller']",3.02,369
122892,99861,Avengers: Age of Ultron,Action|Adventure|Science Fiction,"['Action', 'Adventure', 'Science Fiction']",3.39,284
170,10428,Hackers,Action|Crime|Thriller|Drama,"['Action', 'Crime', 'Thriller', 'Drama']",3.11,241
81847,38757,Tangled,Animation|Family,"['Animation', 'Family']",3.57,266
1479,10003,The Saint,Thriller|Action|Romance|Science Fiction|Adventure,"['Thriller', 'Action', 'Romance', 'Science Fiction', 'Adventure']",3.02,304
2908,226,Boys Don't Cry,Crime|Drama,"['Crime', 'Drama']",3.74,262
7445,9509,Man on Fire,Action|Drama|Thriller|Crime,"['Action', 'Drama', 'Thriller', 'Crime']",3.65,315
94864,70981,Prometheus,Science Fiction|Adventure|Mystery,"['Science Fiction', 'Adventure', 'Mystery']",3.24,337
5388,320,Insomnia,Crime|Mystery|Thriller,"['Crime', 'Mystery', 'Thriller']",3.34,340
82459,44264,True Grit,Drama|Adventure|Western,"['Drama', 'Adventure', 'Western']",3.69,307
37729,3933,Corpse Bride,Romance|Fantasy|Animation|Music,"['Romance', 'Fantasy', 'Animation', 'Music']",3.43,305
3826,9383,Hollow Man,Action|Science Fiction|Thriller,"['Action', 'Science Fiction', 'Thriller']",2.55,314
60074,8960,Hancock,Fantasy|Action,"['Fantasy', 'Action']",3.07,333
3988,8871,How the Grinch Stole Christmas,Family|Comedy|Fantasy,"['Family', 'Comedy', 'Fantasy']",2.78,339
3301,2069,The Whole Nine Yards,Comedy|Crime,"['Comedy', 'Crime']",3.23,346
1644,3597,I Know What You Did Last Summer,Horror|Thriller|Mystery,"['Horror', 'Thriller', 'Mystery']",2.45,313
53322,298,Ocean's Thirteen,Crime|Thriller,"['Crime', 'Thriller']",3.27,321
102445,54138,Star Trek Into Darkness,Action|Adventure|Science Fiction,"['Action', 'Adventure', 'Science Fiction']",3.58,296
2949,646,Dr. No,Adventure|Action|Thriller,"['Adventure', 'Action', 'Thriller']",3.62,289
5810,65,8 Mile,Drama,['Drama'],3.2,329
1912,1389,Out of Sight,Romance|Comedy|Crime,"['Romance', 'Comedy', 'Crime']",3.7,270
2232,431,Cube,Thriller|Science Fiction|Mystery,"['Thriller', 'Science Fiction', 'Mystery']",3.46,310
1357,7863,Shine,Drama,['Drama'],3.69,216
2951,391,A Fistful of Dollars,Western,['Western'],3.86,277
1805,617,Wild Things,Crime|Drama|Mystery,"['Crime', 'Drama', 'Mystery']",3.13,318
72641,22881,The Blind Side,Drama,['Drama'],3.57,250
348,11382,Bullets Over Broadway,Action|Comedy|Thriller,"['Action', 'Comedy', 'Thriller']",3.59,188
148626,318846,The Big Short,Comedy|Drama,"['Comedy', 'Drama']",3.98,253
55765,4982,American Gangster,Drama|Crime,"['Drama', 'Crime']",3.69,323
1231,9549,The Right Stuff,Drama|History,"['Drama', 'History']",3.9,227
3108,177,The Fisher King,Comedy|Drama,"['Comedy', 'Drama']",3.68,274
2948,657,From Russia with Love,Action|Thriller|Adventure,"['Action', 'Thriller', 'Adventure']",3.62,285
647,10684,Courage Under Fire,Drama|Thriller|Mystery|War,"['Drama', 'Thriller', 'Mystery', 'War']",3.24,196
115569,242582,Nightcrawler,Crime|Drama|Thriller,"['Crime', 'Drama', 'Thriller']",3.83,265
4734,2294,Jay and Silent Bob Strike Back,Comedy,['Comedy'],3.2,346
2826,1911,The 13th Warrior,Adventure|Fantasy|Action,"['Adventure', 'Fantasy', 'Action']",3.06,264
1831,2157,Lost in Space,Adventure|Family|Science Fiction,"['Adventure', 'Family', 'Science Fiction']",2.49,311
1982,948,Halloween,Horror|Thriller,"['Horror', 'Thriller']",3.62,297
610,11827,Heavy Metal,Animation|Science Fiction,"['Animation', 'Science Fiction']",3.19,191
2722,8914,Deep Blue Sea,Action|Science Fiction|Thriller,"['Action', 'Science Fiction', 'Thriller']",2.61,296
3363,838,American Graffiti,Comedy|Drama,"['Comedy', 'Drama']",3.73,273
1093,10537,The Doors,Drama|Music,"['Drama', 'Music']",3.32,244
112183,194662,Birdman,Drama|Comedy,"['Drama', 'Comedy']",3.68,280
1590,8413,Event Horizon,Horror|Science Fiction|Mystery,"['Horror', 'Science Fiction', 'Mystery']",2.95,302
6281,1817,Phone Booth,Thriller|Drama,"['Thriller', 'Drama']",3.27,362
68319,2080,X-Men Origins: Wolverine,Adventure|Action|Thriller|Science Fiction,"['Adventure', 'Action', 'Thriller', 'Science Fiction']",2.93,294
34319,1635,The Island,Action|Thriller|Science Fiction|Adventure,"['Action', 'Thriller', 'Science Fiction', 'Adventure']",3.29,342
61132,7446,Tropic Thunder,Action|Comedy,"['Action', 'Comedy']",3.28,326
106696,109445,Frozen,Animation|Adventure|Family,"['Animation', 'Adventure', 'Family']",3.38,252
6188,11635,Old School,Comedy,['Comedy'],3.4,341
3386,820,JFK,Drama|Thriller|History,"['Drama', 'Thriller', 'History']",3.66,283
38061,5236,Kiss Kiss Bang Bang,Action|Comedy|Crime|Mystery,"['Action', 'Comedy', 'Crime', 'Mystery']",3.69,308
4344,9705,Swordfish,Action|Crime|Thriller,"['Action', 'Crime', 'Thriller']",2.95,355
2881,10398,Double Jeopardy,Crime|Drama|Mystery|Thriller,"['Crime', 'Drama', 'Mystery', 'Thriller']",3.06,221
719,9304,Multiplicity,Comedy|Fantasy|Science Fiction,"['Comedy', 'Fantasy', 'Science Fiction']",2.68,194
247,1024,Heavenly Creatures,Drama|Fantasy,"['Drama', 'Fantasy']",3.79,205
1911,3050,Doctor Dolittle,Comedy|Family|Fantasy,"['Comedy', 'Family', 'Fantasy']",2.52,266
193,10802,Showgirls,Drama,['Drama'],2.21,213
2020,859,Dangerous Liaisons,Drama|Romance,"['Drama', 'Romance']",3.94,207
5630,9533,Red Dragon,Crime|Thriller|Horror,"['Crime', 'Thriller', 'Horror']",3.52,352
30825,693,Meet the Fockers,Comedy|Romance,"['Comedy', 'Romance']",2.91,337
139385,281957,The Revenant,Western|Drama|Adventure|Thriller,"['Western', 'Drama', 'Adventure', 'Thriller']",3.76,251
1373,172,Star Trek V: The Final Frontier,Science Fiction|Action|Adventure|Thriller,"['Science Fiction', 'Action', 'Adventure', 'Thriller']",2.87,230
6953,470,21 Grams,Drama|Crime|Thriller,"['Drama', 'Crime', 'Thriller']",3.54,299
5219,1576,Resident Evil,Horror|Action|Science Fiction,"['Horror', 'Action', 'Science Fiction']",3.08,331
63113,10764,Quantum of Solace,Adventure|Action|Thriller|Crime,"['Adventure', 'Action', 'Thriller', 'Crime']",3.2,320
3698,865,The Running Man,Action|Science Fiction,"['Action', 'Science Fiction']",3.24,296
1717,4233,Scream 2,Horror|Mystery,"['Horror', 'Mystery']",2.6,311
3409,9532,Final Destination,Horror,['Horror'],3.02,318
1587,9387,Conan the Barbarian,Adventure|Fantasy|Action,"['Adventure', 'Fantasy', 'Action']",3.27,319
8783,6947,The Village,Drama|Mystery|Thriller,"['Drama', 'Mystery', 'Thriller']",3.18,328
4446,2114,Final Fantasy: The Spirits Within,Adventure|Action|Animation|Fantasy|Science Fiction|Thriller,"['Adventure', 'Action', 'Animation', 'Fantasy', 'Science Fiction', 'Thriller']",3.11,280
6534,1927,Hulk,Drama|Action|Science Fiction,"['Drama', 'Action', 'Science Fiction']",2.55,359
5444,11544,Lilo & Stitch,Animation|Family,"['Animation', 'Family']",3.41,300
2403,1368,First Blood,Action|Adventure|Thriller|War,"['Action', 'Adventure', 'Thriller', 'War']",3.59,322
5254,36586,Blade II,Fantasy|Horror|Action|Thriller,"['Fantasy', 'Horror', 'Action', 'Thriller']",3.08,340
2064,1779,Roger & Me,Documentary|History,"['Documentary', 'History']",3.84,218
33615,953,Madagascar,Family|Animation,"['Family', 'Animation']",3.21,289
2313,1955,The Elephant Man,Drama|History,"['Drama', 'History']",3.93,247
3555,3536,U-571,Action|Drama|Thriller|War,"['Action', 'Drama', 'Thriller', 'War']",3.19,277
3556,1443,The Virgin Suicides,Drama|Romance,"['Drama', 'Romance']",3.47,266
3005,9481,The Bone Collector,Drama|Mystery|Thriller|Crime,"['Drama', 'Mystery', 'Thriller', 'Crime']",3.13,285
74789,12155,Alice in Wonderland,Family|Fantasy|Adventure,"['Family', 'Fantasy', 'Adventure']",2.85,266
1020,864,Cool Runnings,Comedy,['Comedy'],3.23,261
4641,1548,Ghost World,Comedy|Drama,"['Comedy', 'Drama']",3.58,261
106100,152532,Dallas Buyers Club,Drama|History,"['Drama', 'History']",3.84,235
5872,36669,Die Another Day,Adventure|Action|Thriller,"['Adventure', 'Action', 'Thriller']",2.99,340
97913,82690,Wreck-It Ralph,Family|Animation|Comedy|Adventure,"['Family', 'Animation', 'Comedy', 'Adventure']",3.57,252
102903,75656,Now You See Me,Thriller|Crime,"['Thriller', 'Crime']",3.47,259
2231,10220,Rounders,Drama|Crime,"['Drama', 'Crime']",3.6,290
1077,11561,Sleeper,Comedy|Romance|Science Fiction,"['Comedy', 'Romance', 'Science Fiction']",3.76,195
58998,9870,Forgetting Sarah Marshall,Comedy|Romance|Drama,"['Comedy', 'Romance', 'Drama']",3.43,284
1960,746,The Last Emperor,Drama|History,"['Drama', 'History']",3.8,224
1680,10215,Sliding Doors,Comedy|Drama|Fantasy|Romance,"['Comedy', 'Drama', 'Fantasy', 'Romance']",3.48,216
2394,9837,The Prince of Egypt,Adventure|Animation|Drama|Family|Music,"['Adventure', 'Animation', 'Drama', 'Family', 'Music']",3.27,221
327,9067,Tank Girl,Action|Comedy|Fantasy|Science Fiction,"['Action', 'Comedy', 'Fantasy', 'Science Fiction']",2.74,192
54259,2270,Stardust,Adventure|Fantasy|Romance|Family,"['Adventure', 'Fantasy', 'Romance', 'Family']",3.64,273
53972,1571,Live Free or Die Hard,Action|Thriller,"['Action', 'Thriller']",3.33,311
6754,277,Underworld,Fantasy|Action|Thriller,"['Fantasy', 'Action', 'Thriller']",3.22,333
108932,137106,The Lego Movie,Adventure|Animation|Comedy|Family|Fantasy,"['Adventure', 'Animation', 'Comedy', 'Family', 'Fantasy']",3.51,258
54997,5176,3:10 to Yuma,Western,['Western'],3.7,290
3285,1907,The Beach,Drama|Adventure|Romance|Thriller,"['Drama', 'Adventure', 'Romance', 'Thriller']",3.02,317
2335,10663,The Waterboy,Comedy,['Comedy'],2.74,321
1037,10163,The Lawnmower Man,Horror|Thriller|Science Fiction,"['Horror', 'Thriller', 'Science Fiction']",2.61,227
1586,4421,G.I. Jane,Action|Drama,"['Action', 'Drama']",2.93,262
1186,1412,"Sex, Lies, and Videotape",Drama,['Drama'],3.53,192
93510,64688,21 Jump Street,Action|Comedy|Crime,"['Action', 'Comedy', 'Crime']",3.4,265
86882,59436,Midnight in Paris,Fantasy|Comedy|Romance,"['Fantasy', 'Comedy', 'Romance']",3.6,242
215,76,Before Sunrise,Drama|Romance,"['Drama', 'Romance']",3.79,211
89492,60308,Moneyball,Drama,['Drama'],3.76,261
3273,4234,Scream 3,Horror|Mystery,"['Horror', 'Mystery']",2.38,274
64839,12163,The Wrestler,Drama|Romance,"['Drama', 'Romance']",3.74,291
800,26748,Lone Star,Drama|Mystery|Romance,"['Drama', 'Mystery', 'Romance']",3.87,163
303,12106,The Quick and the Dead,Action|Western,"['Action', 'Western']",2.94,212
66097,14836,Coraline,Animation|Family,"['Animation', 'Family']",3.64,244
6541,8698,The League of Extraordinary Gentlemen,Fantasy|Action|Thriller|Science Fiction,"['Fantasy', 'Action', 'Thriller', 'Science Fiction']",2.61,353
2431,10312,Patch Adams,Comedy|Drama,"['Comedy', 'Drama']",2.97,279
2707,1073,Arlington Road,Drama|Thriller|Mystery,"['Drama', 'Thriller', 'Mystery']",3.37,219
8917,3989,Team America: World Police,Music|Adventure|Animation|Action|Comedy,"['Music', 'Adventure', 'Animation', 'Action', 'Comedy']",3.35,326
5673,8051,Punch-Drunk Love,Comedy|Drama|Romance,"['Comedy', 'Drama', 'Romance']",3.48,283
3969,10647,Pay It Forward,Drama|Romance,"['Drama', 'Romance']",3.3,282
116823,131631,The Hunger Games: Mockingjay - Part 1,Science Fiction|Adventure|Thriller,"['Science Fiction', 'Adventure', 'Thriller']",3.28,255
81562,44115,127 Hours,Adventure|Drama|Thriller,"['Adventure', 'Drama', 'Thriller']",3.61,257
122900,102899,Ant-Man,Science Fiction|Action|Adventure,"['Science Fiction', 'Action', 'Adventure']",3.42,252
3354,2067,Mission to Mars,Science Fiction,['Science Fiction'],2.62,259
1952,3116,Midnight Cowboy,Drama,['Drama'],3.87,224
57368,7191,Cloverfield,Action|Thriller|Science Fiction,"['Action', 'Thriller', 'Science Fiction']",3.28,311
1378,11967,Young Guns,Crime|Action|Adventure|Drama|Western,"['Crime', 'Action', 'Adventure', 'Drama', 'Western']",3.2,245
3798,2655,What Lies Beneath,Drama|Horror|Mystery|Thriller,"['Drama', 'Horror', 'Mystery', 'Thriller']",3.12,274
3396,11176,The Muppet Movie,Adventure|Comedy|Family,"['Adventure', 'Comedy', 'Family']",3.68,216
93840,22970,The Cabin in the Woods,Horror|Thriller,"['Horror', 'Thriller']",3.66,267
4235,55,Amores perros,Drama|Thriller,"['Drama', 'Thriller']",3.82,207
72011,22947,Up in the Air,Drama|Romance,"['Drama', 'Romance']",3.62,268
5064,11362,The Count of Monte Cristo,Action|Adventure|Drama|Thriller,"['Action', 'Adventure', 'Drama', 'Thriller']",3.57,276
91630,56292,Mission: Impossible - Ghost Protocol,Action|Thriller|Adventure,"['Action', 'Thriller', 'Adventure']",3.63,259
3317,11004,Wonder Boys,Comedy|Drama,"['Comedy', 'Drama']",3.7,234
2795,11153,National Lampoon's Vacation,Comedy|Adventure|Romance,"['Comedy', 'Adventure', 'Romance']",3.67,232
122920,271110,Captain America: Civil War,Adventure|Action|Science Fiction,"['Adventure', 'Action', 'Science Fiction']",3.55,240
95167,62177,Brave,Animation|Adventure|Comedy|Family|Action|Fantasy,"['Animation', 'Adventure', 'Comedy', 'Family', 'Action', 'Fantasy']",3.45,257
2391,10223,A Simple Plan,Drama|Crime|Thriller,"['Drama', 'Crime', 'Thriller']",3.64,253
3257,619,The Bodyguard,Thriller|Action|Drama|Music|Romance,"['Thriller', 'Action', 'Drama', 'Music', 'Romance']",2.72,258
96821,84892,The Perks of Being a Wallflower,Drama|Romance,"['Drama', 'Romance']",3.68,210
4019,711,Finding Forrester,Drama,['Drama'],3.47,280
1957,9443,Chariots of Fire,Drama|History,"['Drama', 'History']",3.57,179
1104,702,A Streetcar Named Desire,Drama,['Drama'],3.96,166
5013,5279,Gosford Park,Drama|Mystery|Thriller,"['Drama', 'Mystery', 'Thriller']",3.57,247
1801,9313,The Man in the Iron Mask,Action|Adventure|Drama,"['Action', 'Adventure', 'Drama']",2.96,278
6323,2832,Identity,Mystery|Thriller,"['Mystery', 'Thriller']",3.45,313
95510,1930,The Amazing Spider-Man,Action|Adventure|Fantasy,"['Action', 'Adventure', 'Fantasy']",3.12,263
4015,8859,"Dude, Where’s My Car?",Comedy,['Comedy'],2.45,284
1095,9504,Glengarry Glen Ross,Crime|Drama|Mystery,"['Crime', 'Drama', 'Mystery']",3.76,247
4901,1535,Spy Game,Action|Crime|Thriller,"['Action', 'Crime', 'Thriller']",3.4,270
2359,10162,Waking Ned,Comedy|Romance,"['Comedy', 'Romance']",3.66,191
128360,273248,The Hateful Eight,Crime|Drama|Mystery|Western,"['Crime', 'Drama', 'Mystery', 'Western']",3.71,211
103249,72190,World War Z,Action|Drama|Horror|Science Fiction|Thriller,"['Action', 'Drama', 'Horror', 'Science Fiction', 'Thriller']",3.2,269
63992,8966,Twilight,Adventure|Fantasy|Drama|Romance,"['Adventure', 'Fantasy', 'Drama', 'Romance']",2.39,224
1779,10153,Sphere,Science Fiction,['Science Fiction'],2.75,273
72226,10315,Fantastic Mr. Fox,Adventure|Animation|Comedy|Family,"['Adventure', 'Animation', 'Comedy', 'Family']",3.71,229
830,2925,The First Wives Club,Comedy,['Comedy'],2.83,163
4890,9889,Shallow Hal,Comedy|Romance,"['Comedy', 'Romance']",2.77,302
2378,9336,Police Academy,Comedy|Crime,"['Comedy', 'Crime']",2.99,266
4105,764,The Evil Dead,Horror,['Horror'],3.58,265
1296,11257,A Room with a View,Drama|Romance,"['Drama', 'Romance']",3.76,136
2010,19,Metropolis,Drama|Science Fiction,"['Drama', 'Science Fiction']",3.99,217
46972,1593,Night at the Museum,Action|Adventure|Comedy|Family|Fantasy,"['Action', 'Adventure', 'Comedy', 'Family', 'Fantasy']",2.87,301
40629,4348,Pride & Prejudice,Drama|Romance,"['Drama', 'Romance']",3.62,203
3424,925,Do the Right Thing,Drama,['Drama'],3.78,216
2340,297,Meet Joe Black,Fantasy|Drama|Mystery,"['Fantasy', 'Drama', 'Mystery']",3.25,270
41997,612,Munich,Drama|Action|History|Thriller,"['Drama', 'Action', 'History', 'Thriller']",3.67,285
5945,2755,About Schmidt,Drama|Comedy,"['Drama', 'Comedy']",3.37,267
80549,37735,Easy A,Comedy,['Comedy'],3.49,226
1499,9360,Anaconda,Adventure|Horror|Thriller,"['Adventure', 'Horror', 'Thriller']",2.08,295
60,11359,The Indian in the Cupboard,Adventure|Family|Fantasy,"['Adventure', 'Family', 'Fantasy']",2.86,159
5507,7451,xXx,Action|Adventure|Thriller,"['Action', 'Adventure', 'Thriller']",2.69,319
46723,1164,Babel,Drama,['Drama'],3.42,269
6155,9919,How to Lose a Guy in 10 Days,Comedy|Romance,"['Comedy', 'Romance']",2.86,246
2485,10314,She's All That,Comedy|Romance,"['Comedy', 'Romance']",2.75,202
1945,654,On the Waterfront,Crime|Drama,"['Crime', 'Drama']",4.02,182
1965,13820,Repo Man,Comedy|Crime|Science Fiction|Thriller,"['Comedy', 'Crime', 'Science Fiction', 'Thriller']",3.44,182
53000,1562,28 Weeks Later,Horror|Thriller|Science Fiction,"['Horror', 'Thriller', 'Science Fiction']",3.39,250
2125,9454,Ever After: A Cinderella Story,Drama|Romance|Comedy,"['Drama', 'Romance', 'Comedy']",3.49,193
866,9303,Bound,Crime|Drama|Romance|Thriller,"['Crime', 'Drama', 'Romance', 'Thriller']",3.66,208
88810,50014,The Help,Drama,['Drama'],3.65,217
1438,9619,Dante's Peak,Action|Adventure|Thriller,"['Action', 'Adventure', 'Thriller']",2.69,259
4128,1547,The Lost Boys,Horror|Comedy,"['Horror', 'Comedy']",3.52,262
5574,4108,The Transporter,Action|Crime|Thriller,"['Action', 'Crime', 'Thriller']",3.22,295
45186,956,Mission: Impossible III,Adventure|Action|Thriller,"['Adventure', 'Action', 'Thriller']",3.19,291
3704,9355,Mad Max Beyond Thunderdome,Action|Adventure|Science Fiction,"['Action', 'Adventure', 'Science Fiction']",3.07,258
64969,10201,Yes Man,Comedy,['Comedy'],3.26,245
562,11446,Welcome to the Dollhouse,Comedy|Drama,"['Comedy', 'Drama']",3.7,186
117529,135397,Jurassic World,Action|Adventure|Science Fiction|Thriller,"['Action', 'Adventure', 'Science Fiction', 'Thriller']",3.15,251
743,10535,Spy Hard,Action|Comedy,"['Action', 'Comedy']",2.47,169
8371,2789,The Chronicles of Riddick,Action|Science Fiction,"['Action', 'Science Fiction']",3.22,292
2428,9276,The Faculty,Horror|Mystery|Science Fiction,"['Horror', 'Mystery', 'Science Fiction']",2.81,224
72378,14161,2012,Action|Adventure|Science Fiction,"['Action', 'Adventure', 'Science Fiction']",2.66,260
3504,10774,Network,Drama,['Drama'],4.02,221
38038,533,The Curse of the Were-Rabbit,Adventure|Animation|Comedy|Family,"['Adventure', 'Animation', 'Comedy', 'Family']",3.59,244
97752,83542,Cloud Atlas,Drama|Science Fiction,"['Drama', 'Science Fiction']",3.41,234
48738,1523,The Last King of Scotland,Drama,['Drama'],3.75,248
1350,794,The Omen,Horror|Thriller,"['Horror', 'Thriller']",3.54,226
954,3083,Mr. Smith Goes to Washington,Comedy|Drama,"['Comedy', 'Drama']",3.94,193
61024,10189,Pineapple Express,Action|Comedy,"['Action', 'Comedy']",3.31,253
3745,7450,Titan A.E.,Animation|Action|Science Fiction|Family|Adventure,"['Animation', 'Action', 'Science Fiction', 'Family', 'Adventure']",3.2,232
1019,173,"20,000 Leagues Under the Sea",Adventure|Drama|Science Fiction,"['Adventure', 'Drama', 'Science Fiction']",3.51,157
2616,8592,Dick Tracy,Adventure|Action|Comedy|Thriller|Crime,"['Adventure', 'Action', 'Comedy', 'Thriller', 'Crime']",2.71,256
1449,16448,Waiting for Guffman,Music|Comedy,"['Music', 'Comedy']",3.74,176
7323,338,"Good bye, Lenin!",Comedy|Drama|Romance,"['Comedy', 'Drama', 'Romance']",3.7,178
33660,921,Cinderella Man,Romance|Drama|History,"['Romance', 'Drama', 'History']",3.73,224
31410,613,Downfall,Drama|History|War,"['Drama', 'History', 'War']",3.91,212
73321,20504,The Book of Eli,Action|Thriller|Science Fiction,"['Action', 'Thriller', 'Science Fiction']",3.34,242
909,284,The Apartment,Comedy|Drama|Romance,"['Comedy', 'Drama', 'Romance']",3.97,177
3697,169,Predator 2,Science Fiction|Action|Thriller,"['Science Fiction', 'Action', 'Thriller']",2.77,275
1209,335,Once Upon a Time in the West,Western,['Western'],3.96,205
7360,924,Dawn of the Dead,Fantasy|Horror|Action,"['Fantasy', 'Horror', 'Action']",3.44,289
2600,1946,eXistenZ,Action|Thriller|Science Fiction|Horror,"['Action', 'Thriller', 'Science Fiction', 'Horror']",3.29,235
60040,1724,The Incredible Hulk,Science Fiction|Action|Adventure,"['Science Fiction', 'Action', 'Adventure']",3.08,283
2067,907,Doctor Zhivago,Drama|Romance|War,"['Drama', 'Romance', 'War']",3.71,175
532,11592,Serial Mom,Comedy|Crime|Horror|Thriller,"['Comedy', 'Crime', 'Horror', 'Thriller']",2.92,152
88163,50646,"Crazy, Stupid, Love.",Comedy|Drama|Romance,"['Comedy', 'Drama', 'Romance']",3.55,219
118696,122917,The Hobbit: The Battle of the Five Armies,Action|Adventure|Fantasy,"['Action', 'Adventure', 'Fantasy']",3.44,215
14,10858,Nixon,History|Drama,"['History', 'Drama']",3.43,122
1411,10549,Hamlet,Drama,['Drama'],3.67,150
5225,1391,Y Tu Mamá También,Drama|Romance,"['Drama', 'Romance']",3.73,205
3740,6978,Big Trouble in Little China,Action|Adventure|Comedy|Fantasy,"['Action', 'Adventure', 'Comedy', 'Fantasy']",3.45,253
3882,1588,Bring It On,Comedy,['Comedy'],2.81,232
2686,14283,The Red Violin,Drama|Thriller|Mystery|Music|Romance,"['Drama', 'Thriller', 'Mystery', 'Music', 'Romance']",3.88,157
2688,2275,The General's Daughter,Crime|Drama|Mystery|Thriller,"['Crime', 'Drama', 'Mystery', 'Thriller']",2.9,194
95441,72105,Ted,Comedy|Fantasy,"['Comedy', 'Fantasy']",3.05,235
6979,860,WarGames,Thriller|Science Fiction,"['Thriller', 'Science Fiction']",3.64,258
3087,9647,Scrooged,Fantasy|Comedy|Drama,"['Fantasy', 'Comedy', 'Drama']",3.42,236
6503,9471,Charlie's Angels: Full Throttle,Action|Adventure|Comedy,"['Action', 'Adventure', 'Comedy']",2.36,290
86880,1865,Pirates of the Caribbean: On Stranger Tides,Adventure|Action|Fantasy,"['Adventure', 'Action', 'Fantasy']",3.08,224
3827,5551,Space Cowboys,Action|Adventure|Thriller,"['Action', 'Adventure', 'Thriller']",2.87,247
3157,10137,Stuart Little,Animation|Fantasy|Family|Comedy,"['Animation', 'Fantasy', 'Family', 'Comedy']",2.75,228
142488,314365,Spotlight,Drama|Thriller|History,"['Drama', 'Thriller', 'History']",4.04,201
2739,873,The Color Purple,Drama,['Drama'],3.65,180
105844,76203,12 Years a Slave,Drama|History,"['Drama', 'History']",3.82,217
18,5,Four Rooms,Crime|Comedy,"['Crime', 'Comedy']",3.23,214
637,9099,Sgt. Bilko,Comedy|Family,"['Comedy', 'Family']",2.58,120
546,9607,Super Mario Bros.,Adventure|Comedy|Family|Fantasy,"['Adventure', 'Comedy', 'Family', 'Fantasy']",1.85,181
379,8831,Timecop,Thriller|Science Fiction|Action|Crime,"['Thriller', 'Science Fiction', 'Action', 'Crime']",2.66,230
1591,10336,Spawn,Action|Adventure|Fantasy|Horror|Science Fiction|Thriller,"['Action', 'Adventure', 'Fantasy', 'Horror', 'Science Fiction', 'Thriller']",2.5,232
3986,8452,The 6th Day,Science Fiction,['Science Fiction'],2.89,244
8807,11282,Harold & Kumar Go to White Castle,Comedy|Adventure,"['Comedy', 'Adventure']",3.22,274
101864,75612,Oblivion,Action|Science Fiction|Adventure|Mystery,"['Action', 'Science Fiction', 'Adventure', 'Mystery']",3.5,218
81564,38055,Megamind,Animation|Action|Comedy|Family|Science Fiction,"['Animation', 'Action', 'Comedy', 'Family', 'Science Fiction']",3.43,210
45672,9339,Click,Comedy|Drama|Fantasy|Romance,"['Comedy', 'Drama', 'Fantasy', 'Romance']",2.7,241
5528,9357,One Hour Photo,Horror|Thriller,"['Horror', 'Thriller']",3.23,271
5954,1429,25th Hour,Crime|Drama,"['Crime', 'Drama']",3.7,246
1835,795,City of Angels,Drama|Fantasy|Romance,"['Drama', 'Fantasy', 'Romance']",3.11,260
4007,10673,Wall Street,Crime|Drama,"['Crime', 'Drama']",3.51,257
106072,76338,Thor: The Dark World,Action|Adventure|Fantasy,"['Action', 'Adventure', 'Fantasy']",3.13,223
94777,41154,Men in Black 3,Action|Comedy|Science Fiction,"['Action', 'Comedy', 'Science Fiction']",3.17,230
104879,146233,Prisoners,Drama|Thriller|Crime,"['Drama', 'Thriller', 'Crime']",3.81,203
4232,10054,Spy Kids,Action|Comedy|Family|Adventure,"['Action', 'Comedy', 'Family', 'Adventure']",2.61,236
90405,49530,In Time,Action|Thriller|Science Fiction,"['Action', 'Thriller', 'Science Fiction']",3.3,223
1635,68924,The Ice Storm,Drama,['Drama'],3.75,195
7444,10096,13 Going on 30,Comedy|Fantasy|Romance,"['Comedy', 'Fantasy', 'Romance']",2.89,208
60072,8909,Wanted,Action|Thriller|Crime,"['Action', 'Thriller', 'Crime']",3.21,263
3113,9946,End of Days,Action|Fantasy|Horror|Mystery,"['Action', 'Fantasy', 'Horror', 'Mystery']",2.59,245
2384,9447,Babe: Pig in the City,Adventure|Comedy|Drama|Family|Fantasy,"['Adventure', 'Comedy', 'Drama', 'Family', 'Fantasy']",2.77,187
103228,68726,Pacific Rim,Action|Science Fiction|Adventure,"['Action', 'Science Fiction', 'Adventure']",3.21,245
1100,2119,Days of Thunder,Adventure,['Adventure'],2.74,222
1556,1639,Speed 2: Cruise Control,Action|Adventure|Thriller,"['Action', 'Adventure', 'Thriller']",1.74,246
82461,20526,TRON: Legacy,Adventure|Action|Science Fiction,"['Adventure', 'Action', 'Science Fiction']",3.13,228
6383,584,2 Fast 2 Furious,Action|Crime|Thriller,"['Action', 'Crime', 'Thriller']",2.45,234
81229,39514,RED,Action|Adventure|Comedy|Crime|Thriller,"['Action', 'Adventure', 'Comedy', 'Crime', 'Thriller']",3.48,233
3186,3558,"Girl, Interrupted",Drama,['Drama'],3.45,234
3825,6282,Coyote Ugly,Comedy,['Comedy'],2.59,278
6565,4464,Seabiscuit,Drama|History,"['Drama', 'History']",3.37,242
2471,9396,Crocodile Dundee II,Adventure|Comedy,"['Adventure', 'Comedy']",2.59,225
2402,1369,Rambo: First Blood Part II,Action|Adventure|Thriller|War,"['Action', 'Adventure', 'Thriller', 'War']",3.02,220
5015,1365,Monster's Ball,Drama|Romance,"['Drama', 'Romance']",3.45,237
37733,59,A History of Violence,Drama|Thriller|Crime,"['Drama', 'Thriller', 'Crime']",3.57,285
4023,5994,The Family Man,Comedy|Drama|Romance|Fantasy,"['Comedy', 'Drama', 'Romance', 'Fantasy']",3.22,226
103253,68724,Elysium,Science Fiction|Action|Drama|Thriller,"['Science Fiction', 'Action', 'Drama', 'Thriller']",3.17,235
382,10395,Wolf,Fantasy,['Fantasy'],2.85,182
4865,768,From Hell,Horror|Mystery|Thriller,"['Horror', 'Mystery', 'Thriller']",3.26,259
79,9623,The Juror,Drama|Thriller,"['Drama', 'Thriller']",2.54,99
3104,9013,Midnight Run,Adventure|Comedy|Crime,"['Adventure', 'Comedy', 'Crime']",3.75,183
2528,10803,Logan's Run,Adventure|Action|Romance|Science Fiction,"['Adventure', 'Action', 'Romance', 'Science Fiction']",3.28,168
1283,288,High Noon,Western,['Western'],4.0,189
880,9306,The Island of Dr. Moreau,Fantasy|Horror|Science Fiction,"['Fantasy', 'Horror', 'Science Fiction']",2.32,171
117176,266856,The Theory of Everything,Drama|Romance,"['Drama', 'Romance']",3.66,185
4069,2018,The Wedding Planner,Comedy,['Comedy'],2.42,219
8958,1677,Ray,Drama|Music,"['Drama', 'Music']",3.62,254
3869,37137,The Naked Gun 2½: The Smell of Fear,Comedy|Crime,"['Comedy', 'Crime']",3.19,252
31878,9470,Kung Fu Hustle,Action|Comedy|Crime|Fantasy,"['Action', 'Comedy', 'Crime', 'Fantasy']",3.68,241
4700,9880,The Princess Diaries,Comedy|Family|Romance,"['Comedy', 'Family', 'Romance']",2.92,202
112175,82702,How to Train Your Dragon 2,Fantasy|Action|Adventure|Animation|Comedy|Family,"['Fantasy', 'Action', 'Adventure', 'Animation', 'Comedy', 'Family']",3.59,182
374,11011,Ri¢hie Ri¢h,Comedy|Family,"['Comedy', 'Family']",2.21,178
2991,253,Live and Let Die,Adventure|Action|Thriller,"['Adventure', 'Action', 'Thriller']",3.4,208
103042,49521,Man of Steel,Action|Adventure|Fantasy|Science Fiction,"['Action', 'Adventure', 'Fantasy', 'Science Fiction']",3.06,240
1894,6068,Six Days Seven Nights,Action|Adventure|Comedy|Romance,"['Action', 'Adventure', 'Comedy', 'Romance']",2.75,228
5617,11013,Secretary,Comedy|Drama|Romance,"['Comedy', 'Drama', 'Romance']",3.64,206
8810,395,AVP: Alien vs. Predator,Adventure|Science Fiction|Action,"['Adventure', 'Science Fiction', 'Action']",2.62,259
928,223,Rebecca,Drama|Mystery,"['Drama', 'Mystery']",3.93,157
1125,11843,The Return of the Pink Panther,Comedy,['Comedy'],3.48,160
46530,1452,Superman Returns,Adventure|Fantasy|Action|Science Fiction,"['Adventure', 'Fantasy', 'Action', 'Science Fiction']",2.83,280
6957,10147,Bad Santa,Drama|Comedy|Crime,"['Drama', 'Comedy', 'Crime']",3.34,268
112623,119450,Dawn of the Planet of the Apes,Science Fiction|Action|Drama|Thriller,"['Science Fiction', 'Action', 'Drama', 'Thriller']",3.44,219
2840,10307,Stigmata,Horror,['Horror'],2.87,195
3462,3082,Modern Times,Drama|Comedy,"['Drama', 'Comedy']",3.96,150
111360,240832,Lucy,Action|Science Fiction,"['Action', 'Science Fiction']",2.99,215
2803,9944,The Pelican Brief,Drama|Mystery|Thriller|Crime,"['Drama', 'Mystery', 'Thriller', 'Crime']",3.14,240
58803,8065,21,Drama|Crime,"['Drama', 'Crime']",3.29,197
87869,51540,Horrible Bosses,Comedy|Crime,"['Comedy', 'Crime']",3.09,225
89864,40807,50/50,Comedy|Drama,"['Comedy', 'Drama']",3.65,198
44022,950,Ice Age: The Meltdown,Animation|Family|Comedy|Adventure,"['Animation', 'Family', 'Comedy', 'Adventure']",3.02,233
8638,80,Before Sunset,Drama|Romance,"['Drama', 'Romance']",3.86,194
84954,38050,The Adjustment Bureau,Science Fiction|Thriller|Romance,"['Science Fiction', 'Thriller', 'Romance']",3.42,221
1589,2142,Cop Land,Action|Crime|Drama,"['Action', 'Crime', 'Drama']",3.2,206
4388,4248,Scary Movie 2,Comedy,['Comedy'],2.27,248
1619,978,Seven Years in Tibet,Adventure|Drama|History,"['Adventure', 'Drama', 'History']",3.29,218
104374,122906,About Time,Comedy|Drama|Science Fiction,"['Comedy', 'Drama', 'Science Fiction']",3.74,176
114180,198663,The Maze Runner,Action|Mystery|Science Fiction|Thriller,"['Action', 'Mystery', 'Science Fiction', 'Thriller']",3.14,191
8983,9550,House of Flying Daggers,Adventure|Drama|Action|Romance,"['Adventure', 'Drama', 'Action', 'Romance']",3.69,236
1959,606,Out of Africa,Drama,['Drama'],3.54,136
1049,10586,The Ghost and the Darkness,Adventure,['Adventure'],3.23,165
3638,698,Moonraker,Action|Adventure|Thriller|Science Fiction,"['Action', 'Adventure', 'Thriller', 'Science Fiction']",3.04,216
1416,8818,Evita,History|Drama|Music,"['History', 'Drama', 'Music']",2.85,149
3968,1636,Bedazzled,Fantasy|Comedy|Romance,"['Fantasy', 'Comedy', 'Romance']",2.81,241
175,9344,Kids,Drama|Crime,"['Drama', 'Crime']",3.51,163
105504,109424,Captain Phillips,Action|Drama|Thriller,"['Action', 'Drama', 'Thriller']",3.63,215
1227,311,Once Upon a Time in America,Drama|Crime,"['Drama', 'Crime']",3.95,195
57640,11253,Hellboy II: The Golden Army,Adventure|Fantasy|Science Fiction,"['Adventure', 'Fantasy', 'Science Fiction']",3.25,237
383,12160,Wyatt Earp,Drama|Action|Western,"['Drama', 'Action', 'Western']",3.01,150
1687,4824,The Jackal,Action|Thriller|Adventure|Crime,"['Action', 'Thriller', 'Adventure', 'Crime']",3.14,237
55118,2252,Eastern Promises,Thriller|Crime|Mystery,"['Thriller', 'Crime', 'Mystery']",3.77,232
519,5550,RoboCop 3,Action|Adventure|Crime|Science Fiction|Thriller,"['Action', 'Adventure', 'Crime', 'Science Fiction', 'Thriller']",2.02,166
3534,10468,28 Days,Comedy|Drama,"['Comedy', 'Drama']",2.92,185
80489,23168,The Town,Crime|Drama|Thriller,"['Crime', 'Drama', 'Thriller']",3.67,217
1883,9452,Bulworth,Comedy|Drama,"['Comedy', 'Drama']",3.27,172
2642,9531,Superman III,Comedy|Action|Adventure|Fantasy|Science Fiction,"['Comedy', 'Action', 'Adventure', 'Fantasy', 'Science Fiction']",2.4,206
107406,110415,Snowpiercer,Action|Science Fiction|Drama,"['Action', 'Science Fiction', 'Drama']",3.44,209
51935,7485,Shooter,Action|Drama|Mystery|Thriller|Crime,"['Action', 'Drama', 'Mystery', 'Thriller', 'Crime']",3.4,231
41285,116,Match Point,Drama|Thriller|Crime|Romance,"['Drama', 'Thriller', 'Crime', 'Romance']",3.65,207
52328,1272,Sunshine,Science Fiction|Thriller,"['Science Fiction', 'Thriller']",3.55,236
3984,681,Diamonds Are Forever,Adventure|Action|Thriller,"['Adventure', 'Action', 'Thriller']",3.41,212
102407,64682,The Great Gatsby,Drama|Romance,"['Drama', 'Romance']",3.36,176
1688,9444,Anastasia,Animation|Family,"['Animation', 'Family']",3.27,195
87306,37686,Super 8,Thriller|Science Fiction|Mystery,"['Thriller', 'Science Fiction', 'Mystery']",3.51,238
81932,45317,The Fighter,Drama,['Drama'],3.7,231
8981,2288,Closer,Drama|Romance,"['Drama', 'Romance']",3.49,231
836,12123,Chain Reaction,Action|Drama|Science Fiction|Thriller,"['Action', 'Drama', 'Science Fiction', 'Thriller']",2.49,165
2004,928,Gremlins 2: The New Batch,Comedy|Horror|Fantasy,"['Comedy', 'Horror', 'Fantasy']",2.77,238
53121,810,Shrek the Third,Fantasy|Adventure|Animation|Comedy|Family,"['Fantasy', 'Adventure', 'Animation', 'Comedy', 'Family']",2.64,203
1693,11831,Amistad,Drama|History|Mystery,"['Drama', 'History', 'Mystery']",3.48,189
4161,6073,The Mexican,Action|Comedy|Crime|Romance,"['Action', 'Comedy', 'Crime', 'Romance']",2.86,204
7325,9384,Starsky & Hutch,Comedy|Crime,"['Comedy', 'Crime']",2.74,266
3298,14181,Boiler Room,Crime|Drama|Thriller,"['Crime', 'Drama', 'Thriller']",3.39,190
140,9302,Up Close & Personal,Drama|Romance,"['Drama', 'Romance']",2.91,75
4448,11371,The Score,Action|Crime|Thriller,"['Action', 'Crime', 'Thriller']",3.32,224
48043,1381,The Fountain,Drama|Adventure|Science Fiction|Romance,"['Drama', 'Adventure', 'Science Fiction', 'Romance']",3.42,220
3730,592,The Conversation,Crime|Drama|Mystery,"['Crime', 'Drama', 'Mystery']",3.87,184
1702,9574,Flubber,Comedy|Family|Science Fiction,"['Comedy', 'Family', 'Science Fiction']",2.38,212
5620,11529,Sweet Home Alabama,Comedy|Romance,"['Comedy', 'Romance']",2.97,208
2126,8688,Snake Eyes,Crime|Mystery,"['Crime', 'Mystery']",2.74,204
69406,18240,The Proposal,Comedy|Romance|Drama,"['Comedy', 'Romance', 'Drama']",3.22,194
4084,96,Beverly Hills Cop II,Action|Comedy|Crime,"['Action', 'Comedy', 'Crime']",3.09,237
2082,10414,The Mighty Ducks,Comedy|Family,"['Comedy', 'Family']",2.86,204
27904,3509,A Scanner Darkly,Animation|Science Fiction|Thriller,"['Animation', 'Science Fiction', 'Thriller']",3.58,202
6564,1996,Lara Croft Tomb Raider: The Cradle of Life,Action|Adventure|Fantasy|Thriller,"['Action', 'Adventure', 'Fantasy', 'Thriller']",2.58,254
534,10445,Shadowlands,Drama|Romance,"['Drama', 'Romance']",3.62,106
6548,8961,Bad Boys II,Adventure|Action|Comedy|Thriller|Crime,"['Adventure', 'Action', 'Comedy', 'Thriller', 'Crime']",3.01,246
101,13685,Bottle Rocket,Comedy|Crime|Drama,"['Comedy', 'Crime', 'Drama']",3.59,165
3328,4816,Ghost Dog: The Way of the Samurai,Crime|Drama,"['Crime', 'Drama']",3.82,178
103335,93456,Despicable Me 2,Animation|Comedy|Family,"['Animation', 'Comedy', 'Family']",3.35,191
5992,590,The Hours,Drama,['Drama'],3.44,193
2719,11618,The Haunting,Horror|Thriller|Fantasy|Mystery,"['Horror', 'Thriller', 'Fantasy', 'Mystery']",2.4,173
2318,10683,Happiness,Comedy|Drama,"['Comedy', 'Drama']",3.8,175
2993,660,Thunderball,Adventure|Action|Thriller,"['Adventure', 'Action', 'Thriller']",3.47,202
3156,2277,Bicentennial Man,Comedy|Science Fiction,"['Comedy', 'Science Fiction']",3.16,203
4823,9778,Serendipity,Comedy|Romance,"['Comedy', 'Romance']",3.13,186
8914,14337,Primer,Science Fiction|Drama|Thriller,"['Science Fiction', 'Drama', 'Thriller']",3.68,195
68791,534,Terminator Salvation,Action|Science Fiction|Thriller,"['Action', 'Science Fiction', 'Thriller']",2.93,235
3893,10480,Nurse Betty,Comedy|Crime|Thriller,"['Comedy', 'Crime', 'Thriller']",3.02,178
1620,9437,Kiss the Girls,Drama|Mystery|Thriller|Crime,"['Drama', 'Mystery', 'Thriller', 'Crime']",3.18,210
6593,10330,Freaky Friday,Comedy,['Comedy'],2.88,188
139644,273481,Sicario,Action|Crime|Drama|Mystery|Thriller,"['Action', 'Crime', 'Drama', 'Mystery', 'Thriller']",3.78,188
1711,8197,Midnight in the Garden of Good and Evil,Crime|Drama|Mystery|Thriller,"['Crime', 'Drama', 'Mystery', 'Thriller']",3.1,178
48304,1579,Apocalypto,Action|Adventure|Drama|Thriller,"['Action', 'Adventure', 'Drama', 'Thriller']",3.61,215
3635,691,The Spy Who Loved Me,Adventure|Action|Thriller,"['Adventure', 'Action', 'Thriller']",3.51,190
5449,2022,Mr. Deeds,Comedy|Romance,"['Comedy', 'Romance']",2.7,240
338,9271,Virtuosity,Action|Crime|Science Fiction|Thriller,"['Action', 'Crime', 'Science Fiction', 'Thriller']",2.86,126
103141,62211,Monsters University,Animation|Family,"['Animation', 'Family']",3.32,180
7318,615,The Passion of the Christ,Drama,['Drama'],3.12,247
1388,579,Jaws 2,Horror|Thriller,"['Horror', 'Thriller']",2.6,197
1224,10705,Henry V,War|Drama|History|Action|Romance,"['War', 'Drama', 'History', 'Action', 'Romance']",3.82,125
3246,1883,Malcolm X,Drama|History,"['Drama', 'History']",3.82,177
2841,11601,Stir of Echoes,Horror|Mystery|Thriller,"['Horror', 'Mystery', 'Thriller']",3.44,190
7160,504,Monster,Crime|Drama,"['Crime', 'Drama']",3.48,217
905,3078,It Happened One Night,Comedy|Romance,"['Comedy', 'Romance']",4.01,130
58025,8247,Jumper,Adventure|Fantasy|Science Fiction,"['Adventure', 'Fantasy', 'Science Fiction']",2.89,236
2805,10154,Mickey Blue Eyes,Comedy|Crime|Romance,"['Comedy', 'Crime', 'Romance']",2.79,165
2301,10156,History of the World: Part I,Comedy,['Comedy'],3.32,187
3178,10400,The Hurricane,Drama,['Drama'],3.56,196
2297,12159,What Dreams May Come,Drama|Fantasy|Romance,"['Drama', 'Fantasy', 'Romance']",3.13,194
3468,990,The Hustler,Drama,['Drama'],4.03,163
69,10634,Friday,Comedy,['Comedy'],3.39,179
3910,16,Dancer in the Dark,Drama|Crime|Music,"['Drama', 'Crime', 'Music']",3.79,151
36517,1985,The Constant Gardener,Drama|Mystery|Thriller,"['Drama', 'Mystery', 'Thriller']",3.51,216
3593,5491,Battlefield Earth,Action|Science Fiction|War,"['Action', 'Science Fiction', 'War']",1.58,202
41,31174,Richard III,Drama|War,"['Drama', 'War']",3.67,102
1614,10806,In & Out,Comedy|Romance,"['Comedy', 'Romance']",3.0,172
69526,8373,Transformers: Revenge of the Fallen,Science Fiction|Action|Adventure,"['Science Fiction', 'Action', 'Adventure']",2.52,221
106916,168672,American Hustle,Drama|Crime,"['Drama', 'Crime']",3.45,196
114662,190859,American Sniper,War|Action,"['War', 'Action']",3.37,173
412,10436,The Age of Innocence,Drama|Romance,"['Drama', 'Romance']",3.51,112
3267,9367,El Mariachi,Action|Crime|Thriller,"['Action', 'Crime', 'Thriller']",3.54,179
90866,44826,Hugo,Adventure|Drama|Family,"['Adventure', 'Drama', 'Family']",3.29,202
5171,2135,The Time Machine,Science Fiction|Adventure|Action,"['Science Fiction', 'Adventure', 'Action']",2.85,246
115210,228150,Fury,War|Drama|Action,"['War', 'Drama', 'Action']",3.51,188
3452,2085,Romeo Must Die,Action|Crime|Thriller,"['Action', 'Crime', 'Thriller']",2.9,205
1588,10603,George of the Jungle,Adventure|Comedy|Family|Romance,"['Adventure', 'Comedy', 'Family', 'Romance']",2.5,195
1834,29193,The Spanish Prisoner,Crime|Drama|Mystery|Thriller,"['Crime', 'Drama', 'Mystery', 'Thriller']",3.78,146
2338,3600,I Still Know What You Did Last Summer,Horror|Mystery|Thriller,"['Horror', 'Mystery', 'Thriller']",2.0,202
37741,398,Capote,Crime|Drama,"['Crime', 'Drama']",3.67,220
2989,699,For Your Eyes Only,Adventure|Action|Thriller,"['Adventure', 'Action', 'Thriller']",3.46,182
2333,3033,Gods and Monsters,Drama,['Drama'],3.75,144
86833,55721,Bridesmaids,Comedy|Romance,"['Comedy', 'Romance']",3.39,187
2505,8224,8MM,Thriller|Crime|Mystery,"['Thriller', 'Crime', 'Mystery']",2.9,217
79293,27576,Salt,Action|Mystery|Thriller,"['Action', 'Mystery', 'Thriller']",3.1,201
5785,9012,Jackass: The Movie,Documentary|Comedy,"['Documentary', 'Comedy']",2.87,223
3744,479,Shaft,Action|Adventure|Crime|Thriller,"['Action', 'Adventure', 'Crime', 'Thriller']",2.83,208
1956,16619,Ordinary People,Drama,['Drama'],3.8,137
39292,3291,"Good Night, and Good Luck.",Drama|History,"['Drama', 'History']",3.72,196
2990,709,Licence to Kill,Adventure|Action|Thriller,"['Adventure', 'Action', 'Thriller']",3.14,182
86911,45243,The Hangover Part II,Comedy,['Comedy'],2.83,197
2672,1090,The Thirteenth Floor,Thriller|Science Fiction|Mystery,"['Thriller', 'Science Fiction', 'Mystery']",3.29,157
477,15765,What's Love Got to Do with It,Drama|Music,"['Drama', 'Music']",3.41,88
64716,11321,Seven Pounds,Drama,['Drama'],3.57,174
3159,49948,Fantasia 2000,Animation|Family|Music,"['Animation', 'Family', 'Music']",3.52,159
4728,9896,Rat Race,Adventure|Comedy,"['Adventure', 'Comedy']",2.94,196
23,9691,Assassins,Action|Adventure|Crime|Thriller,"['Action', 'Adventure', 'Crime', 'Thriller']",2.85,148
39446,215,Saw II,Horror,['Horror'],2.91,191
60756,12133,Step Brothers,Comedy,['Comedy'],3.33,195
68554,13448,Angels & Demons,Thriller|Mystery,"['Thriller', 'Mystery']",3.13,196
144,16388,The Brothers McMullen,Comedy|Drama|Romance,"['Comedy', 'Drama', 'Romance']",3.19,107
56587,7350,The Bucket List,Drama|Comedy,"['Drama', 'Comedy']",3.44,197
2720,332,Inspector Gadget,Action|Adventure|Comedy|Family,"['Action', 'Adventure', 'Comedy', 'Family']",2.0,180
2863,704,A Hard Day's Night,Comedy|Music,"['Comedy', 'Music']",3.7,138
46970,9718,Talladega Nights: The Ballad of Ricky Bobby,Comedy,['Comedy'],3.05,220
8910,1599,I Heart Huckabees,Comedy|Romance,"['Comedy', 'Romance']",3.41,191
135133,131634,The Hunger Games: Mockingjay - Part 2,Action|Adventure|Science Fiction,"['Action', 'Adventure', 'Science Fiction']",3.23,179
3979,9678,Little Nicky,Comedy|Fantasy|Romance,"['Comedy', 'Fantasy', 'Romance']",2.3,216
111781,177677,Mission: Impossible - Rogue Nation,Action|Adventure|Thriller,"['Action', 'Adventure', 'Thriller']",3.43,184
5400,4614,The Sum of All Fears,Thriller|Action|Drama,"['Thriller', 'Action', 'Drama']",3.08,216
3355,622,The Ninth Gate,Horror|Mystery|Thriller,"['Horror', 'Mystery', 'Thriller']",3.06,229
5014,10950,I Am Sam,Drama,['Drama'],3.31,200
5110,39939,Super Troopers,Comedy|Crime|Mystery,"['Comedy', 'Crime', 'Mystery']",3.42,205
6796,650,Boyz n the Hood,Crime|Drama,"['Crime', 'Drama']",3.71,172
53953,3021,1408,Horror|Thriller,"['Horror', 'Thriller']",3.23,201
3536,4967,Keeping the Faith,Comedy,['Comedy'],3.13,192
47997,7512,Idiocracy,Adventure|Comedy|Science Fiction,"['Adventure', 'Comedy', 'Science Fiction']",3.34,201
3639,682,The Man with the Golden Gun,Adventure|Action|Thriller,"['Adventure', 'Action', 'Thriller']",3.44,181
3173,9563,Any Given Sunday,Drama,['Drama'],3.12,206
33162,1495,Kingdom of Heaven,Drama|Action|Adventure|History|War,"['Drama', 'Action', 'Adventure', 'History', 'War']",3.28,238
27831,4836,Layer Cake,Drama|Thriller|Crime,"['Drama', 'Thriller', 'Crime']",3.63,199
55276,4566,Michael Clayton,Drama|Mystery|Crime,"['Drama', 'Mystery', 'Crime']",3.61,202
5944,201,Star Trek: Nemesis,Science Fiction|Action|Adventure|Thriller,"['Science Fiction', 'Action', 'Adventure', 'Thriller']",3.0,210
108190,157350,Divergent,Adventure|Action|Science Fiction,"['Adventure', 'Action', 'Science Fiction']",3.1,177
7162,2289,Cold Mountain,Drama,['Drama'],3.39,213
4639,11467,America's Sweethearts,Comedy|Romance,"['Comedy', 'Romance']",2.72,174
86,10534,White Squall,Action|Drama,"['Action', 'Drama']",3.39,88
1920,11551,Small Soldiers,Comedy|Adventure|Fantasy|Science Fiction|Action,"['Comedy', 'Adventure', 'Fantasy', 'Science Fiction', 'Action']",2.8,192
5152,10590,We Were Soldiers,Action|History|War,"['Action', 'History', 'War']",3.46,210
40278,25,Jarhead,Drama|War,"['Drama', 'War']",3.34,226
4008,2604,Born on the Fourth of July,Drama|War,"['Drama', 'War']",3.5,159
6709,1428,Once Upon a Time in Mexico,Action,['Action'],3.06,218
63876,10139,Milk,History|Drama,"['History', 'Drama']",3.67,177
67087,16538,"I Love You, Man",Comedy,['Comedy'],3.38,171
49286,1581,The Holiday,Comedy|Romance,"['Comedy', 'Romance']",3.33,159
6620,2771,American Splendor,Comedy|Drama,"['Comedy', 'Drama']",3.74,188
7347,1586,Secret Window,Thriller|Mystery,"['Thriller', 'Mystery']",3.12,221
56152,4523,Enchanted,Comedy|Family|Fantasy|Romance,"['Comedy', 'Family', 'Fantasy', 'Romance']",3.37,185
96588,114150,Pitch Perfect,Comedy|Music|Romance,"['Comedy', 'Music', 'Romance']",3.36,152
3980,11978,Men of Honor,Drama,['Drama'],3.38,185
20,11517,Money Train,Action|Comedy|Crime,"['Action', 'Comedy', 'Crime']",2.65,129
140174,264644,Room,Drama|Thriller,"['Drama', 'Thriller']",3.93,146
112290,85350,Boyhood,Drama,['Drama'],3.76,169
4366,10865,Atlantis: The Lost Empire,Animation|Family|Adventure|Science Fiction,"['Animation', 'Family', 'Adventure', 'Science Fiction']",3.14,184
42738,834,Underworld: Evolution,Fantasy|Action|Science Fiction|Thriller,"['Fantasy', 'Action', 'Science Fiction', 'Thriller']",3.11,206
2496,11622,Blast from the Past,Comedy|Romance,"['Comedy', 'Romance']",3.16,176
7173,5966,Along Came Polly,Comedy|Romance,"['Comedy', 'Romance']",2.89,207
2735,10136,The Golden Child,Action|Adventure|Comedy,"['Action', 'Adventure', 'Comedy']",2.86,176
4992,11232,Kate & Leopold,Comedy|Fantasy|Romance|Science Fiction,"['Comedy', 'Fantasy', 'Romance', 'Science Fiction']",3.06,186
112138,187017,22 Jump Street,Crime|Comedy|Action,"['Crime', 'Comedy', 'Action']",3.25,192
1359,9279,Jingle All the Way,Family|Comedy,"['Family', 'Comedy']",2.28,182
143385,296098,Bridge of Spies,Thriller|Drama,"['Thriller', 'Drama']",3.73,165
4980,1649,Bill & Ted's Bogus Journey,Adventure|Comedy|Family|Fantasy|Science Fiction,"['Adventure', 'Comedy', 'Family', 'Fantasy', 'Science Fiction']",2.92,195
1616,6623,The Peacemaker,Action|Thriller,"['Action', 'Thriller']",2.85,176
100,11062,City Hall,Drama|Thriller,"['Drama', 'Thriller']",3.04,82
3686,1551,Flatliners,Drama|Horror|Science Fiction|Thriller,"['Drama', 'Horror', 'Science Fiction', 'Thriller']",3.1,188
56145,5876,The Mist,Science Fiction|Horror|Thriller,"['Science Fiction', 'Horror', 'Thriller']",3.48,186
1672,11975,The Rainmaker,Drama|Crime|Thriller,"['Drama', 'Crime', 'Thriller']",3.43,163
106002,80274,Ender's Game,Science Fiction|Action|Adventure,"['Science Fiction', 'Action', 'Adventure']",3.27,179
2713,9825,Lake Placid,Horror|Comedy|Action|Science Fiction|Thriller,"['Horror', 'Comedy', 'Action', 'Science Fiction', 'Thriller']",2.44,178
8861,1577,Resident Evil: Apocalypse,Horror|Action|Science Fiction,"['Horror', 'Action', 'Science Fiction']",2.84,196
6773,9662,The Triplets of Belleville,Adventure|Animation|Comedy|Drama,"['Adventure', 'Animation', 'Comedy', 'Drama']",3.83,145
2966,404,The Straight Story,Drama,['Drama'],3.91,144
53464,1979,Fantastic 4: Rise of the Silver Surfer,Adventure|Fantasy|Action|Thriller,"['Adventure', 'Fantasy', 'Action', 'Thriller']",2.48,207
7004,951,Kindergarten Cop,Comedy,['Comedy'],2.73,216
8865,5137,Sky Captain and the World of Tomorrow,Mystery|Action|Thriller|Science Fiction|Adventure,"['Mystery', 'Action', 'Thriller', 'Science Fiction', 'Adventure']",2.92,210
4623,9942,Major League,Comedy,['Comedy'],3.45,186
2404,1370,Rambo III,Action|Adventure|Thriller|War,"['Action', 'Adventure', 'Thriller', 'War']",2.59,180
84944,44896,Rango,Animation|Comedy|Family|Western|Adventure,"['Animation', 'Comedy', 'Family', 'Western', 'Adventure']",3.21,201
1135,10765,Private Benjamin,Comedy,['Comedy'],3.06,154
3146,10402,Deuce Bigalow: Male Gigolo,Comedy,['Comedy'],2.54,193
2567,11374,Edtv,Comedy,['Comedy'],2.87,157
5463,6278,Reign of Fire,Adventure|Action|Fantasy,"['Adventure', 'Action', 'Fantasy']",2.97,231
2598,12596,Pushing Tin,Comedy|Drama,"['Comedy', 'Drama']",2.83,143
6867,2056,The Station Agent,Drama|Comedy,"['Drama', 'Comedy']",3.79,173
7149,6964,Something's Gotta Give,Drama|Comedy|Romance,"['Drama', 'Comedy', 'Romance']",3.32,191
1810,9440,Primary Colors,Comedy|Drama,"['Comedy', 'Drama']",3.42,154
2433,9422,A Civil Action,Drama,['Drama'],3.35,137
79695,27578,The Expendables,Thriller|Adventure|Action,"['Thriller', 'Adventure', 'Action']",2.79,212
152077,333371,10 Cloverfield Lane,Thriller|Science Fiction|Drama,"['Thriller', 'Science Fiction', 'Drama']",3.55,162
6156,6038,Shanghai Knights,Action|Adventure|Comedy|Western,"['Action', 'Adventure', 'Comedy', 'Western']",2.91,200
2942,535,Flashdance,Drama|Music|Romance,"['Drama', 'Music', 'Romance']",2.87,149
3258,9374,Death Becomes Her,Fantasy|Comedy,"['Fantasy', 'Comedy']",2.95,177
47200,1948,Crank,Action|Thriller|Crime,"['Action', 'Thriller', 'Crime']",3.31,202
45728,2295,Clerks II,Comedy,['Comedy'],3.37,200
533,8850,The Shadow,Adventure|Fantasy|Action|Thriller|Science Fiction,"['Adventure', 'Fantasy', 'Action', 'Thriller', 'Science Fiction']",2.82,129
3981,8870,Red Planet,Thriller|Action|Science Fiction,"['Thriller', 'Action', 'Science Fiction']",2.71,165
5313,9334,The Scorpion King,Action|Fantasy|Adventure,"['Action', 'Fantasy', 'Adventure']",2.53,212
106918,116745,The Secret Life of Walter Mitty,Adventure|Comedy|Drama|Fantasy,"['Adventure', 'Comedy', 'Drama', 'Fantasy']",3.42,172
2513,8913,Pet Sematary,Drama|Horror,"['Drama', 'Horror']",3.02,170
2118,11336,The Dead Zone,Horror|Science Fiction|Thriller,"['Horror', 'Science Fiction', 'Thriller']",3.55,168
3791,1788,Footloose,Drama|Family|Music|Romance,"['Drama', 'Family', 'Music', 'Romance']",2.88,169
2450,10658,Howard the Duck,Comedy|Fantasy|Science Fiction,"['Comedy', 'Fantasy', 'Science Fiction']",2.16,180
40583,231,Syriana,Drama|Thriller,"['Drama', 'Thriller']",3.37,197
122,11066,Boomerang,Comedy|Romance,"['Comedy', 'Romance']",2.66,121
6659,9362,Tremors,Action|Horror,"['Action', 'Horror']",3.34,213
6385,1088,Whale Rider,Drama|Family,"['Drama', 'Family']",3.77,153
71264,22794,Cloudy with a Chance of Meatballs,Animation|Comedy|Family,"['Animation', 'Comedy', 'Family']",3.24,170
1515,10357,Volcano,Science Fiction|Action|Drama|Thriller,"['Science Fiction', 'Action', 'Drama', 'Thriller']",2.56,170
34072,1667,March of the Penguins,Documentary|Family,"['Documentary', 'Family']",3.49,179
104913,96721,Rush,Drama|Action,"['Drama', 'Action']",3.69,158
3479,526,Ladyhawke,Adventure|Drama|Fantasy|Romance,"['Adventure', 'Drama', 'Fantasy', 'Romance']",3.47,147
98961,97630,Zero Dark Thirty,Thriller|Drama|History,"['Thriller', 'Drama', 'History']",3.65,177
63131,15373,Role Models,Comedy,['Comedy'],3.41,166
2376,707,A View to a Kill,Adventure|Action|Thriller,"['Adventure', 'Action', 'Thriller']",3.05,186
2083,10437,The Muppet Christmas Carol,Comedy|Family|Fantasy|Drama,"['Comedy', 'Family', 'Fantasy', 'Drama']",3.44,153
761,9826,The Phantom,Adventure|Action,"['Adventure', 'Action']",2.5,127
104211,138832,We're the Millers,Comedy|Crime,"['Comedy', 'Crime']",3.22,171
2950,5689,The Blue Lagoon,Romance|Adventure|Drama,"['Romance', 'Adventure', 'Drama']",2.5,152
56949,6557,27 Dresses,Comedy|Romance,"['Comedy', 'Romance']",2.84,118
1719,10217,The Sweet Hereafter,Drama,['Drama'],3.95,119
2459,30497,The Texas Chain Saw Massacre,Horror,['Horror'],3.39,168
6586,8273,American Wedding,Comedy|Romance,"['Comedy', 'Romance']",2.64,202
2976,8649,Bringing Out the Dead,Drama,['Drama'],3.05,146
1078,11302,Bananas,Comedy,['Comedy'],3.57,130
96737,49049,Dredd,Action|Science Fiction,"['Action', 'Science Fiction']",3.39,170
2469,10013,Peggy Sue Got Married,Comedy|Drama|Fantasy|Romance,"['Comedy', 'Drama', 'Fantasy', 'Romance']",3.21,138
60950,5038,Vicky Cristina Barcelona,Drama|Romance,"['Drama', 'Romance']",3.45,156
6888,4256,Scary Movie 3,Comedy,['Comedy'],2.34,186
7346,10591,The Girl Next Door,Comedy,['Comedy'],3.17,213
63072,20766,The Road,Adventure|Drama,"['Adventure', 'Drama']",3.4,188
103341,107985,The World's End,Comedy|Action|Science Fiction,"['Comedy', 'Action', 'Science Fiction']",3.42,181
63859,13053,Bolt,Animation|Family|Adventure|Comedy,"['Animation', 'Family', 'Adventure', 'Comedy']",3.25,171
8965,5255,The Polar Express,Adventure|Animation|Family|Fantasy,"['Adventure', 'Animation', 'Family', 'Fantasy']",2.83,157
493,9516,Menace II Society,Drama|Action|Crime,"['Drama', 'Action', 'Crime']",3.6,112
6297,8326,Holes,Adventure|Family|Drama|Comedy,"['Adventure', 'Family', 'Drama', 'Comedy']",3.32,170
8985,36648,Blade: Trinity,Science Fiction|Action|Horror|Thriller|Adventure|Fantasy,"['Science Fiction', 'Action', 'Horror', 'Thriller', 'Adventure', 'Fantasy']",2.83,190
1459,66,Absolute Power,Crime|Drama|Thriller,"['Crime', 'Drama', 'Thriller']",3.24,143
3821,12107,Nutty Professor II: The Klumps,Fantasy|Comedy|Romance|Science Fiction,"['Fantasy', 'Comedy', 'Romance', 'Science Fiction']",2.16,175
111659,102651,Maleficent,Fantasy|Adventure|Action|Family|Romance,"['Fantasy', 'Adventure', 'Action', 'Family', 'Romance']",3.16,161
91535,49040,The Bourne Legacy,Action|Thriller,"['Action', 'Thriller']",3.28,172
136020,206647,Spectre,Action|Adventure|Crime,"['Action', 'Adventure', 'Crime']",3.18,175
4054,9816,Save the Last Dance,Drama|Family|Romance|Music,"['Drama', 'Family', 'Romance', 'Music']",2.97,158
3543,13776,Diner,Comedy|Drama,"['Comedy', 'Drama']",3.69,114
6003,4912,Confessions of a Dangerous Mind,Comedy|Crime|Drama|Romance|Thriller,"['Comedy', 'Crime', 'Drama', 'Romance', 'Thriller']",3.52,201
6003,4912,Confessions of a Dangerous Mind,Comedy|Crime|Drama|Romance|Thriller,"['Comedy', 'Crime', 'Drama', 'Romance', 'Thriller']",3.52,201
7317,9352,EuroTrip,Comedy,['Comedy'],3.12,187
55442,2011,Persepolis,Animation|Drama,"['Animation', 'Drama']",3.69,124
37386,8202,Æon Flux,Action|Science Fiction,"['Action', 'Science Fiction']",2.79,197
4958,8007,Behind Enemy Lines,Action|Drama|Thriller|War,"['Action', 'Drama', 'Thriller', 'War']",3.02,189
59501,2454,The Chronicles of Narnia: Prince Caspian,Adventure|Family|Fantasy,"['Adventure', 'Family', 'Fantasy']",2.94,158
60126,11665,Get Smart,Action|Comedy|Thriller,"['Action', 'Comedy', 'Thriller']",2.92,190
405,8011,Highlander: The Final Dimension,Action|Fantasy|Science Fiction,"['Action', 'Fantasy', 'Science Fiction']",2.19,116
138036,203801,The Man from U.N.C.L.E.,Comedy|Action|Adventure,"['Comedy', 'Action', 'Adventure']",3.44,145
4033,11973,Thirteen Days,Drama|Thriller,"['Drama', 'Thriller']",3.62,158
3676,985,Eraserhead,Drama|Fantasy|Horror|Science Fiction,"['Drama', 'Fantasy', 'Horror', 'Science Fiction']",3.58,140
65261,12429,Ponyo,Animation|Family,"['Animation', 'Family']",3.7,130
5957,2642,Two Weeks Notice,Romance|Comedy,"['Romance', 'Comedy']",2.94,163
55052,4347,Atonement,Drama|Romance,"['Drama', 'Romance']",3.59,160
4558,9493,Twins,Comedy,['Comedy'],2.69,213
3999,11678,Vertical Limit,Action|Adventure|Thriller,"['Action', 'Adventure', 'Thriller']",2.71,156
7163,9620,Paycheck,Action|Adventure|Mystery|Science Fiction|Thriller,"['Action', 'Adventure', 'Mystery', 'Science Fiction', 'Thriller']",3.04,201
45431,7518,Over the Hedge,Comedy|Animation|Family,"['Comedy', 'Animation', 'Family']",3.19,168
88405,50544,Friends with Benefits,Romance|Comedy,"['Romance', 'Comedy']",3.15,125
1488,4477,The Devil's Own,Crime|Thriller|Drama,"['Crime', 'Thriller', 'Drama']",2.9,146
62434,10358,Zack and Miri Make a Porno,Comedy,['Comedy'],2.96,182
71057,12244,9,Action|Adventure|Animation|Science Fiction|Thriller,"['Action', 'Adventure', 'Animation', 'Science Fiction', 'Thriller']",3.42,162
45950,1781,An Inconvenient Truth,Documentary,['Documentary'],3.56,170
2114,227,The Outsiders,Crime|Drama,"['Crime', 'Drama']",3.31,151
3155,1439,Anna and the King,Drama|History|Romance,"['Drama', 'History', 'Romance']",3.17,124
2533,1687,Escape from the Planet of the Apes,Action|Science Fiction,"['Action', 'Science Fiction']",2.98,128
2729,802,Lolita,Drama|Romance,"['Drama', 'Romance']",3.69,115
6595,9257,S.W.A.T.,Action|Thriller|Crime,"['Action', 'Thriller', 'Crime']",2.9,182
84772,39513,Paul,Adventure|Comedy|Science Fiction,"['Adventure', 'Comedy', 'Science Fiction']",3.22,169
8969,9801,Bridget Jones: The Edge of Reason,Comedy|Romance,"['Comedy', 'Romance']",2.72,161
52245,9955,Blades of Glory,Action|Comedy|Drama,"['Action', 'Comedy', 'Drama']",2.91,179
125,2074,Flirting with Disaster,Comedy|Romance,"['Comedy', 'Romance']",3.54,93
55908,13363,The Man from Earth,Science Fiction|Drama,"['Science Fiction', 'Drama']",3.8,137
4238,2043,Along Came a Spider,Crime|Mystery|Thriller|Action,"['Crime', 'Mystery', 'Thriller', 'Action']",3.03,184
5791,1360,Frida,Drama|Romance,"['Drama', 'Romance']",3.58,152
599,576,The Wild Bunch,Adventure|Western,"['Adventure', 'Western']",3.95,130
5308,12154,Three Men and a Baby,Family|Comedy|Drama,"['Family', 'Comedy', 'Drama']",2.7,171
8907,10555,Shark Tale,Animation|Action|Comedy|Family,"['Animation', 'Action', 'Comedy', 'Family']",2.63,167
233,20156,Exotica,Drama|Mystery,"['Drama', 'Mystery']",3.54,89
83134,46838,Tucker and Dale vs Evil,Comedy|Horror,"['Comedy', 'Horror']",3.71,146
2643,11411,Superman IV: The Quest for Peace,Action|Adventure|Science Fiction,"['Action', 'Adventure', 'Science Fiction']",1.99,139
2912,10388,The Limey,Action|Crime|Drama|Mystery|Thriller,"['Action', 'Crime', 'Drama', 'Mystery', 'Thriller']",3.51,138
2474,11873,The Color of Money,Drama,['Drama'],3.42,149
6550,9486,Johnny English,Adventure|Action|Comedy,"['Adventure', 'Action', 'Comedy']",2.65,158
103772,76170,The Wolverine,Action|Science Fiction|Adventure|Fantasy,"['Action', 'Science Fiction', 'Adventure', 'Fantasy']",3.06,164
516,11858,Renaissance Man,Comedy|War,"['Comedy', 'War']",2.79,106
674,8069,Barbarella,Science Fiction,['Science Fiction'],3.01,119
51077,1250,Ghost Rider,Thriller|Action|Fantasy|Horror,"['Thriller', 'Action', 'Fantasy', 'Horror']",2.36,173
6296,13370,A Mighty Wind,Comedy|Music,"['Comedy', 'Music']",3.52,154
135536,297761,Suicide Squad,Action|Adventure|Crime|Fantasy|Science Fiction,"['Action', 'Adventure', 'Crime', 'Fantasy', 'Science Fiction']",2.7,154
87222,49444,Kung Fu Panda 2,Animation|Family,"['Animation', 'Family']",3.24,154
5419,9637,Scooby-Doo,Mystery|Adventure|Comedy,"['Mystery', 'Adventure', 'Comedy']",2.17,172
32031,9928,Robots,Animation|Comedy|Family|Science Fiction,"['Animation', 'Comedy', 'Family', 'Science Fiction']",2.99,174
99112,75780,Jack Reacher,Crime|Drama|Thriller,"['Crime', 'Drama', 'Thriller']",3.31,160
56171,2268,The Golden Compass,Adventure|Fantasy,"['Adventure', 'Fantasy']",2.91,166
140110,257211,The Intern,Comedy,['Comedy'],3.57,107
1057,9716,Everyone Says I Love You,Music|Comedy|Romance,"['Music', 'Comedy', 'Romance']",3.35,126
97306,86838,Seven Psychopaths,Comedy|Crime,"['Comedy', 'Crime']",3.53,163
78105,9543,Prince of Persia: The Sands of Time,Adventure|Fantasy|Action|Romance,"['Adventure', 'Fantasy', 'Action', 'Romance']",2.97,156
4857,14811,Fiddler on the Roof,Drama|Romance,"['Drama', 'Romance']",3.64,113
96829,103663,The Hunt,Drama,['Drama'],3.87,122
8781,14462,The Manchurian Candidate,Drama|Thriller|Mystery,"['Drama', 'Thriller', 'Mystery']",3.3,166
111921,222935,The Fault in Our Stars,Romance|Drama,"['Romance', 'Drama']",3.42,119
1895,15037,Can't Hardly Wait,Comedy|Drama|Romance,"['Comedy', 'Drama', 'Romance']",2.95,141
1916,9464,Buffalo '66,Romance|Comedy|Crime|Drama,"['Romance', 'Comedy', 'Crime', 'Drama']",3.47,119
89774,59440,Warrior,Action|Drama,"['Action', 'Drama']",3.7,147
53123,5723,Once,Drama|Music|Romance,"['Drama', 'Music', 'Romance']",3.79,127
40732,9392,The Descent,Adventure|Horror,"['Adventure', 'Horror']",3.39,165
55280,6615,Lars and the Real Girl,Comedy|Romance|Drama,"['Comedy', 'Romance', 'Drama']",3.53,141
5065,2637,The Mothman Prophecies,Drama|Horror|Mystery,"['Drama', 'Horror', 'Mystery']",3.02,161
81,400,Things to Do in Denver When You're Dead,Drama|Crime,"['Drama', 'Crime']",3.16,86
3978,4958,The Legend of Bagger Vance,Fantasy|Drama,"['Fantasy', 'Drama']",2.97,140
67734,16614,Adventureland,Comedy,['Comedy'],3.21,141
36401,4442,The Brothers Grimm,Adventure|Fantasy|Action|Comedy|Thriller,"['Adventure', 'Fantasy', 'Action', 'Comedy', 'Thriller']",2.82,184
4974,11397,Not Another Teen Movie,Comedy,['Comedy'],2.58,174
1701,2639,Deconstructing Harry,Comedy|Drama,"['Comedy', 'Drama']",3.59,123
3646,9600,Big Momma's House,Crime|Comedy,"['Crime', 'Comedy']",2.06,156
135569,188927,Star Trek Beyond,Action|Adventure|Science Fiction,"['Action', 'Adventure', 'Science Fiction']",3.47,130
79592,27581,The Other Guys,Action|Comedy|Crime,"['Action', 'Comedy', 'Crime']",3.25,163
2702,10279,Summer of Sam,Thriller|Drama|Crime|Romance,"['Thriller', 'Drama', 'Crime', 'Romance']",3.14,131
2334,9882,The Siege,Drama|Action|Thriller|Crime,"['Drama', 'Action', 'Thriller', 'Crime']",3.11,149
3917,9003,Hellraiser,Horror,['Horror'],3.22,161
798,11228,Daylight,Action|Adventure|Thriller,"['Action', 'Adventure', 'Thriller']",2.64,136
5151,2752,40 Days and 40 Nights,Comedy|Romance,"['Comedy', 'Romance']",2.53,163
71530,19959,Surrogates,Action|Science Fiction|Thriller,"['Action', 'Science Fiction', 'Thriller']",3.12,164
4887,10796,The One,Action|Science Fiction|Thriller,"['Action', 'Science Fiction', 'Thriller']",2.82,165
122924,246655,X-Men: Apocalypse,Science Fiction,['Science Fiction'],3.06,134
69644,8355,Ice Age: Dawn of the Dinosaurs,Animation|Comedy|Family|Adventure,"['Animation', 'Comedy', 'Family', 'Adventure']",3.01,154
102123,109414,This Is the End,Action|Comedy,"['Action', 'Comedy']",3.14,152
90746,17578,The Adventures of Tintin,Adventure|Animation|Mystery,"['Adventure', 'Animation', 'Mystery']",3.4,139
2730,3175,Barry Lyndon,Drama|Romance|War,"['Drama', 'Romance', 'War']",3.73,118
3972,12207,The Legend of Drunken Master,Action|Comedy,"['Action', 'Comedy']",3.53,129
27808,2539,Spanglish,Comedy,['Comedy'],3.13,148
76077,23048,Hot Tub Time Machine,Science Fiction|Comedy|Adventure,"['Science Fiction', 'Comedy', 'Adventure']",2.9,160
50068,1251,Letters from Iwo Jima,Action|Adventure|Drama|War,"['Action', 'Adventure', 'Drama', 'War']",3.73,144
1518,2163,Breakdown,Drama|Action|Thriller,"['Drama', 'Action', 'Thriller']",3.26,125
5943,7303,Maid in Manhattan,Comedy|Drama|Romance,"['Comedy', 'Drama', 'Romance']",2.39,142
971,261,Cat on a Hot Tin Roof,Drama|Romance,"['Drama', 'Romance']",3.74,88
6618,11770,Shaolin Soccer,Action|Comedy,"['Action', 'Comedy']",3.43,130
49274,9836,Happy Feet,Animation|Comedy,"['Animation', 'Comedy']",2.89,157
3483,10501,The Road to El Dorado,Adventure|Animation|Comedy|Family,"['Adventure', 'Animation', 'Comedy', 'Family']",3.05,138
2718,10490,Drop Dead Gorgeous,Comedy,['Comedy'],3.0,113
6873,11775,Intolerable Cruelty,Crime|Comedy|Romance,"['Crime', 'Comedy', 'Romance']",3.09,178
78772,24021,The Twilight Saga: Eclipse,Adventure|Fantasy|Drama|Romance,"['Adventure', 'Fantasy', 'Drama', 'Romance']",2.17,139
87520,38356,Transformers: Dark of the Moon,Action|Science Fiction|Adventure,"['Action', 'Science Fiction', 'Adventure']",2.47,168
3861,10393,The Replacements,Comedy,['Comedy'],2.99,145
72407,18239,The Twilight Saga: New Moon,Adventure|Fantasy|Drama|Romance,"['Adventure', 'Fantasy', 'Drama', 'Romance']",2.28,148
1888,9715,Hope Floats,Drama|Romance,"['Drama', 'Romance']",2.66,98
6535,10327,"Legally Blonde 2: Red, White & Blonde",Comedy,['Comedy'],2.38,150
3633,668,On Her Majesty's Secret Service,Adventure|Action|Thriller,"['Adventure', 'Action', 'Thriller']",3.28,143
103688,138843,The Conjuring,Horror|Thriller,"['Horror', 'Thriller']",3.41,150
2827,2900,The Astronaut's Wife,Drama|Science Fiction|Thriller,"['Drama', 'Science Fiction', 'Thriller']",2.45,128
58295,8848,The Bank Job,Thriller|Crime|Drama,"['Thriller', 'Crime', 'Drama']",3.48,153
64034,14574,The Boy in the Striped Pyjamas,War|Drama,"['War', 'Drama']",3.59,113
2995,11377,House on Haunted Hill,Horror|Mystery|Thriller,"['Horror', 'Mystery', 'Thriller']",2.6,131
2316,6435,Practical Magic,Drama|Fantasy|Comedy,"['Drama', 'Fantasy', 'Comedy']",2.92,145
136864,209112,Batman v Superman: Dawn of Justice,Action|Adventure|Fantasy,"['Action', 'Adventure', 'Fantasy']",2.76,147
120466,198184,Chappie,Crime|Action|Science Fiction,"['Crime', 'Action', 'Science Fiction']",3.39,133
3441,1880,Red Dawn,Action|Thriller,"['Action', 'Thriller']",2.99,129
60397,11631,Mamma Mia!,Comedy|Romance,"['Comedy', 'Romance']",2.82,122
1944,11426,From Here to Eternity,War|Drama|Romance,"['War', 'Drama', 'Romance']",3.85,94
2447,14709,Varsity Blues,Comedy|Drama|Romance,"['Comedy', 'Drama', 'Romance']",3.0,133
62849,13809,RockNRolla,Action|Crime|Thriller,"['Action', 'Crime', 'Thriller']",3.52,141
45081,588,Silent Hill,Horror|Mystery,"['Horror', 'Mystery']",3.05,150
3983,14295,You Can Count on Me,Drama|Romance,"['Drama', 'Romance']",3.84,100
64620,11499,Frost/Nixon,Drama|History,"['Drama', 'History']",3.71,136
2052,10439,Hocus Pocus,Comedy|Family|Fantasy,"['Comedy', 'Family', 'Fantasy']",2.98,139
1694,2895,The Apostle,Drama,['Drama'],3.62,111
4378,11826,Sexy Beast,Crime|Drama|Thriller,"['Crime', 'Drama', 'Thriller']",3.61,148
15,1408,Cutthroat Island,Action|Adventure,"['Action', 'Adventure']",2.59,109
51086,3594,The Number 23,Thriller|Drama|Mystery,"['Thriller', 'Drama', 'Mystery']",2.78,139
36519,9335,Transporter 2,Action|Thriller|Crime,"['Action', 'Thriller', 'Crime']",2.95,155
3615,10567,Dinosaur,Animation|Family,"['Animation', 'Family']",2.99,117
55232,7737,Resident Evil: Extinction,Horror|Action|Science Fiction,"['Horror', 'Action', 'Science Fiction']",2.97,153
3016,16281,Creepshow,Horror|Comedy|Fantasy,"['Horror', 'Comedy', 'Fantasy']",3.24,123
3503,593,Solaris,Drama|Science Fiction|Adventure|Mystery,"['Drama', 'Science Fiction', 'Adventure', 'Mystery']",3.58,120
41571,1904,Memoirs of a Geisha,Drama|History|Romance,"['Drama', 'History', 'Romance']",3.45,152
97923,87502,Flight,Drama,['Drama'],3.4,140
89904,74643,The Artist,Drama|Comedy|Romance,"['Drama', 'Comedy', 'Romance']",3.66,140
48997,1427,Perfume: The Story of a Murderer,Crime|Fantasy|Drama,"['Crime', 'Fantasy', 'Drama']",3.52,156
8340,10734,Escape from Alcatraz,Crime|Drama,"['Crime', 'Drama']",3.66,153
3260,8293,Howards End,Drama|Romance,"['Drama', 'Romance']",3.63,110
2022,11051,The Last Temptation of Christ,Drama,['Drama'],3.69,126
63062,3580,Changeling,Crime|Drama|Mystery,"['Crime', 'Drama', 'Mystery']",3.57,153
119141,228967,The Interview,Action|Comedy,"['Action', 'Comedy']",2.98,122
87430,44912,Green Lantern,Adventure|Action|Thriller|Science Fiction,"['Adventure', 'Action', 'Thriller', 'Science Fiction']",2.42,161
2401,8879,Pale Rider,Romance|Western,"['Romance', 'Western']",3.57,116
94677,76493,The Dictator,Comedy,['Comedy'],2.83,132
2690,24137,An Ideal Husband,Drama|Comedy|Romance,"['Drama', 'Comedy', 'Romance']",3.44,84
3062,9289,The Longest Day,Action|Drama|History|War,"['Action', 'Drama', 'History', 'War']",3.73,104
44974,2652,Hard Candy,Drama|Thriller,"['Drama', 'Thriller']",3.37,149
91077,65057,The Descendants,Comedy|Drama,"['Comedy', 'Drama']",3.42,157
159093,291805,Now You See Me 2,Action|Adventure|Comedy|Crime|Mystery|Thriller,"['Action', 'Adventure', 'Comedy', 'Crime', 'Mystery', 'Thriller']",3.24,116
68135,16996,17 Again,Comedy,['Comedy'],2.84,115
8947,1970,The Grudge,Horror|Mystery|Thriller,"['Horror', 'Mystery', 'Thriller']",2.62,145
86644,51497,Fast Five,Action|Thriller|Crime,"['Action', 'Thriller', 'Crime']",3.04,128
5294,12149,Frailty,Drama|Thriller|Crime,"['Drama', 'Thriller', 'Crime']",3.44,163
7569,667,You Only Live Twice,Action|Thriller|Adventure,"['Action', 'Thriller', 'Adventure']",3.43,136
3250,7305,Alive,Action|Adventure|Drama|Thriller,"['Action', 'Adventure', 'Drama', 'Thriller']",3.41,133
2759,16406,Dick,Comedy,['Comedy'],3.21,119
90249,39254,Real Steel,Action|Science Fiction|Drama,"['Action', 'Science Fiction', 'Drama']",3.1,147
6058,9358,Final Destination 2,Horror|Mystery,"['Horror', 'Mystery']",2.79,159
98154,72976,Lincoln,History|Drama,"['History', 'Drama']",3.57,166
5293,1537,Changing Lanes,Action|Adventure|Crime|Thriller,"['Action', 'Adventure', 'Crime', 'Thriller']",3.08,154
366,11596,New Nightmare,Horror|Thriller|Mystery|Fantasy,"['Horror', 'Thriller', 'Mystery', 'Fantasy']",2.81,104
6952,4970,Gothika,Horror|Thriller,"['Horror', 'Thriller']",2.75,163
110553,102382,The Amazing Spider-Man 2,Action|Adventure|Fantasy,"['Action', 'Adventure', 'Fantasy']",2.91,135
92420,76726,Chronicle,Science Fiction|Drama|Thriller,"['Science Fiction', 'Drama', 'Thriller']",3.45,144
56788,6538,Charlie Wilson's War,Comedy|Drama|History,"['Comedy', 'Drama', 'History']",3.47,149
84392,50348,The Lincoln Lawyer,Crime|Drama|Thriller,"['Crime', 'Drama', 'Thriller']",3.6,153
71838,22803,Law Abiding Citizen,Drama|Crime|Thriller,"['Drama', 'Crime', 'Thriller']",3.5,126
53993,2698,Evan Almighty,Fantasy|Comedy|Family,"['Fantasy', 'Comedy', 'Family']",2.44,149
55995,2310,Beowulf,Adventure|Action|Animation,"['Adventure', 'Action', 'Animation']",2.82,166
3993,10876,Quills,Drama,['Drama'],3.41,139
48877,214,Saw III,Horror|Thriller|Crime,"['Horror', 'Thriller', 'Crime']",2.59,125
69784,18480,Brüno,Comedy,['Comedy'],2.79,138
80219,23631,Machete,Action|Comedy|Thriller,"['Action', 'Comedy', 'Thriller']",3.09,152
2921,11901,High Plains Drifter,Western,['Western'],3.73,113
112171,156022,The Equalizer,Thriller|Action|Crime,"['Thriller', 'Action', 'Crime']",3.48,130
1970,10072,A Nightmare on Elm Street 3: Dream Warriors,Horror|Thriller,"['Horror', 'Thriller']",2.84,129
1760,6116,Spice World,Adventure|Fantasy|Drama|Comedy|Music,"['Adventure', 'Fantasy', 'Drama', 'Comedy', 'Music']",1.69,106
5135,480,Monsoon Wedding,Comedy|Drama|Romance,"['Comedy', 'Drama', 'Romance']",3.7,93
5066,10229,A Walk to Remember,Drama|Romance,"['Drama', 'Romance']",2.99,112
55363,4512,The Assassination of Jesse James by the Coward Robert Ford,Action|Drama|Western,"['Action', 'Drama', 'Western']",3.59,154
70293,24803,Julie & Julia,Romance|Drama,"['Romance', 'Drama']",3.49,115
782,9566,The Fan,Drama|Mystery|Thriller,"['Drama', 'Mystery', 'Thriller']",2.79,113
47629,1165,The Queen,Drama,['Drama'],3.65,137
3439,1497,Teenage Mutant Ninja Turtles II: The Secret of the Ooze,Science Fiction|Adventure|Action|Comedy|Family,"['Science Fiction', 'Adventure', 'Action', 'Comedy', 'Family']",2.49,149
53894,2359,Sicko,Documentary,['Documentary'],3.51,138
4247,10956,Joe Dirt,Mystery|Adventure|Comedy|Romance|Drama,"['Mystery', 'Adventure', 'Comedy', 'Romance', 'Drama']",2.67,150
7154,11820,Mona Lisa Smile,Drama|Romance,"['Drama', 'Romance']",2.95,110
46335,9615,The Fast and the Furious: Tokyo Drift,Action|Crime|Drama|Thriller,"['Action', 'Crime', 'Drama', 'Thriller']",2.67,133
67197,13811,Knowing,Action|Adventure|Drama|Mystery|Science Fiction|Thriller,"['Action', 'Adventure', 'Drama', 'Mystery', 'Science Fiction', 'Thriller']",2.84,154
37727,9315,Flightplan,Thriller|Drama|Mystery,"['Thriller', 'Drama', 'Mystery']",2.88,161
4844,3172,Bandits,Action|Comedy|Crime|Romance,"['Action', 'Comedy', 'Crime', 'Romance']",3.21,153
3512,2621,Return to Me,Romance|Comedy|Drama,"['Romance', 'Comedy', 'Drama']",3.11,106
1991,10585,Child's Play,Horror|Thriller,"['Horror', 'Thriller']",2.83,124
7367,5516,The Ladykillers,Comedy|Crime|Thriller,"['Comedy', 'Crime', 'Thriller']",2.92,159
86190,50456,Hanna,Action|Thriller|Adventure,"['Action', 'Thriller', 'Adventure']",3.39,155
59900,10661,You Don't Mess with the Zohan,Comedy|Action,"['Comedy', 'Action']",2.42,148
4642,13403,Hedwig and the Angry Inch,Comedy|Music,"['Comedy', 'Music']",3.66,122
3053,10047,The Messenger: The Story of Joan of Arc,Adventure|Drama|Action|History|War,"['Adventure', 'Drama', 'Action', 'History', 'War']",2.96,115
6753,13156,Secondhand Lions,Comedy|Drama|Family,"['Comedy', 'Drama', 'Family']",3.56,127
1769,11702,The Replacement Killers,Action|Drama|Crime|Thriller,"['Action', 'Drama', 'Crime', 'Thriller']",3.1,116
71464,12573,A Serious Man,Comedy|Drama,"['Comedy', 'Drama']",3.45,145
2279,9877,Urban Legend,Horror|Thriller,"['Horror', 'Thriller']",2.51,139
44694,219,Volver,Comedy|Drama|Romance,"['Comedy', 'Drama', 'Romance']",3.71,107
6187,11615,The Life of David Gale,Drama|Thriller|Crime,"['Drama', 'Thriller', 'Crime']",3.59,151
71379,23827,Paranormal Activity,Horror|Mystery,"['Horror', 'Mystery']",3.03,132
4744,8922,Jeepers Creepers,Horror|Thriller,"['Horror', 'Thriller']",2.56,154
93363,49529,John Carter,Action|Adventure|Science Fiction,"['Action', 'Adventure', 'Science Fiction']",2.99,147
7158,11093,House of Sand and Fog,Drama,['Drama'],3.61,129
482,507,Killing Zoe,Action|Crime|Drama|Thriller,"['Action', 'Crime', 'Drama', 'Thriller']",3.18,79
1914,20862,Smoke Signals,Drama|Comedy,"['Drama', 'Comedy']",3.64,71
5577,9685,Igby Goes Down,Comedy|Drama,"['Comedy', 'Drama']",3.34,129
1611,468,My Own Private Idaho,Drama|Romance,"['Drama', 'Romance']",3.26,109
5283,11452,National Lampoon’s Van Wilder,Comedy|Romance,"['Comedy', 'Romance']",2.98,144
42723,1690,Hostel,Horror,['Horror'],2.66,136
69640,11322,Public Enemies,History|Crime|Drama,"['History', 'Crime', 'Drama']",3.17,158
104243,87421,Riddick,Science Fiction|Action|Thriller,"['Science Fiction', 'Action', 'Thriller']",3.18,130
8366,13193,Saved!,Comedy|Drama,"['Comedy', 'Drama']",3.42,123
4903,1999,In the Bedroom,Drama|Thriller,"['Drama', 'Thriller']",3.6,119
30816,9833,The Phantom of the Opera,Thriller|Drama|Romance,"['Thriller', 'Drama', 'Romance']",3.19,123
1833,8838,Mercury Rising,Action|Crime|Drama|Thriller,"['Action', 'Crime', 'Drama', 'Thriller']",2.95,137
2360,309,The Celebration,Drama,['Drama'],3.92,100
52458,8271,Disturbia,Thriller|Drama|Mystery,"['Thriller', 'Drama', 'Mystery']",3.1,141
1753,9490,Half Baked,Comedy|Crime,"['Comedy', 'Crime']",3.12,132
4386,10992,Cats & Dogs,Comedy|Family,"['Comedy', 'Family']",2.43,132
2414,11904,Young Sherlock Holmes,Action|Adventure|Crime|Drama|Family|Mystery|Thriller,"['Action', 'Adventure', 'Crime', 'Drama', 'Family', 'Mystery', 'Thriller']",3.22,107
1615,9433,The Edge,Action|Adventure|Drama,"['Action', 'Adventure', 'Drama']",3.32,120
71156,10313,The Men Who Stare at Goats,Comedy|War,"['Comedy', 'War']",3.02,143
7439,7220,The Punisher,Action|Crime|Drama,"['Action', 'Crime', 'Drama']",3.0,162
67408,15512,Monsters vs Aliens,Animation|Family|Adventure|Science Fiction,"['Animation', 'Family', 'Adventure', 'Science Fiction']",2.97,122
64622,8055,The Reader,Drama|Romance,"['Drama', 'Romance']",3.68,136
4519,12144,The Land Before Time,Animation|Adventure|Family,"['Animation', 'Adventure', 'Family']",3.14,138
5505,9962,The Good Girl,Drama|Comedy|Romance,"['Drama', 'Comedy', 'Romance']",3.3,123
85510,23629,Sucker Punch,Action|Fantasy|Thriller,"['Action', 'Fantasy', 'Thriller']",2.64,136
7256,11194,Touching the Void,Documentary|Action|Adventure,"['Documentary', 'Action', 'Adventure']",3.83,99
6774,837,Videodrome,Horror|Mystery|Science Fiction,"['Horror', 'Mystery', 'Science Fiction']",3.64,119
56941,6023,P.S. I Love You,Drama|Romance,"['Drama', 'Romance']",3.18,108
5882,9016,Treasure Planet,Adventure|Animation|Family|Fantasy|Science Fiction,"['Adventure', 'Animation', 'Family', 'Fantasy', 'Science Fiction']",3.31,127
76175,18823,Clash of the Titans,Adventure|Fantasy|Action,"['Adventure', 'Fantasy', 'Action']",2.56,152
3068,24226,The Verdict,Drama,['Drama'],3.85,98
4553,8337,They Live,Action|Horror|Science Fiction|Thriller,"['Action', 'Horror', 'Science Fiction', 'Thriller']",3.54,142
5900,9932,Analyze That,Comedy|Crime,"['Comedy', 'Crime']",2.75,135
3316,2155,Reindeer Games,Thriller,['Thriller'],2.54,139
2530,1685,Beneath the Planet of the Apes,Adventure|Science Fiction|Mystery,"['Adventure', 'Science Fiction', 'Mystery']",2.85,104
6664,10999,Commando,Action|Adventure|Thriller,"['Action', 'Adventure', 'Thriller']",3.14,146
3952,6521,The Contender,Drama|Thriller,"['Drama', 'Thriller']",3.5,112
89470,39538,Contagion,Drama|Thriller|Science Fiction,"['Drama', 'Thriller', 'Science Fiction']",3.24,136
188,11980,The Prophecy,Fantasy|Horror|Thriller,"['Fantasy', 'Horror', 'Thriller']",2.96,80
4876,9378,Thir13en Ghosts,Horror|Thriller,"['Horror', 'Thriller']",2.52,141
68793,18360,Night at the Museum: Battle of the Smithsonian,Adventure|Fantasy|Action|Comedy|Family,"['Adventure', 'Fantasy', 'Action', 'Comedy', 'Family']",2.68,133
46965,326,Snakes on a Plane,Action|Crime|Horror|Thriller,"['Action', 'Crime', 'Horror', 'Thriller']",2.34,129
8373,9890,The Stepford Wives,Action|Comedy|Science Fiction,"['Action', 'Comedy', 'Science Fiction']",2.39,137
4036,10873,Shadow of the Vampire,Drama|Horror,"['Drama', 'Horror']",3.47,120
2390,8545,Little Voice,Comedy|Drama,"['Comedy', 'Drama']",3.55,82
1594,14585,In the Company of Men,Comedy|Drama,"['Comedy', 'Drama']",3.59,88
77866,20662,Robin Hood,Action|Adventure,"['Action', 'Adventure']",2.96,161
991,1770,Michael Collins,Drama|Thriller,"['Drama', 'Thriller']",3.32,85
86320,62215,Melancholia,Drama|Science Fiction,"['Drama', 'Science Fiction']",3.48,130
130634,168259,Furious 7,Action,['Action'],3.22,110
54190,4688,Across the Universe,Adventure|Drama|Music|Romance,"['Adventure', 'Drama', 'Music', 'Romance']",3.33,107
4880,11457,Life as a House,Drama,['Drama'],3.47,108
3998,11983,Proof of Life,Action|Adventure|Drama|Romance|Thriller,"['Action', 'Adventure', 'Drama', 'Romance', 'Thriller']",2.92,129
58047,8390,"Definitely, Maybe",Comedy|Romance,"['Comedy', 'Romance']",3.41,106
62999,10527,Madagascar: Escape 2 Africa,Family|Animation,"['Family', 'Animation']",2.94,117
81537,41733,Due Date,Comedy|Drama,"['Comedy', 'Drama']",3.02,129
7285,11023,Thirteen,Crime|Drama,"['Crime', 'Drama']",3.22,126
64983,2253,Valkyrie,Drama|Thriller|History|War,"['Drama', 'Thriller', 'History', 'War']",3.29,155
3484,11478,The Skulls,Crime|Drama|Thriller,"['Crime', 'Drama', 'Thriller']",2.49,124
5446,9555,Rabbit-Proof Fence,Adventure|Drama|Action|History,"['Adventure', 'Drama', 'Action', 'History']",3.69,93
33646,9291,The Longest Yard,Comedy|Drama,"['Comedy', 'Drama']",2.98,142
328,9059,Tales from the Crypt: Demon Knight,Horror|Comedy|Thriller,"['Horror', 'Comedy', 'Thriller']",2.69,84
2432,9441,Stepmom,Drama|Romance,"['Drama', 'Romance']",3.05,105
38886,10707,The Squid and the Whale,Comedy|Drama,"['Comedy', 'Drama']",3.64,111
64575,14359,Doubt,Drama|Mystery,"['Drama', 'Mystery']",3.72,131
79185,37834,Knight and Day,Action|Comedy,"['Action', 'Comedy']",3.18,117
931,4174,Spellbound,Drama|Mystery|Thriller,"['Drama', 'Mystery', 'Thriller']",3.79,85
6264,9341,The Core,Action|Thriller|Adventure|Science Fiction,"['Action', 'Thriller', 'Adventure', 'Science Fiction']",2.55,127
78637,10192,Shrek Forever After,Comedy|Adventure|Fantasy|Animation|Family,"['Comedy', 'Adventure', 'Fantasy', 'Animation', 'Family']",2.76,119
6552,3472,Dirty Pretty Things,Crime|Drama|Thriller,"['Crime', 'Drama', 'Thriller']",3.64,108
3688,10246,Porky's,Comedy,['Comedy'],2.7,125
71033,25376,The Secret in Their Eyes,Crime|Drama|Mystery|Romance,"['Crime', 'Drama', 'Mystery', 'Romance']",3.81,93
121231,270303,It Follows,Horror|Thriller,"['Horror', 'Thriller']",3.55,110
56339,6537,The Orphanage,Horror|Drama|Thriller,"['Horror', 'Drama', 'Thriller']",3.55,117
8645,436,Maria Full of Grace,Drama|Thriller|Crime,"['Drama', 'Thriller', 'Crime']",3.7,98
1969,10014,A Nightmare on Elm Street Part 2: Freddy's Revenge,Horror,['Horror'],2.54,113
1845,16148,Zero Effect,Comedy|Crime|Mystery|Thriller,"['Comedy', 'Crime', 'Mystery', 'Thriller']",3.6,85
89753,49517,Tinker Tailor Soldier Spy,Drama|Thriller|Mystery,"['Drama', 'Thriller', 'Mystery']",3.5,130
45501,9767,The Break-Up,Romance|Comedy,"['Romance', 'Comedy']",2.7,141
99007,82654,Warm Bodies,Horror|Comedy|Romance,"['Horror', 'Comedy', 'Romance']",3.19,110
78209,32823,Get Him to the Greek,Comedy,['Comedy'],3.0,124
2357,666,Central Station,Drama,['Drama'],3.77,71
43936,2207,16 Blocks,Action|Adventure|Crime|Thriller,"['Action', 'Adventure', 'Crime', 'Thriller']",3.13,138
72737,10198,The Princess and the Frog,Romance|Family|Animation|Music,"['Romance', 'Family', 'Animation', 'Music']",3.26,86
80906,44639,Inside Job,Documentary,['Documentary'],3.82,88
99149,82695,Les Misérables,Drama|Music|Romance,"['Drama', 'Music', 'Romance']",3.29,115
2296,9429,A Night at the Roxbury,Comedy,['Comedy'],2.53,118
1726,9922,The Postman,Drama|Adventure,"['Drama', 'Adventure']",2.71,121
5267,14635,The Rookie,Drama|Family,"['Drama', 'Family']",3.21,118
8666,314,Catwoman,Action|Crime,"['Action', 'Crime']",1.71,130
91485,76163,The Expendables 2,Action|Adventure|Thriller,"['Action', 'Adventure', 'Thriller']",2.89,121
65682,12437,Underworld: Rise of the Lycans,Fantasy|Action|Adventure|Science Fiction|Thriller,"['Fantasy', 'Action', 'Adventure', 'Science Fiction', 'Thriller']",3.02,123
57,9089,Home for the Holidays,Comedy|Drama|Romance,"['Comedy', 'Drama', 'Romance']",3.17,66
110730,157353,Transcendence,Thriller|Science Fiction|Drama|Mystery,"['Thriller', 'Science Fiction', 'Drama', 'Mystery']",3.03,122
68952,16871,Drag Me to Hell,Horror|Thriller,"['Horror', 'Thriller']",3.34,126
393,11667,Street Fighter,Action|Adventure|Thriller,"['Action', 'Adventure', 'Thriller']",1.89,141
7263,14292,Miracle,Drama|History,"['Drama', 'History']",3.55,120
2322,9425,Soldier,Action|War|Science Fiction,"['Action', 'War', 'Science Fiction']",2.93,100
5621,10771,The Tuxedo,Thriller|Action|Comedy|Science Fiction,"['Thriller', 'Action', 'Comedy', 'Science Fiction']",2.4,147
5108,8470,John Q,Drama|Thriller|Crime,"['Drama', 'Thriller', 'Crime']",3.12,140
137857,278927,The Jungle Book,Family|Adventure|Drama|Fantasy,"['Family', 'Adventure', 'Drama', 'Fantasy']",3.48,119
78574,39013,Winter's Bone,Drama,['Drama'],3.52,131
2750,30890,Radio Days,Comedy|Drama,"['Comedy', 'Drama']",3.75,100
93838,94329,The Raid,Action|Thriller|Crime,"['Action', 'Thriller', 'Crime']",3.55,127
2387,10029,Very Bad Things,Comedy|Crime|Thriller,"['Comedy', 'Crime', 'Thriller']",2.66,115
4005,708,The Living Daylights,Action|Adventure|Thriller,"['Action', 'Adventure', 'Thriller']",3.18,133
7151,3635,Girl with a Pearl Earring,Drama|Romance,"['Drama', 'Romance']",3.43,122
97225,76492,Hotel Transylvania,Animation|Comedy|Family|Fantasy,"['Animation', 'Comedy', 'Family', 'Fantasy']",3.27,103
130490,262500,Insurgent,Adventure|Science Fiction|Thriller,"['Adventure', 'Science Fiction', 'Thriller']",3.01,119
135887,211672,Minions,Family|Animation|Adventure|Comedy,"['Family', 'Animation', 'Adventure', 'Comedy']",3.03,119
2971,16858,All That Jazz,Drama|Music,"['Drama', 'Music']",3.68,71
84374,41630,No Strings Attached,Comedy|Romance,"['Comedy', 'Romance']",3.02,88
66203,10184,He's Just Not That Into You,Comedy|Romance|Drama,"['Comedy', 'Romance', 'Drama']",2.82,91
1951,17917,Oliver!,Drama|Family|Music,"['Drama', 'Family', 'Music']",3.52,89
4368,10808,Dr. Dolittle 2,Comedy|Family|Romance|Fantasy,"['Comedy', 'Family', 'Romance', 'Fantasy']",2.15,120
4673,9618,Tango & Cash,Action|Adventure|Comedy,"['Action', 'Adventure', 'Comedy']",2.71,132
2861,10390,For Love of the Game,Drama|Romance,"['Drama', 'Romance']",2.81,86
55814,2013,The Diving Bell and the Butterfly,Drama,['Drama'],3.79,91
1633,55306,Ulee's Gold,Drama,['Drama'],3.6,59
7161,11007,Cheaper by the Dozen,Comedy,['Comedy'],2.57,129
4149,10878,Saving Silverman,Comedy|Crime|Romance,"['Comedy', 'Crime', 'Romance']",2.67,106
1681,9823,Mortal Kombat: Annihilation,Action|Fantasy|Science Fiction,"['Action', 'Fantasy', 'Science Fiction']",1.99,128
65230,14306,Marley & Me,Comedy|Family,"['Comedy', 'Family']",3.04,103
51084,11172,Music and Lyrics,Comedy|Music|Romance,"['Comedy', 'Music', 'Romance']",3.09,108
45668,2044,The Lake House,Romance|Drama|Mystery,"['Romance', 'Drama', 'Mystery']",3.03,121
6755,9707,Bubba Ho-tep,Comedy|Horror|Thriller|Mystery|Fantasy,"['Comedy', 'Horror', 'Thriller', 'Mystery', 'Fantasy']",3.33,119
120799,87101,Terminator Genisys,Science Fiction|Action|Thriller|Adventure,"['Science Fiction', 'Action', 'Thriller', 'Adventure']",2.88,122
55282,4513,30 Days of Night,Horror|Thriller,"['Horror', 'Thriller']",3.07,135
1727,547,The Horse Whisperer,Drama|Romance,"['Drama', 'Romance']",2.95,87
52975,2976,Hairspray,Family|Comedy|Music|Romance,"['Family', 'Comedy', 'Music', 'Romance']",3.22,98
55830,4953,Be Kind Rewind,Drama|Comedy,"['Drama', 'Comedy']",3.07,125
89804,10316,The Ides of March,Drama,['Drama'],3.4,112
102194,103731,Mud,Drama,['Drama'],3.66,111
27721,2841,A Very Long Engagement,Drama,['Drama'],3.8,94
92,9095,Mary Reilly,Drama|Horror|Thriller|Romance,"['Drama', 'Horror', 'Thriller', 'Romance']",2.7,53
8531,12153,White Chicks,Comedy,['Comedy'],2.21,108
5812,10712,Far from Heaven,Drama|Romance,"['Drama', 'Romance']",3.65,93
56801,440,Aliens vs Predator: Requiem,Fantasy|Action|Science Fiction|Thriller|Horror,"['Fantasy', 'Action', 'Science Fiction', 'Thriller', 'Horror']",2.44,123
76293,35056,Date Night,Comedy,['Comedy'],2.96,117
879,11015,The Relic,Horror|Mystery|Thriller,"['Horror', 'Mystery', 'Thriller']",2.65,99
8977,1966,Alexander,War|History|Action|Adventure|Drama|Romance,"['War', 'History', 'Action', 'Adventure', 'Drama', 'Romance']",2.46,130
5364,2251,Unfaithful,Thriller|Drama,"['Thriller', 'Drama']",3.22,112
55768,5559,Bee Movie,Family|Animation|Adventure|Comedy,"['Family', 'Animation', 'Adventure', 'Comedy']",2.55,127
82169,10140,The Chronicles of Narnia: The Voyage of the Dawn Treader,Adventure|Family|Fantasy,"['Adventure', 'Family', 'Fantasy']",2.91,104
6250,6171,Dreamcatcher,Drama|Horror|Science Fiction|Thriller,"['Drama', 'Horror', 'Science Fiction', 'Thriller']",2.48,125
1286,16633,Somewhere in Time,Science Fiction|Drama|Fantasy|Romance,"['Science Fiction', 'Drama', 'Fantasy', 'Romance']",3.49,76
71135,19898,Pandorum,Action|Horror|Mystery|Science Fiction|Thriller,"['Action', 'Horror', 'Mystery', 'Science Fiction', 'Thriller']",3.39,110
61,17182,Eye for an Eye,Drama|Thriller,"['Drama', 'Thriller']",2.83,54
84601,48138,Unknown,Action|Mystery|Thriller,"['Action', 'Mystery', 'Thriller']",3.28,108
804,11363,She's the One,Comedy|Romance,"['Comedy', 'Romance']",2.96,78
64497,10200,The Day the Earth Stood Still,Drama|Science Fiction|Thriller,"['Drama', 'Science Fiction', 'Thriller']",2.66,144
3812,11624,Everything You Always Wanted to Know About Sex *But Were Afraid to Ask,Comedy,['Comedy'],3.49,110
5970,4032,My Girl,Comedy|Drama|Family,"['Comedy', 'Drama', 'Family']",3.02,122
104241,59859,Kick-Ass 2,Action|Adventure|Crime,"['Action', 'Adventure', 'Crime']",3.0,126
2188,3682,54,Music|Drama,"['Music', 'Drama']",2.66,91
69951,8054,The Imaginarium of Doctor Parnassus,Adventure|Fantasy|Mystery,"['Adventure', 'Fantasy', 'Mystery']",3.21,120
2034,9570,The Black Hole,Adventure|Family|Science Fiction|Action,"['Adventure', 'Family', 'Science Fiction', 'Action']",2.69,101
42011,7552,Fun with Dick and Jane,Comedy,['Comedy'],2.91,137
1949,874,A Man for All Seasons,Drama|History,"['Drama', 'History']",4.0,69
79139,27022,The Sorcerer's Apprentice,Fantasy|Adventure|Action|Comedy|Drama,"['Fantasy', 'Adventure', 'Action', 'Comedy', 'Drama']",2.9,122
5009,8489,Ali,Drama,['Drama'],3.07,121
62374,12113,Body of Lies,Action|Drama|Thriller,"['Action', 'Drama', 'Thriller']",3.5,111
59022,13335,Harold & Kumar Escape from Guantanamo Bay,Comedy|Adventure,"['Comedy', 'Adventure']",2.78,125
71745,16523,Where the Wild Things Are,Family|Fantasy,"['Family', 'Fantasy']",3.22,119
4340,11090,The Animal,Action|Comedy,"['Action', 'Comedy']",2.1,124
27821,179,The Interpreter,Crime|Thriller,"['Crime', 'Thriller']",3.21,121
6764,10159,The Rundown,Adventure|Action|Comedy|Thriller,"['Adventure', 'Action', 'Comedy', 'Thriller']",3.15,140
70336,14869,G.I. Joe: The Rise of Cobra,Adventure|Action|Thriller|Science Fiction,"['Adventure', 'Action', 'Thriller', 'Science Fiction']",2.63,116
62081,13027,Eagle Eye,Mystery|Thriller|Action,"['Mystery', 'Thriller', 'Action']",3.13,114
3618,10569,Small Time Crooks,Action|Comedy|Crime,"['Action', 'Comedy', 'Crime']",3.22,94
945,3080,Top Hat,Comedy|Music|Romance,"['Comedy', 'Music', 'Romance']",3.85,55
4017,12509,Pollock,Drama|Romance,"['Drama', 'Romance']",3.47,98
60037,8645,The Happening,Thriller|Science Fiction,"['Thriller', 'Science Fiction']",2.33,129
74545,11439,The Ghost Writer,Thriller|Mystery,"['Thriller', 'Mystery']",3.5,117
111113,195589,Neighbors,Comedy,['Comedy'],3.0,109
5265,9275,Death to Smoochy,Comedy|Crime|Drama|Thriller,"['Comedy', 'Crime', 'Drama', 'Thriller']",2.99,138
8966,11184,Kinsey,Drama,['Drama'],3.55,121
86298,46195,Rio,Animation|Adventure|Comedy|Family,"['Animation', 'Adventure', 'Comedy', 'Family']",2.94,109
100714,132344,Before Midnight,Romance|Drama,"['Romance', 'Drama']",3.87,91
1689,9414,The Man Who Knew Too Little,Comedy|Thriller|Crime|Action,"['Comedy', 'Thriller', 'Crime', 'Action']",3.2,94
7324,2023,Hidalgo,Western|Adventure,"['Western', 'Adventure']",3.18,112
85788,49018,Insidious,Horror|Thriller,"['Horror', 'Thriller']",3.3,106
129354,256591,Focus,Romance|Comedy|Crime|Drama,"['Romance', 'Comedy', 'Crime', 'Drama']",3.21,94
57274,8329,[REC],Horror|Mystery,"['Horror', 'Mystery']",3.67,101
4994,11086,The Majestic,Drama|Romance,"['Drama', 'Romance']",3.04,122
4406,11697,The Man Who Shot Liberty Valance,Western,['Western'],3.8,88
711,36355,Flipper,Adventure|Family,"['Adventure', 'Family']",2.12,55
45666,9353,Nacho Libre,Comedy|Family,"['Comedy', 'Family']",2.69,124
521,2088,Romeo Is Bleeding,Action|Crime|Drama|Thriller,"['Action', 'Crime', 'Drama', 'Thriller']",3.05,53
87485,52449,Bad Teacher,Comedy,['Comedy'],2.61,94
74530,32657,Percy Jackson & the Olympians: The Lightning Thief,Adventure|Fantasy|Family,"['Adventure', 'Fantasy', 'Family']",2.63,106
1353,25189,The Mirror Has Two Faces,Comedy|Drama|Romance,"['Comedy', 'Drama', 'Romance']",2.8,51
49651,1246,Rocky Balboa,Drama,['Drama'],3.35,123
70183,20943,The Ugly Truth,Comedy|Romance,"['Comedy', 'Romance']",2.92,91
44193,9655,She's the Man,Comedy|Drama|Family|Romance,"['Comedy', 'Drama', 'Family', 'Romance']",2.7,91
49649,2486,Eragon,Fantasy|Action|Adventure|Family,"['Fantasy', 'Action', 'Adventure', 'Family']",2.26,112
98243,81188,Rise of the Guardians,Fantasy|Animation|Family,"['Fantasy', 'Animation', 'Family']",3.33,93
95088,84332,Safety Not Guaranteed,Comedy|Romance|Science Fiction|Drama,"['Comedy', 'Romance', 'Science Fiction', 'Drama']",3.58,100
3786,20770,But I'm a Cheerleader,Comedy,['Comedy'],3.22,79
4062,11191,Mystic Pizza,Comedy|Drama|Romance,"['Comedy', 'Drama', 'Romance']",3.23,82
45210,9829,United 93,Drama|History|Crime|Thriller|Action,"['Drama', 'History', 'Crime', 'Thriller', 'Action']",3.63,111
132046,158852,Tomorrowland,Adventure|Family|Mystery|Science Fiction,"['Adventure', 'Family', 'Mystery', 'Science Fiction']",3.04,100
5380,9026,The Importance of Being Earnest,Comedy|Drama|History|Romance,"['Comedy', 'Drama', 'History', 'Romance']",3.51,73
3440,1499,Teenage Mutant Ninja Turtles III,Action|Adventure|Comedy|Family|Fantasy|Science Fiction,"['Action', 'Adventure', 'Comedy', 'Family', 'Fantasy', 'Science Fiction']",2.08,109
2531,1705,Battle for the Planet of the Apes,Action|Science Fiction,"['Action', 'Science Fiction']",2.59,75
32596,7364,Sahara,Action|Adventure|Comedy|Drama|Mystery,"['Action', 'Adventure', 'Comedy', 'Drama', 'Mystery']",2.9,135
6765,10934,Under the Tuscan Sun,Comedy|Drama|Romance,"['Comedy', 'Drama', 'Romance']",3.06,96
1130,11298,The Howling,Drama|Horror,"['Drama', 'Horror']",3.16,92
2532,1688,Conquest of the Planet of the Apes,Action|Science Fiction,"['Action', 'Science Fiction']",2.84,83
146656,312221,Creed,Drama,['Drama'],3.53,129
93,12158,Vampire in Brooklyn,Comedy|Horror|Romance,"['Comedy', 'Horror', 'Romance']",2.34,84
891,10987,Halloween: The Curse of Michael Myers,Horror|Thriller,"['Horror', 'Thriller']",2.25,53
6615,6466,Freddy vs. Jason,Horror,['Horror'],2.48,100
60766,14048,Man on Wire,Thriller|Documentary|Crime|History,"['Thriller', 'Documentary', 'Crime', 'History']",3.61,100
132,11863,Jade,Action|Thriller|Mystery|Romance,"['Action', 'Thriller', 'Mystery', 'Romance']",2.33,62
82202,37710,The Tourist,Action|Thriller|Romance,"['Action', 'Thriller', 'Romance']",2.75,113
5420,12100,Windtalkers,Drama|Action|History|War,"['Drama', 'Action', 'History', 'War']",2.78,105
4052,9989,Antitrust,Action|Crime|Drama,"['Action', 'Crime', 'Drama']",2.98,81
96861,82675,Taken 2,Action|Crime|Thriller,"['Action', 'Crime', 'Thriller']",2.86,98
96811,77016,End of Watch,Crime|Drama|Thriller,"['Crime', 'Drama', 'Thriller']",3.67,109
54648,5174,Rush Hour 3,Action|Comedy|Crime|Thriller,"['Action', 'Comedy', 'Crime', 'Thriller']",2.77,117
3444,11690,Bloodsport,Action,['Action'],3.02,112
79057,34851,Predators,Action|Science Fiction|Adventure|Thriller,"['Action', 'Science Fiction', 'Adventure', 'Thriller']",3.06,113
2676,12117,Instinct,Drama|Mystery|Thriller,"['Drama', 'Mystery', 'Thriller']",3.07,96
160438,324668,Jason Bourne,Action|Thriller,"['Action', 'Thriller']",3.25,99
3185,10219,Snow Falling on Cedars,Drama|Romance,"['Drama', 'Romance']",3.19,88
2772,9781,Detroit Rock City,Comedy|Music,"['Comedy', 'Music']",3.05,79
6213,9567,Tears of the Sun,Action|Drama|War,"['Action', 'Drama', 'War']",2.98,112
36525,9007,Just Like Heaven,Comedy|Fantasy|Romance,"['Comedy', 'Fantasy', 'Romance']",3.13,101
3066,11165,Tora! Tora! Tora!,History|Action|Drama|Adventure|War,"['History', 'Action', 'Drama', 'Adventure', 'War']",3.58,80
6303,10514,The Andromeda Strain,Science Fiction|Thriller,"['Science Fiction', 'Thriller']",3.59,85
5040,9610,Conan the Destroyer,Adventure|Fantasy|Action,"['Adventure', 'Fantasy', 'Action']",2.81,116
70599,24420,The Time Traveler's Wife,Drama|Romance|Fantasy,"['Drama', 'Romance', 'Fantasy']",3.2,97
2860,11001,Blue Streak,Action|Comedy|Crime,"['Action', 'Comedy', 'Crime']",2.98,109
39435,1656,The Legend of Zorro,Action|Adventure,"['Action', 'Adventure']",2.82,116
44972,4257,Scary Movie 4,Comedy,['Comedy'],1.99,105
2093,13155,Return to Oz,Adventure|Family|Fantasy,"['Adventure', 'Family', 'Fantasy']",2.96,75
50601,1265,Bridge to Terabithia,Adventure|Drama|Family,"['Adventure', 'Drama', 'Family']",3.12,108
117895,294254,Maze Runner: The Scorch Trials,Action,['Action'],2.92,98
103980,160588,Blue Jasmine,Comedy|Drama,"['Comedy', 'Drama']",3.5,104
40339,9982,Chicken Little,Animation|Family|Comedy,"['Animation', 'Family', 'Comedy']",2.56,108
3478,16620,La Bamba,Drama|Music,"['Drama', 'Music']",3.21,95
6482,10152,Dumb and Dumberer: When Harry Met Lloyd,Comedy,['Comedy'],1.72,111
30822,1901,In Good Company,Comedy|Drama|Romance,"['Comedy', 'Drama', 'Romance']",3.18,105
3565,10564,Where the Heart Is,Comedy|Drama|Romance,"['Comedy', 'Drama', 'Romance']",3.05,74
5784,9645,Ghost Ship,Horror|Mystery|Thriller,"['Horror', 'Mystery', 'Thriller']",2.51,120
2606,6552,Idle Hands,Thriller|Comedy|Horror,"['Thriller', 'Comedy', 'Horror']",2.74,95
27788,9667,The Jacket,Drama|Mystery|Thriller|Fantasy,"['Drama', 'Mystery', 'Thriller', 'Fantasy']",3.35,97
6294,11817,Bulletproof Monk,Action|Comedy|Fantasy,"['Action', 'Comedy', 'Fantasy']",2.74,124
1939,887,The Best Years of Our Lives,Drama|History|Romance,"['Drama', 'History', 'Romance']",3.95,66
55577,663,Saw IV,Horror|Thriller|Crime,"['Horror', 'Thriller', 'Crime']",2.7,96
2822,9096,Medicine Man,Adventure,['Adventure'],2.89,96
742,10280,Thinner,Horror|Thriller,"['Horror', 'Thriller']",2.54,88
259,6071,Kiss of Death,Action|Crime|Drama|Thriller,"['Action', 'Crime', 'Drama', 'Thriller']",2.99,64
85020,27582,The Mechanic,Action|Thriller|Crime,"['Action', 'Thriller', 'Crime']",3.3,87
2315,11932,Bride of Chucky,Horror|Comedy,"['Horror', 'Comedy']",2.24,103
5128,11979,Queen of the Damned,Drama|Fantasy|Horror,"['Drama', 'Fantasy', 'Horror']",2.6,99
46948,9297,Monster House,Animation|Comedy|Family|Fantasy,"['Animation', 'Comedy', 'Family', 'Fantasy']",3.2,105
3208,9644,National Lampoon's Loaded Weapon 1,Comedy,['Comedy'],2.64,112
53956,2196,Death at a Funeral,Comedy|Drama,"['Comedy', 'Drama']",3.42,98
78039,46705,Blue Valentine,Drama|Romance,"['Drama', 'Romance']",3.53,90
61248,10483,Death Race,Action|Thriller|Science Fiction,"['Action', 'Thriller', 'Science Fiction']",2.86,107
27803,1913,The Sea Inside,Drama,['Drama'],3.89,73
1128,790,The Fog,Horror,['Horror'],3.03,90
2497,10207,Message in a Bottle,Romance|Drama,"['Romance', 'Drama']",2.68,77
8808,11130,The Princess Diaries 2: Royal Engagement,Comedy|Drama|Family|Romance,"['Comedy', 'Drama', 'Family', 'Romance']",2.58,92
31221,9947,Elektra,Action|Fantasy,"['Action', 'Fantasy']",2.36,122
4678,11959,UHF,Comedy,['Comedy'],3.26,102
7570,700,Octopussy,Adventure|Action|Thriller,"['Adventure', 'Action', 'Thriller']",3.21,115
101142,49519,The Croods,Adventure|Animation|Comedy|Family|Fantasy,"['Adventure', 'Animation', 'Comedy', 'Family', 'Fantasy']",3.29,92
68205,15092,Crank: High Voltage,Action|Thriller|Crime,"['Action', 'Thriller', 'Crime']",2.84,107
71579,24684,An Education,Drama|Romance,"['Drama', 'Romance']",3.48,88
3991,10481,102 Dalmatians,Comedy|Family,"['Comedy', 'Family']",2.25,79
1971,10131,A Nightmare on Elm Street 4: The Dream Master,Horror|Thriller,"['Horror', 'Thriller']",2.59,90
2709,10208,Muppets from Space,Fantasy|Comedy|Science Fiction|Family,"['Fantasy', 'Comedy', 'Science Fiction', 'Family']",3.15,74
6214,979,Irreversible,Drama|Thriller|Crime|Mystery,"['Drama', 'Thriller', 'Crime', 'Mystery']",3.37,110
62155,12182,Nick and Norah's Infinite Playlist,Comedy|Music|Romance,"['Comedy', 'Music', 'Romance']",3.1,103
105213,138697,Don Jon,Romance|Comedy|Drama,"['Romance', 'Comedy', 'Drama']",3.0,93
50794,7516,Smokin' Aces,Action|Comedy|Crime|Thriller,"['Action', 'Comedy', 'Crime', 'Thriller']",3.11,119
5093,9884,Collateral Damage,Action|Thriller|Drama,"['Action', 'Thriller', 'Drama']",2.5,118
113345,76757,Jupiter Ascending,Science Fiction|Fantasy|Action|Adventure,"['Science Fiction', 'Fantasy', 'Action', 'Adventure']",2.63,117
34532,9913,The Skeleton Key,Drama|Horror|Mystery|Thriller,"['Drama', 'Horror', 'Mystery', 'Thriller']",3.25,104
1975,9725,Friday the 13th Part 2,Horror|Thriller,"['Horror', 'Thriller']",2.56,85
83349,40805,The Green Hornet,Action|Crime|Comedy,"['Action', 'Crime', 'Comedy']",2.61,123
108945,97020,RoboCop,Action|Science Fiction,"['Action', 'Science Fiction']",2.73,122
37380,8814,Doom,Adventure|Action|Horror,"['Adventure', 'Action', 'Horror']",2.45,122
2889,15198,"Mystery, Alaska",Drama|Comedy,"['Drama', 'Comedy']",3.24,94
4254,9290,Crocodile Dundee in Los Angeles,Adventure|Comedy,"['Adventure', 'Comedy']",2.24,109
140267,310131,The Witch,Mystery|Horror,"['Mystery', 'Horror']",3.54,97
1480,9311,Smilla's Sense of Snow,Action|Crime|Drama|Mystery|Thriller,"['Action', 'Crime', 'Drama', 'Mystery', 'Thriller']",3.02,63
54736,4349,The Kingdom,Thriller|Action|Drama,"['Thriller', 'Action', 'Drama']",3.27,99
7380,14442,Ella Enchanted,Family|Fantasy|Comedy,"['Family', 'Fantasy', 'Comedy']",2.99,92
2155,14662,Slums of Beverly Hills,Comedy|Drama,"['Comedy', 'Drama']",3.33,86
107348,109443,Anchorman 2: The Legend Continues,Comedy,['Comedy'],2.71,102
6006,12090,Just Married,Comedy,['Comedy'],2.38,108
4228,10833,Heartbreakers,Crime|Comedy|Romance,"['Crime', 'Comedy', 'Romance']",3.02,101
94478,62213,Dark Shadows,Comedy|Fantasy,"['Comedy', 'Fantasy']",2.85,102
48982,11619,Flushed Away,Adventure|Animation|Comedy|Family,"['Adventure', 'Animation', 'Comedy', 'Family']",3.14,102
5876,8198,The Quiet American,Drama|Action|Thriller|Romance,"['Drama', 'Action', 'Thriller', 'Romance']",3.58,79
106766,86829,Inside Llewyn Davis,Drama|Music,"['Drama', 'Music']",3.72,88
3189,17908,My Dog Skip,Comedy|Drama|Family,"['Comedy', 'Drama', 'Family']",3.36,76
94780,58595,Snow White and the Huntsman,Adventure|Fantasy|Drama,"['Adventure', 'Fantasy', 'Drama']",2.72,107
8042,203,Mean Streets,Drama|Crime,"['Drama', 'Crime']",3.69,104
56156,1620,Hitman,Action|Crime|Drama|Thriller,"['Action', 'Crime', 'Drama', 'Thriller']",2.58,105
5504,9488,Spy Kids 2: The Island of Lost Dreams,Action|Adventure|Family,"['Action', 'Adventure', 'Family']",2.26,104
96728,68722,The Master,Drama,['Drama'],3.5,102
4255,13166,Freddy Got Fingered,Comedy,['Comedy'],2.2,97
103810,146216,RED 2,Action|Comedy|Crime|Thriller,"['Action', 'Comedy', 'Crime', 'Thriller']",3.35,93
35957,11460,Red Eye,Horror|Thriller,"['Horror', 'Thriller']",3.12,120
86898,8967,The Tree of Life,Drama|Fantasy,"['Drama', 'Fantasy']",3.29,101
85056,46529,I Am Number Four,Action|Thriller|Science Fiction|Adventure,"['Action', 'Thriller', 'Science Fiction', 'Adventure']",2.73,91
3707,10068,Nine 1/2 Weeks,Drama|Romance,"['Drama', 'Romance']",2.71,85
2693,15800,Trekkies,Documentary,['Documentary'],3.55,76
62511,4960,"Synecdoche, New York",Drama,['Drama'],3.71,102
2961,12220,The Story of Us,Comedy|Drama|Romance,"['Comedy', 'Drama', 'Romance']",2.84,63
2236,22796,Simon Birch,Comedy|Drama|Family,"['Comedy', 'Drama', 'Family']",3.16,80
80363,35791,Resident Evil: Afterlife,Action|Adventure|Horror|Science Fiction,"['Action', 'Adventure', 'Horror', 'Science Fiction']",2.87,96
103075,158015,The Purge,Science Fiction|Horror|Thriller,"['Science Fiction', 'Horror', 'Thriller']",2.93,76
4155,1921,Sweet November,Drama|Romance,"['Drama', 'Romance']",2.79,84
65130,4148,Revolutionary Road,Drama|Romance,"['Drama', 'Romance']",3.3,88
55721,7347,Elite Squad,Drama|Action|Crime,"['Drama', 'Action', 'Crime']",3.71,75
101525,97367,The Place Beyond the Pines,Drama|Crime,"['Drama', 'Crime']",3.51,93
4866,2100,The Last Castle,Action|Drama|Thriller,"['Action', 'Drama', 'Thriller']",3.26,109
1730,9746,Kundun,Drama,['Drama'],3.47,61
91976,75174,The Grey,Action|Drama|Thriller,"['Action', 'Drama', 'Thriller']",3.05,104
71520,23082,The Invention of Lying,Comedy|Romance|Fantasy,"['Comedy', 'Romance', 'Fantasy']",3.04,95
79134,38365,Grown Ups,Comedy,['Comedy'],2.66,91
68073,18947,The Boat That Rocked,Drama|Comedy,"['Drama', 'Comedy']",3.45,88
52952,11798,This Is England,Drama|Crime,"['Drama', 'Crime']",3.62,79
4941,3604,Flash Gordon,Science Fiction,['Science Fiction'],2.99,78
90376,71859,We Need to Talk About Kevin,Drama|Thriller,"['Drama', 'Thriller']",3.47,73
43928,9920,Ultraviolet,Science Fiction|Action|Thriller,"['Science Fiction', 'Action', 'Thriller']",2.26,107
72733,22954,Invictus,Drama|History,"['Drama', 'History']",3.29,103
149406,140300,Kung Fu Panda 3,Action|Adventure|Animation|Comedy|Family,"['Action', 'Adventure', 'Animation', 'Comedy', 'Family']",3.48,81
2325,8675,Orgazmo,Comedy,['Comedy'],2.92,92
4387,2140,Kiss of the Dragon,Action|Crime|Thriller,"['Action', 'Crime', 'Thriller']",3.06,93
48696,1440,Little Children,Romance|Drama,"['Romance', 'Drama']",3.66,101
4814,12103,Don't Say a Word,Thriller,['Thriller'],3.02,102
5959,11022,Narc,Action|Crime|Drama|Thriller,"['Action', 'Crime', 'Drama', 'Thriller']",3.37,94
8860,9759,Cellular,Action|Adventure|Crime|Thriller,"['Action', 'Adventure', 'Crime', 'Thriller']",3.0,103
1346,6217,Cat People,Drama|Fantasy|Horror|Thriller,"['Drama', 'Fantasy', 'Horror', 'Thriller']",3.21,58
1752,11258,Hard Rain,Thriller,['Thriller'],2.79,87
5479,8665,K-19: The Widowmaker,Drama|History|Thriller,"['Drama', 'History', 'Thriller']",3.14,102
2328,9945,Vampires,Action|Drama|Fantasy|Horror|Thriller,"['Action', 'Drama', 'Fantasy', 'Horror', 'Thriller']",2.54,95
89759,60243,A Separation,Drama,['Drama'],3.85,58
45880,1887,Marie Antoinette,Drama|History,"['Drama', 'History']",3.09,87
4167,2749,15 Minutes,Action|Crime|Thriller,"['Action', 'Crime', 'Thriller']",2.6,98
103384,57201,The Lone Ranger,Action|Adventure|Western,"['Action', 'Adventure', 'Western']",2.76,105
2932,16642,Days of Heaven,Drama|Romance,"['Drama', 'Romance']",3.92,72
5572,10611,Barbershop,Comedy|Drama,"['Comedy', 'Drama']",3.06,90
2883,24071,Mumford,Comedy|Drama|Romance,"['Comedy', 'Drama', 'Romance']",3.27,71
135436,328111,The Secret Life of Pets,Animation|Family,"['Animation', 'Family']",3.21,84
107141,140823,Saving Mr. Banks,Comedy|Drama|History,"['Comedy', 'Drama', 'History']",3.53,94
5478,8869,Eight Legged Freaks,Action|Comedy|Horror|Thriller,"['Action', 'Comedy', 'Horror', 'Thriller']",2.42,98
32296,10040,Miss Congeniality 2: Armed and Fabulous,Action|Comedy,"['Action', 'Comedy']",2.51,100
2922,4929,Hang 'em High,Western,['Western'],3.51,72
48322,12094,Jackass Number Two,Action|Comedy|Documentary,"['Action', 'Comedy', 'Documentary']",3.05,94
3528,10333,The Prince of Tides,Drama|Romance,"['Drama', 'Romance']",2.97,58
71254,18501,Gamer,Action|Thriller|Science Fiction,"['Action', 'Thriller', 'Science Fiction']",2.62,96
2373,9626,Red Sonja,Adventure|Fantasy|Action,"['Adventure', 'Fantasy', 'Action']",2.33,91
8372,8920,Garfield,Animation|Comedy|Family,"['Animation', 'Comedy', 'Family']",2.07,107
4056,5955,The Pledge,Crime|Drama|Mystery|Thriller,"['Crime', 'Drama', 'Mystery', 'Thriller']",3.22,100
80693,43923,It's Kind of a Funny Story,Comedy|Drama,"['Comedy', 'Drama']",3.35,73
103372,136795,The Heat,Action|Comedy|Crime,"['Action', 'Comedy', 'Crime']",3.24,90
3784,4244,The Kid,Fantasy|Comedy|Family,"['Fantasy', 'Comedy', 'Family']",2.81,86
7137,10744,The Cooler,Drama|Romance,"['Drama', 'Romance']",3.4,104
1866,9448,The Big Hit,Action|Adventure|Comedy|Thriller,"['Action', 'Adventure', 'Comedy', 'Thriller']",2.88,98
58103,7461,Vantage Point,Drama|Action|Thriller|Crime,"['Drama', 'Action', 'Thriller', 'Crime']",3.21,103
91974,52520,Underworld: Awakening,Fantasy|Action|Horror,"['Fantasy', 'Action', 'Horror']",3.06,97
85131,44943,Battle: Los Angeles,Action|Science Fiction,"['Action', 'Science Fiction']",2.53,97
100383,109421,Side Effects,Thriller|Crime|Drama,"['Thriller', 'Crime', 'Drama']",3.38,92
1966,15389,Metropolitan,Comedy|Drama,"['Comedy', 'Drama']",3.88,52
81782,44048,Unstoppable,Action|Thriller,"['Action', 'Thriller']",3.25,94
48783,3683,Flags of Our Fathers,War|Drama|History,"['War', 'Drama', 'History']",3.3,111
44004,6877,Failure to Launch,Comedy,['Comedy'],2.56,100
43396,9912,The World's Fastest Indian,Drama,['Drama'],3.92,83
4799,11576,"It's a Mad, Mad, Mad, Mad World",Action|Adventure|Comedy|Crime,"['Action', 'Adventure', 'Comedy', 'Crime']",3.41,68
27815,5528,The Chorus,Drama,['Drama'],3.83,70
2560,10212,Ravenous,Comedy|Horror|Thriller|Western,"['Comedy', 'Horror', 'Thriller', 'Western']",2.95,91
59421,9029,What Happens in Vegas,Comedy|Romance,"['Comedy', 'Romance']",2.58,83
31225,7214,Coach Carter,Drama,['Drama'],3.5,106
60937,1735,The Mummy: Tomb of the Dragon Emperor,Adventure|Action|Fantasy,"['Adventure', 'Action', 'Fantasy']",2.53,101
3564,889,The Flintstones in Viva Rock Vegas,Science Fiction|Comedy|Family|Romance,"['Science Fiction', 'Comedy', 'Family', 'Romance']",1.67,93
3754,17711,The Adventures of Rocky & Bullwinkle,Action|Adventure|Animation|Comedy|Family,"['Action', 'Adventure', 'Animation', 'Comedy', 'Family']",2.17,86
39444,6963,The Weather Man,Comedy|Drama,"['Comedy', 'Drama']",3.13,106
61236,8885,Waltz with Bashir,Drama|Animation|War,"['Drama', 'Animation', 'War']",3.81,77
98203,50620,The Twilight Saga: Breaking Dawn - Part 2,Adventure|Fantasy|Drama|Romance,"['Adventure', 'Fantasy', 'Drama', 'Romance']",2.6,76
45730,9697,Lady in the Water,Drama|Thriller|Fantasy|Mystery,"['Drama', 'Thriller', 'Fantasy', 'Mystery']",2.75,103
81788,43539,The Next Three Days,Romance|Drama|Thriller|Crime,"['Romance', 'Drama', 'Thriller', 'Crime']",3.54,79
37720,8643,The Exorcism of Emily Rose,Crime|Drama|Horror|Thriller,"['Crime', 'Drama', 'Horror', 'Thriller']",3.06,113
90439,50839,Margin Call,Thriller|Drama,"['Thriller', 'Drama']",3.57,86
1840,9469,He Got Game,Drama,['Drama'],3.17,78
191,10533,The Scarlet Letter,Drama|History|Romance,"['Drama', 'History', 'Romance']",2.76,46
1487,16052,Selena,Drama,['Drama'],2.97,72
43679,9286,Final Destination 3,Horror|Mystery,"['Horror', 'Mystery']",2.57,101
5296,11812,The Sweetest Thing,Romance|Comedy,"['Romance', 'Comedy']",2.51,99
2549,10350,Wing Commander,Action|Science Fiction,"['Action', 'Science Fiction']",2.15,76
4867,11091,Riding in Cars with Boys,Comedy|Drama|Romance,"['Comedy', 'Drama', 'Romance']",2.81,91
5047,11891,Kung Pow: Enter the Fist,Action|Comedy,"['Action', 'Comedy']",2.67,86
33437,10027,Unleashed,Action|Crime,"['Action', 'Crime']",3.35,108
3896,1619,The Way of the Gun,Action|Crime|Drama|Thriller,"['Action', 'Crime', 'Drama', 'Thriller']",3.1,95
90531,76025,Shame,Drama,['Drama'],3.62,89
8866,11823,Wimbledon,Comedy|Romance,"['Comedy', 'Romance']",2.84,102
101362,117263,Olympus Has Fallen,Action|Thriller,"['Action', 'Thriller']",2.96,80
80969,42188,Never Let Me Go,Drama|Romance|Science Fiction,"['Drama', 'Romance', 'Science Fiction']",3.52,84
7366,9541,Jersey Girl,Comedy|Romance,"['Comedy', 'Romance']",2.94,100
801,38223,Harriet the Spy,Comedy|Drama|Family,"['Comedy', 'Drama', 'Family']",2.82,48
4047,10655,Gettysburg,War|Drama|History,"['War', 'Drama', 'History']",3.71,63
2906,12618,Random Hearts,Drama|Romance,"['Drama', 'Romance']",2.25,76
4159,12138,3000 Miles to Graceland,Action|Adventure|Comedy|Thriller|Crime,"['Action', 'Adventure', 'Comedy', 'Thriller', 'Crime']",2.78,79
85367,50546,Just Go with It,Romance|Comedy,"['Romance', 'Comedy']",3.01,85
2907,13824,Superstar,Comedy|Family,"['Comedy', 'Family']",2.34,72
82167,43347,Love & Other Drugs,Drama|Comedy|Romance,"['Drama', 'Comedy', 'Romance']",3.16,86
851,549,Basquiat,Drama|History,"['Drama', 'History']",3.23,61
107069,193756,Lone Survivor,Action|Drama|Thriller|War,"['Action', 'Drama', 'Thriller', 'War']",3.48,80
1390,17795,My Fellow Americans,Comedy|Drama,"['Comedy', 'Drama']",2.88,51
103339,117251,White House Down,Action|Drama|Thriller,"['Action', 'Drama', 'Thriller']",3.08,85
1821,17127,The Object of My Affection,Comedy|Drama|Romance,"['Comedy', 'Drama', 'Romance']",2.91,65
32029,2026,Hostage,Mystery|Drama|Thriller|Crime,"['Mystery', 'Drama', 'Thriller', 'Crime']",3.09,111
79242,39781,The Kids Are All Right,Comedy|Drama,"['Comedy', 'Drama']",3.31,83
109673,53182,300: Rise of an Empire,Action|War,"['Action', 'War']",2.74,88
3467,24748,Hud,Action|Drama|Western,"['Action', 'Drama', 'Western']",3.92,58
4234,2575,The Tailor of Panama,Drama|Thriller,"['Drama', 'Thriller']",2.83,90
72720,34653,A Single Man,Drama|Romance,"['Drama', 'Romance']",3.71,78
73268,19901,Daybreakers,Fantasy|Horror|Action|Thriller|Science Fiction,"['Fantasy', 'Horror', 'Action', 'Thriller', 'Science Fiction']",3.12,105
69306,18487,The Taking of Pelham 1 2 3,Thriller|Drama|Crime,"['Thriller', 'Drama', 'Crime']",3.13,94
44397,9792,The Hills Have Eyes,Horror|Thriller,"['Horror', 'Thriller']",2.66,92
95543,57800,Ice Age: Continental Drift,Animation|Comedy|Adventure|Family,"['Animation', 'Comedy', 'Adventure', 'Family']",2.91,82
74795,22972,Green Zone,War|Action|Adventure|Drama|Thriller,"['War', 'Action', 'Adventure', 'Drama', 'Thriller']",3.3,79
1003,11306,Extreme Measures,Drama|Thriller,"['Drama', 'Thriller']",2.97,55
42632,4550,Sympathy for Lady Vengeance,Drama|Thriller,"['Drama', 'Thriller']",3.74,76
122890,68735,Warcraft,Action|Adventure|Fantasy,"['Action', 'Adventure', 'Fantasy']",3.24,85
5312,11892,Murder by Numbers,Crime|Drama|Thriller,"['Crime', 'Drama', 'Thriller']",2.94,100
2771,17707,Brokedown Palace,Drama|Thriller,"['Drama', 'Thriller']",2.87,78
45726,1819,"You, Me and Dupree",Comedy|Romance,"['Comedy', 'Romance']",2.38,87
47382,9762,Step Up,Music|Drama|Romance|Crime,"['Music', 'Drama', 'Romance', 'Crime']",3.2,66
6538,302,Swimming Pool,Thriller|Crime,"['Thriller', 'Crime']",3.21,90
109578,225574,Non-Stop,Action|Thriller|Mystery,"['Action', 'Thriller', 'Mystery']",3.45,73
34534,8292,Four Brothers,Action|Crime,"['Action', 'Crime']",3.12,112
6731,8408,Day of the Dead,Horror|Science Fiction,"['Horror', 'Science Fiction']",3.34,83
33834,11683,Land of the Dead,Horror,['Horror'],3.18,102
102481,116741,The Internship,Comedy,['Comedy'],2.75,75
612,23570,The Pallbearer,Comedy|Romance,"['Comedy', 'Romance']",2.41,40
109848,97370,Under the Skin,Thriller|Science Fiction|Drama,"['Thriller', 'Science Fiction', 'Drama']",3.39,91
1004,9625,The Glimmer Man,Action|Adventure|Crime|Drama|Thriller,"['Action', 'Adventure', 'Crime', 'Drama', 'Thriller']",2.38,51
70159,21208,Orphan,Horror|Thriller|Mystery,"['Horror', 'Thriller', 'Mystery']",3.14,88
68159,16995,State of Play,Action,['Action'],3.47,78
51709,1255,The Host,Horror|Drama|Science Fiction,"['Horror', 'Drama', 'Science Fiction']",3.54,88
112370,91314,Transformers: Age of Extinction,Science Fiction|Action|Adventure,"['Science Fiction', 'Action', 'Adventure']",2.41,88
34332,11459,Sky High,Adventure|Comedy|Family,"['Adventure', 'Comedy', 'Family']",3.03,90
2504,15256,200 Cigarettes,Comedy|Drama|Romance,"['Comedy', 'Drama', 'Romance']",2.59,61
4090,19933,The Brave Little Toaster,Fantasy|Adventure|Animation|Comedy|Family|Music,"['Fantasy', 'Adventure', 'Animation', 'Comedy', 'Family', 'Music']",3.39,82
5319,18079,Nine Queens,Crime|Drama|Thriller,"['Crime', 'Drama', 'Thriller']",3.71,71
1972,10160,A Nightmare on Elm Street 5: The Dream Child,Horror|Thriller,"['Horror', 'Thriller']",2.4,72
43560,11283,Nanny McPhee,Fantasy|Comedy|Family,"['Fantasy', 'Comedy', 'Family']",3.07,69
2429,9822,Mighty Joe Young,Action|Adventure|Family|Fantasy,"['Action', 'Adventure', 'Family', 'Fantasy']",2.67,70
87876,49013,Cars 2,Animation|Family|Adventure|Comedy,"['Animation', 'Family', 'Adventure', 'Comedy']",2.49,80
1034,11229,Freeway,Comedy|Drama|Thriller,"['Comedy', 'Drama', 'Thriller']",3.33,60
3824,10641,Autumn in New York,Drama|Romance,"['Drama', 'Romance']",2.07,63
66509,20829,Funny People,Comedy|Drama,"['Comedy', 'Drama']",3.01,96
6617,2055,Open Range,Western,['Western'],3.42,92
3163,46435,Topsy-Turvy,Comedy|Drama|Music,"['Comedy', 'Drama', 'Music']",3.73,48
3616,10642,Loser,Drama|Comedy|Romance|Family,"['Drama', 'Comedy', 'Romance', 'Family']",2.42,84
113573,189,Sin City: A Dame to Kill For,Crime|Thriller,"['Crime', 'Thriller']",3.06,81
5401,12277,Undercover Brother,Action|Comedy,"['Action', 'Comedy']",2.72,90
5222,15647,Kissing Jessica Stein,Comedy,['Comedy'],3.22,71
134393,271718,Trainwreck,Comedy,['Comedy'],3.08,80
158872,223702,Sausage Party,Adventure|Animation|Comedy|Fantasy,"['Adventure', 'Animation', 'Comedy', 'Fantasy']",2.79,92
101112,68728,Oz: The Great and Powerful,Fantasy|Adventure|Family,"['Fantasy', 'Adventure', 'Family']",2.82,97
94018,44833,Battleship,Thriller|Action|Adventure|Science Fiction,"['Thriller', 'Action', 'Adventure', 'Science Fiction']",2.65,97
3179,10397,Angela's Ashes,Drama,['Drama'],3.17,71
5524,9266,Blue Crush,Adventure,['Adventure'],2.82,73
4735,10016,Ghosts of Mars,Action|Horror|Science Fiction,"['Action', 'Horror', 'Science Fiction']",2.44,86
117590,227159,Horrible Bosses 2,Comedy,['Comedy'],3.02,86
3760,11598,The Kentucky Fried Movie,Comedy,['Comedy'],3.12,78
33669,9779,The Sisterhood of the Traveling Pants,Drama|Comedy,"['Drama', 'Comedy']",3.33,60
1976,9728,Friday the 13th Part III,Horror|Thriller,"['Horror', 'Thriller']",2.39,75
27839,10320,The Ring Two,Drama|Horror|Thriller,"['Drama', 'Horror', 'Thriller']",2.51,82
43836,12096,The Pink Panther,Action|Comedy|Crime|Mystery|Family,"['Action', 'Comedy', 'Crime', 'Mystery', 'Family']",2.5,77
2829,37718,The Muse,Fantasy|Comedy,"['Fantasy', 'Comedy']",2.71,47
3973,11531,Book of Shadows: Blair Witch 2,Mystery|Thriller|Horror,"['Mystery', 'Thriller', 'Horror']",1.89,68
42718,10045,District B13,Action|Thriller|Science Fiction,"['Action', 'Thriller', 'Science Fiction']",3.51,84
56715,13198,Wristcutters: A Love Story,Comedy|Drama|Fantasy|Romance,"['Comedy', 'Drama', 'Fantasy', 'Romance']",3.56,72
2184,11219,The Trouble with Harry,Comedy|Mystery|Thriller,"['Comedy', 'Mystery', 'Thriller']",3.59,62
140715,277216,Straight Outta Compton,Drama|Music,"['Drama', 'Music']",3.43,88
39231,9621,Elizabethtown,Comedy|Drama|Romance,"['Comedy', 'Drama', 'Romance']",2.93,84
330,25066,Tales from the Hood,Crime|Horror|Thriller,"['Crime', 'Horror', 'Thriller']",2.44,49
133419,254470,Pitch Perfect 2,Comedy|Music,"['Comedy', 'Music']",3.19,64
1848,9449,The Borrowers,Adventure|Fantasy|Action|Comedy|Family,"['Adventure', 'Fantasy', 'Action', 'Comedy', 'Family']",2.62,60
49961,1259,Notes on a Scandal,Drama|Romance,"['Drama', 'Romance']",3.73,78
4990,12589,Jimmy Neutron: Boy Genius,Action|Adventure|Animation|Comedy|Family|Fantasy|Science Fiction,"['Action', 'Adventure', 'Animation', 'Comedy', 'Family', 'Fantasy', 'Science Fiction']",2.97,86
45732,4474,My Super Ex-Girlfriend,Fantasy|Drama|Action|Comedy|Crime|Science Fiction,"['Fantasy', 'Drama', 'Action', 'Comedy', 'Crime', 'Science Fiction']",2.33,101
42725,9900,Grandma's Boy,Comedy,['Comedy'],3.1,77
31804,3040,Night Watch,Fantasy|Action|Thriller,"['Fantasy', 'Action', 'Thriller']",3.49,88
1973,11284,Freddy's Dead: The Final Nightmare,Horror|Thriller|Comedy,"['Horror', 'Thriller', 'Comedy']",2.27,71
97188,82507,Sinister,Horror|Thriller|Mystery,"['Horror', 'Thriller', 'Mystery']",3.2,63
5666,1809,The Rules of Attraction,Comedy|Drama|Romance,"['Comedy', 'Drama', 'Romance']",3.08,80
4248,19366,Josie and the Pussycats,Comedy|Music,"['Comedy', 'Music']",2.22,84
3708,11495,Firestarter,Fantasy|Drama|Horror|Action|Thriller,"['Fantasy', 'Drama', 'Horror', 'Action', 'Thriller']",2.93,76
1592,20737,Air Bud,Comedy|Family|Drama,"['Comedy', 'Family', 'Drama']",1.92,54
1762,9457,Deep Rising,Adventure|Action|Horror|Science Fiction,"['Adventure', 'Action', 'Horror', 'Science Fiction']",2.72,69
6338,10708,Daddy Day Care,Comedy|Family,"['Comedy', 'Family']",2.33,78
78349,29917,Exam,Thriller|Mystery,"['Thriller', 'Mystery']",3.46,60
4719,12610,Osmosis Jones,Adventure|Animation|Action|Comedy|Family,"['Adventure', 'Animation', 'Action', 'Comedy', 'Family']",2.72,90
5415,9583,Divine Secrets of the Ya-Ya Sisterhood,Comedy|Drama|Romance,"['Comedy', 'Drama', 'Romance']",2.63,65
828,18975,The Adventures of Pinocchio,Animation|Family|Fantasy,"['Animation', 'Family', 'Fantasy']",2.2,30
2337,1808,Velvet Goldmine,Drama|Music,"['Drama', 'Music']",3.23,59
50912,2266,"Paris, je t'aime",Drama|Romance,"['Drama', 'Romance']",3.51,62
5016,6440,The Shipping News,Drama|Romance,"['Drama', 'Romance']",3.26,72
102993,147773,The Way Way Back,Comedy|Drama,"['Comedy', 'Drama']",3.45,71
1401,31908,Ghosts of Mississippi,History|Drama,"['History', 'Drama']",3.38,63
2574,8970,The Out-of-Towners,Comedy,['Comedy'],2.52,55
3879,11398,The Art of War,Crime|Action|Adventure,"['Crime', 'Action', 'Adventure']",2.9,77
4349,10364,Catch-22,War|Comedy|Drama,"['War', 'Comedy', 'Drama']",3.51,72
60514,88751,Journey to the Center of the Earth,Action|Science Fiction|Adventure|Comedy|Family,"['Action', 'Science Fiction', 'Adventure', 'Comedy', 'Family']",2.44,87
2555,22345,Baby Geniuses,Science Fiction|Comedy|Family,"['Science Fiction', 'Comedy', 'Family']",1.45,56
27266,844,2046,Fantasy|Drama|Science Fiction|Romance,"['Fantasy', 'Drama', 'Science Fiction', 'Romance']",3.46,68
92507,59961,Safe House,Action|Thriller,"['Action', 'Thriller']",3.23,77
135861,214756,Ted 2,Comedy,['Comedy'],2.98,85
6266,10735,What a Girl Wants,Comedy,['Comedy'],2.84,50
42734,10982,Hoodwinked!,Animation|Comedy|Family,"['Animation', 'Comedy', 'Family']",2.89,83
110127,86834,Noah,Drama|Adventure,"['Drama', 'Adventure']",2.77,95
5955,13435,Antwone Fisher,Drama|Romance,"['Drama', 'Romance']",3.36,85
8643,11247,A Cinderella Story,Comedy,['Comedy'],2.78,56
95309,88005,Seeking a Friend for the End of the World,Comedy|Drama|Romance|Science Fiction,"['Comedy', 'Drama', 'Romance', 'Science Fiction']",3.09,87
4757,12508,Rock Star,Music|Drama|Comedy,"['Music', 'Drama', 'Comedy']",2.87,89
59126,13007,Religulous,Comedy|Documentary,"['Comedy', 'Documentary']",3.57,83
78893,10196,The Last Airbender,Action|Adventure|Family|Fantasy,"['Action', 'Adventure', 'Family', 'Fantasy']",1.87,94
1399,9819,Marvin's Room,Drama,['Drama'],3.08,58
65642,14139,Timecrimes,Science Fiction|Thriller,"['Science Fiction', 'Thriller']",3.71,75
3204,16241,The Boys from Brazil,Horror|Drama|Thriller|Science Fiction,"['Horror', 'Drama', 'Thriller', 'Science Fiction']",3.2,64
31420,8978,Assault on Precinct 13,Thriller,['Thriller'],3.04,101
1977,9730,Friday the 13th: The Final Chapter,Horror|Thriller,"['Horror', 'Thriller']",2.43,64
32017,10022,The Pacifier,Action|Comedy|Drama|Family|Thriller,"['Action', 'Comedy', 'Drama', 'Family', 'Thriller']",2.4,77
2929,18254,Reds,Drama|History,"['Drama', 'History']",3.46,56
33880,1382,Me and You and Everyone We Know,Comedy|Drama,"['Comedy', 'Drama']",3.6,72
87192,59678,Attack the Block,Action|Comedy|Science Fiction,"['Action', 'Comedy', 'Science Fiction']",3.35,88
5139,23479,The Bad News Bears,Comedy|Family,"['Comedy', 'Family']",3.39,70
4533,10925,The Return of the Living Dead,Comedy|Horror,"['Comedy', 'Horror']",3.26,77
51575,11199,Wild Hogs,Action|Adventure|Comedy,"['Action', 'Adventure', 'Comedy']",2.45,88
26133,13187,A Charlie Brown Christmas,Animation|Family|Comedy|TV Movie,"['Animation', 'Family', 'Comedy', 'TV Movie']",3.83,78
86781,46738,Incendies,Drama|War|Mystery,"['Drama', 'War', 'Mystery']",3.89,52
3177,10471,Next Friday,Comedy,['Comedy'],2.78,70
125916,216015,Fifty Shades of Grey,Drama|Romance|Thriller,"['Drama', 'Romance', 'Thriller']",2.03,52
47423,7859,Half Nelson,Drama,['Drama'],3.46,80
105653,107846,Escape Plan,Action|Thriller,"['Action', 'Thriller']",3.11,76
111622,198277,Begin Again,Comedy|Music|Romance|Drama,"['Comedy', 'Music', 'Romance', 'Drama']",3.52,64
87234,49020,Submarine,Drama|Comedy|Romance,"['Drama', 'Comedy', 'Romance']",3.68,57
3594,10560,Center Stage,Drama|Music,"['Drama', 'Music']",2.95,53
143859,270487,"Hail, Caesar!",Comedy|Drama|Mystery,"['Comedy', 'Drama', 'Mystery']",3.11,87
7027,11509,Silverado,Action|Crime|Drama|Western,"['Action', 'Crime', 'Drama', 'Western']",3.65,72
63436,11917,Saw V,Horror|Thriller|Crime,"['Horror', 'Thriller', 'Crime']",2.65,60
3864,10643,Godzilla 2000,Adventure|Horror|Action|Science Fiction,"['Adventure', 'Horror', 'Action', 'Science Fiction']",2.38,52
4821,10866,Joy Ride,Mystery|Thriller|Drama,"['Mystery', 'Thriller', 'Drama']",2.95,84
72395,25793,Precious,Drama,['Drama'],3.49,83
71282,18570,"Food, Inc.",Documentary,['Documentary'],3.65,72
4654,10135,Road House,Action|Thriller,"['Action', 'Thriller']",2.44,85
53550,9952,Rescue Dawn,Adventure|Drama|War,"['Adventure', 'Drama', 'War']",3.51,90
119155,181533,Night at the Museum: Secret of the Tomb,Adventure|Comedy|Fantasy|Family,"['Adventure', 'Comedy', 'Fantasy', 'Family']",2.78,68
809,18550,Fled,Action|Comedy|Thriller,"['Action', 'Comedy', 'Thriller']",2.42,43
100163,60304,Hansel & Gretel: Witch Hunters,Fantasy|Horror|Action,"['Fantasy', 'Horror', 'Action']",2.8,86
6881,1550,Pieces of April,Comedy|Drama,"['Comedy', 'Drama']",3.51,77
93326,59962,This Means War,Action|Comedy|Romance,"['Action', 'Comedy', 'Romance']",3.24,67
160080,43074,Ghostbusters,Action|Fantasy|Comedy,"['Action', 'Fantasy', 'Comedy']",2.54,85
91653,74465,We Bought a Zoo,Drama|Comedy|Family,"['Drama', 'Comedy', 'Family']",3.33,73
4372,10691,Crazy/Beautiful,Drama|Romance,"['Drama', 'Romance']",2.92,74
74946,34016,She's Out of My League,Comedy|Romance,"['Comedy', 'Romance']",2.84,64
2354,14444,The Rugrats Movie,Animation|Family,"['Animation', 'Family']",2.45,52
5804,9021,The Santa Clause 2,Fantasy|Comedy|Family,"['Fantasy', 'Comedy', 'Family']",2.56,81
94070,74534,The Best Exotic Marigold Hotel,Drama|Comedy,"['Drama', 'Comedy']",3.49,54
4733,2779,The Curse of the Jade Scorpion,Comedy|Crime|Mystery|Romance|Thriller,"['Comedy', 'Crime', 'Mystery', 'Romance', 'Thriller']",2.99,78
8948,8849,Alfie,Comedy,['Comedy'],2.87,74
62376,13600,City of Ember,Adventure|Family|Fantasy,"['Adventure', 'Family', 'Fantasy']",3.35,72
1051,27845,Trees Lounge,Comedy|Drama,"['Comedy', 'Drama']",3.43,61
63853,6972,Australia,Drama,['Drama'],2.88,74
79428,38778,Dinner for Schmucks,Comedy,['Comedy'],2.64,68
6951,10588,The Cat in the Hat,Comedy|Fantasy|Family,"['Comedy', 'Fantasy', 'Family']",2.06,69
6932,13537,Shattered Glass,Drama|History,"['Drama', 'History']",3.53,67
1858,10622,Mr. Nice Guy,Crime|Action|Comedy,"['Crime', 'Action', 'Comedy']",2.99,62
71211,11323,The Informant!,Drama|Comedy|Crime,"['Drama', 'Comedy', 'Crime']",3.31,94
73023,25196,Crazy Heart,Drama|Music|Romance,"['Drama', 'Music', 'Romance']",3.57,84
39381,16608,The Proposition,Action|Adventure|Crime|Drama|Thriller|Western,"['Action', 'Adventure', 'Crime', 'Drama', 'Thriller', 'Western']",3.75,75
6299,11516,Winged Migration,Documentary,['Documentary'],3.8,55
3889,12211,Highlander: Endgame,Action|Fantasy|Science Fiction,"['Action', 'Fantasy', 'Science Fiction']",2.38,73
4725,10972,Session 9,Horror|Mystery,"['Horror', 'Mystery']",3.13,76
31427,11096,Hide and Seek,Horror|Mystery|Thriller,"['Horror', 'Mystery', 'Thriller']",2.77,66
55872,5123,August Rush,Drama,['Drama'],3.31,59
6212,10678,Bringing Down the House,Comedy,['Comedy'],2.58,78
52694,1268,Mr. Bean's Holiday,Family|Comedy,"['Family', 'Comedy']",2.75,68
135567,47933,Independence Day: Resurgence,Action|Adventure|Science Fiction,"['Action', 'Adventure', 'Science Fiction']",2.78,83
1979,10225,Friday the 13th Part VI: Jason Lives,Horror|Mystery|Thriller,"['Horror', 'Mystery', 'Thriller']",2.36,66
114795,49017,Dracula Untold,Horror|Action|Drama|Fantasy|War,"['Horror', 'Action', 'Drama', 'Fantasy', 'War']",3.01,68
90430,72113,Carnage,Comedy|Drama,"['Comedy', 'Drama']",3.31,73
73290,28178,Hachi: A Dog's Tale,Drama|Family,"['Drama', 'Family']",3.41,64
4815,11313,Hearts in Atlantis,Drama|Mystery,"['Drama', 'Mystery']",3.08,72
1981,10283,Friday the 13th Part VIII: Jason Takes Manhattan,Horror|Thriller,"['Horror', 'Thriller']",1.71,57
41573,9043,The Family Stone,Comedy|Drama|Romance,"['Comedy', 'Drama', 'Romance']",3.07,73
71518,22798,Whip It,Drama,['Drama'],3.36,78
142997,159824,Hotel Transylvania 2,Animation|Comedy|Family,"['Animation', 'Comedy', 'Family']",3.21,61
1992,11186,Child's Play 2,Drama|Horror,"['Drama', 'Horror']",2.34,70
102880,82700,After Earth,Science Fiction|Action|Adventure,"['Science Fiction', 'Action', 'Adventure']",2.13,77
2436,10368,Tea with Mussolini,Comedy|Drama|War,"['Comedy', 'Drama', 'War']",3.07,35
2891,24066,"Happy, Texas",Comedy|Crime,"['Comedy', 'Crime']",3.08,65
1948,5769,Tom Jones,Adventure|Comedy|History|Romance,"['Adventure', 'Comedy', 'History', 'Romance']",3.68,51
5803,8427,I Spy,Action|Adventure|Comedy|Thriller,"['Action', 'Adventure', 'Comedy', 'Thriller']",2.47,87
7150,1792,Stuck on You,Comedy,['Comedy'],2.6,84
2807,10366,Universal Soldier: The Return,Action|Science Fiction,"['Action', 'Science Fiction']",1.91,74
103539,157386,The Spectacular Now,Comedy|Drama|Romance,"['Comedy', 'Drama', 'Romance']",3.28,56
352,34152,Crooklyn,Comedy|Drama,"['Comedy', 'Drama']",3.13,39
33164,10066,House of Wax,Horror,['Horror'],2.28,89
95105,80321,Madagascar 3: Europe's Most Wanted,Animation|Family,"['Animation', 'Family']",2.85,63
33085,10065,The Amityville Horror,Horror|Thriller|Drama,"['Horror', 'Thriller', 'Drama']",2.67,75
132796,254128,San Andreas,Action|Drama|Thriller,"['Action', 'Drama', 'Thriller']",2.67,77
61729,12797,Ghost Town,Comedy|Fantasy|Romance,"['Comedy', 'Fantasy', 'Romance']",3.27,75
2361,692,Pink Flamingos,Horror|Comedy|Crime,"['Horror', 'Comedy', 'Crime']",2.91,57
75985,31867,Repo Men,Action|Science Fiction|Thriller|Crime,"['Action', 'Science Fiction', 'Thriller', 'Crime']",3.11,70
4124,580,Jaws: The Revenge,Adventure|Thriller,"['Adventure', 'Thriller']",1.95,72
7980,5902,A Bridge Too Far,Drama|History|War,"['Drama', 'History', 'War']",3.76,65
37384,7553,Waiting...,Comedy,['Comedy'],3.19,67
65802,14560,Paul Blart: Mall Cop,Action|Adventure|Comedy|Family,"['Action', 'Adventure', 'Comedy', 'Family']",2.29,85
62394,13051,Max Payne,Action,['Action'],2.45,86
6370,1555,The Spanish Apartment,Drama|Comedy|Romance,"['Drama', 'Comedy', 'Romance']",3.65,41
72731,7980,The Lovely Bones,Fantasy|Drama,"['Fantasy', 'Drama']",3.07,80
47640,9988,Beerfest,Comedy,['Comedy'],2.89,87
90600,70670,Headhunters,Thriller|Crime,"['Thriller', 'Crime']",3.65,62
65088,10202,Bedtime Stories,Fantasy|Comedy|Family|Romance,"['Fantasy', 'Comedy', 'Family', 'Romance']",2.73,55
4265,10477,Driven,Action,['Action'],2.18,71
40851,6795,Zathura: A Space Adventure,Family|Fantasy|Science Fiction|Adventure,"['Family', 'Fantasy', 'Science Fiction', 'Adventure']",2.84,88
8526,10204,Around the World in 80 Days,Action|Adventure|Comedy,"['Action', 'Adventure', 'Comedy']",2.85,70
7573,36670,Never Say Never Again,Adventure|Action|Thriller,"['Adventure', 'Action', 'Thriller']",3.18,77
4030,10577,Dracula 2000,Thriller|Horror,"['Thriller', 'Horror']",2.41,71
1503,13982,8 Heads in a Duffel Bag,Comedy|Crime,"['Comedy', 'Crime']",2.64,64
2147,13853,The Clan of the Cave Bear,Adventure|Drama,"['Adventure', 'Drama']",2.5,48
5389,9023,Spirit: Stallion of the Cimarron,Western|Animation|Adventure|Comedy|Family,"['Western', 'Animation', 'Adventure', 'Comedy', 'Family']",3.01,59
4275,849,Krull,Fantasy|Action|Adventure,"['Fantasy', 'Action', 'Adventure']",2.79,62
8974,11836,The SpongeBob SquarePants Movie,Animation|Comedy|Family,"['Animation', 'Comedy', 'Family']",3.18,92
6954,11042,The Barbarian Invasions,Comedy|Crime|Drama,"['Comedy', 'Crime', 'Drama']",3.86,66
51091,7874,Black Snake Moan,Drama,['Drama'],3.22,96
50804,1248,Hannibal Rising,Crime|Drama|Thriller,"['Crime', 'Drama', 'Thriller']",2.85,81
140247,328425,The Gift,Thriller|Mystery,"['Thriller', 'Mystery']",3.3,57
34520,6519,The Dukes of Hazzard,Action|Adventure|Comedy,"['Action', 'Adventure', 'Comedy']",2.34,88
7376,11358,Walking Tall,Adventure|Drama|Action|Thriller,"['Adventure', 'Drama', 'Action', 'Thriller']",3.01,75
4572,4105,Black Rain,Action|Thriller|Crime,"['Action', 'Thriller', 'Crime']",3.0,71
111743,188161,A Million Ways to Die in the West,Comedy|Western,"['Comedy', 'Western']",2.95,74
5480,10996,Stuart Little 2,Family|Adventure|Animation|Comedy,"['Family', 'Adventure', 'Animation', 'Comedy']",2.27,60
113378,227156,The Giver,Drama|Science Fiction,"['Drama', 'Science Fiction']",3.32,59
53460,9408,Surf's Up,Animation|Comedy|Family,"['Animation', 'Comedy', 'Family']",3.26,72
3238,18681,Eye of the Beholder,Drama|Mystery|Thriller,"['Drama', 'Mystery', 'Thriller']",2.19,56
58105,8204,The Spiderwick Chronicles,Adventure|Family|Fantasy,"['Adventure', 'Family', 'Fantasy']",3.02,68
80846,44040,Devil,Horror|Mystery|Thriller,"['Horror', 'Mystery', 'Thriller']",2.67,76
5941,13497,Drumline,Drama|Romance|Comedy|Music,"['Drama', 'Romance', 'Comedy', 'Music']",2.88,57
50798,9760,Epic Movie,Action|Adventure|Comedy,"['Action', 'Adventure', 'Comedy']",1.31,69
54256,10074,Hot Rod,Action|Comedy,"['Action', 'Comedy']",3.31,62
7000,9292,Hudson Hawk,Action|Adventure|Comedy,"['Action', 'Adventure', 'Comedy']",2.51,76
5107,10592,Hart's War,Drama|War,"['Drama', 'War']",2.93,84
37382,9923,Domino,Action|Crime,"['Action', 'Crime']",2.9,89
120635,260346,Taken 3,Thriller|Action,"['Thriller', 'Action']",2.8,63
32598,11431,Fever Pitch,Comedy|Drama|Romance,"['Comedy', 'Drama', 'Romance']",3.1,83
136562,321697,Steve Jobs,Drama|History,"['Drama', 'History']",3.33,61
2639,15660,Mommie Dearest,Drama,['Drama'],3.28,51
130073,150689,Cinderella,Romance|Fantasy|Family|Drama,"['Romance', 'Fantasy', 'Family', 'Drama']",3.2,66
46062,10947,High School Musical,Comedy|Drama|Family|Music|TV Movie,"['Comedy', 'Drama', 'Family', 'Music', 'TV Movie']",2.21,46
7381,2122,The Whole Ten Yards,Comedy|Thriller|Crime,"['Comedy', 'Thriller', 'Crime']",2.61,89
4835,16769,Coal Miner's Daughter,Drama|Music,"['Drama', 'Music']",3.61,64
77800,37495,Four Lions,Comedy|Crime|Drama,"['Comedy', 'Crime', 'Drama']",3.61,66
42004,546,Transamerica,Drama,['Drama'],3.45,57
50685,10758,Waitress,Comedy,['Comedy'],3.37,70
41716,9515,The Matador,Action|Comedy|Crime|Drama|Thriller,"['Action', 'Comedy', 'Crime', 'Drama', 'Thriller']",3.34,74
49772,14202,The Painted Veil,Drama|Romance,"['Drama', 'Romance']",3.58,67
69436,17610,Year One,Comedy|Adventure,"['Comedy', 'Adventure']",2.16,70
96281,77174,ParaNorman,Family|Animation|Adventure|Comedy,"['Family', 'Animation', 'Adventure', 'Comedy']",3.45,75
6290,2662,House of 1000 Corpses,Horror,['Horror'],2.94,72
3693,15239,The Toxic Avenger,Science Fiction|Action|Comedy|Horror,"['Science Fiction', 'Action', 'Comedy', 'Horror']",2.88,71
3125,20024,The End of the Affair,Drama,['Drama'],3.52,63
6566,12279,Spy Kids 3-D: Game Over,Action|Adventure|Comedy|Family|Science Fiction,"['Action', 'Adventure', 'Comedy', 'Family', 'Science Fiction']",1.85,72
6291,12093,Lilya 4-ever,Crime|Drama,"['Crime', 'Drama']",3.71,41
56176,6477,Alvin and the Chipmunks,Comedy|Music|Family|Fantasy|Animation,"['Comedy', 'Music', 'Family', 'Fantasy', 'Animation']",2.3,61
74228,26466,Triangle,Horror,['Horror'],3.58,61
5323,11470,Jason X,Horror|Science Fiction,"['Horror', 'Science Fiction']",2.0,70
3051,21349,Anywhere But Here,Drama|Comedy|Romance,"['Drama', 'Comedy', 'Romance']",3.0,55
159858,259693,The Conjuring 2,Horror,['Horror'],3.37,72
55444,5708,Control,Drama,['Drama'],3.84,48
132480,293863,The Age of Adaline,Fantasy|Drama|Romance,"['Fantasy', 'Drama', 'Romance']",3.29,60
32019,4551,Be Cool,Comedy|Crime,"['Comedy', 'Crime']",2.61,81
34323,1696,The Devil's Rejects,Drama|Horror|Crime,"['Drama', 'Horror', 'Crime']",2.96,83
2026,9424,Disturbing Behavior,Mystery|Horror|Science Fiction,"['Mystery', 'Horror', 'Science Fiction']",2.77,59
82852,39451,Little Fockers,Comedy|Romance,"['Comedy', 'Romance']",2.39,72
58154,12184,The Other Boleyn Girl,Drama,['Drama'],3.11,64
1978,9731,Friday the 13th: A New Beginning,Horror|Thriller,"['Horror', 'Thriller']",2.07,56
51931,2355,Reign Over Me,Drama,['Drama'],3.42,69
1660,45153,Eve's Bayou,Drama,['Drama'],3.39,42
96691,71679,Resident Evil: Retribution,Action|Horror|Science Fiction,"['Action', 'Horror', 'Science Fiction']",2.67,72
2178,573,Frenzy,Crime|Drama|Mystery|Thriller,"['Crime', 'Drama', 'Mystery', 'Thriller']",3.44,69
127108,167073,Brooklyn,Drama|Romance,"['Drama', 'Romance']",3.71,59
1938,28580,The Lost Weekend,Drama,['Drama'],3.79,49
142448,253412,Everest,Adventure|Drama,"['Adventure', 'Drama']",3.17,65
74685,29427,The Crazies,Mystery|Horror|Action,"['Mystery', 'Horror', 'Action']",3.08,63
46967,512,Scoop,Comedy|Mystery,"['Comedy', 'Mystery']",3.3,79
2356,9466,Celebrity,Drama|Comedy,"['Drama', 'Comedy']",2.85,58
112897,138103,The Expendables 3,Action|Adventure|Thriller,"['Action', 'Adventure', 'Thriller']",2.89,73
33158,11679,xXx: State of the Union,Action|Adventure|Crime|Drama|Mystery|Thriller,"['Action', 'Adventure', 'Crime', 'Drama', 'Mystery', 'Thriller']",2.18,85
95207,72331,Abraham Lincoln: Vampire Hunter,Action|Fantasy|Horror,"['Action', 'Fantasy', 'Horror']",2.81,81
4899,11469,Black Knight,Adventure|Comedy|Fantasy,"['Adventure', 'Comedy', 'Fantasy']",2.37,77
3946,10461,Get Carter,Action|Drama|Thriller|Crime,"['Action', 'Drama', 'Thriller', 'Crime']",2.24,76
37857,14517,Mirrormask,Fantasy,['Fantasy'],3.31,70
2836,14578,Outside Providence,Romance|Comedy|Drama,"['Romance', 'Comedy', 'Drama']",3.13,43
6263,10782,Basic,Action|Drama|Mystery|Thriller|Crime,"['Action', 'Drama', 'Mystery', 'Thriller', 'Crime']",3.07,94
93831,71552,American Reunion,Comedy,['Comedy'],2.78,73
1984,10676,Halloween III: Season of the Witch,Horror|Mystery|Science Fiction,"['Horror', 'Mystery', 'Science Fiction']",2.29,48
78088,26388,Buried,Drama|Thriller|Mystery,"['Drama', 'Thriller', 'Mystery']",3.12,56
2195,14577,Dirty Work,Comedy,['Comedy'],2.74,74
62644,7735,The Wave,Drama|Thriller,"['Drama', 'Thriller']",3.67,58
66665,19255,Away We Go,Drama|Comedy|Romance,"['Drama', 'Comedy', 'Romance']",3.49,67
44828,9035,Slither,Comedy|Horror|Science Fiction,"['Comedy', 'Horror', 'Science Fiction']",3.16,77
100498,47964,A Good Day to Die Hard,Action|Thriller,"['Action', 'Thriller']",2.33,86
73015,22897,It's Complicated,Comedy|Romance,"['Comedy', 'Romance']",2.85,59
3538,10557,East Is East,Comedy,['Comedy'],3.12,49
112804,244267,I Origins,Science Fiction|Drama,"['Science Fiction', 'Drama']",3.45,46
80831,41402,Let Me In,Drama|Horror|Mystery,"['Drama', 'Horror', 'Mystery']",3.38,69
2171,41469,Next Stop Wonderland,Comedy|Drama|Romance,"['Comedy', 'Drama', 'Romance']",3.58,32
56607,7979,The Kite Runner,Drama,['Drama'],3.76,52
2888,14429,Drive Me Crazy,Drama|Comedy|Romance|Family,"['Drama', 'Comedy', 'Romance', 'Family']",2.35,48
74275,8952,I Love You Phillip Morris,Comedy|Drama|Romance,"['Comedy', 'Drama', 'Romance']",3.18,62
6197,9613,Spider,Drama|Mystery|Thriller,"['Drama', 'Mystery', 'Thriller']",3.43,69
90057,64720,Take Shelter,Thriller|Drama,"['Thriller', 'Drama']",3.65,71
691,40001,Mrs. Winterbourne,Comedy|Romance|Drama,"['Comedy', 'Romance', 'Drama']",2.94,43
56805,6575,Walk Hard: The Dewey Cox Story,Comedy|Music,"['Comedy', 'Music']",3.15,65
105197,129670,Nebraska,Drama|Adventure,"['Drama', 'Adventure']",3.65,71
106441,203833,The Book Thief,Drama,['Drama'],3.61,50
4661,12150,Sea of Love,Drama|Crime|Mystery,"['Drama', 'Crime', 'Mystery']",3.27,66
89039,55420,Another Earth,Drama|Science Fiction,"['Drama', 'Science Fiction']",3.41,62
3036,62204,Quest for Fire,Adventure|Drama,"['Adventure', 'Drama']",3.3,61
1794,47452,Love and Death on Long Island,Drama|Romance|Foreign,"['Drama', 'Romance', 'Foreign']",3.28,37
5668,10994,White Oleander,Drama,['Drama'],3.18,64
122902,166424,Fantastic Four,Action|Adventure|Science Fiction,"['Action', 'Adventure', 'Science Fiction']",2.03,71
6959,9562,Timeline,Action|Adventure|Science Fiction,"['Action', 'Adventure', 'Science Fiction']",2.69,72
2331,46889,Living Out Loud,Comedy|Drama|Romance,"['Comedy', 'Drama', 'Romance']",3.28,45
116977,100042,Dumb and Dumber To,Comedy,['Comedy'],2.56,65
4231,12658,Someone Like You...,Comedy|Romance,"['Comedy', 'Romance']",2.94,63
3908,12212,Urban Legends: Final Cut,Horror,['Horror'],2.1,66
88235,67913,The Guard,Action|Comedy|Thriller|Crime,"['Action', 'Comedy', 'Thriller', 'Crime']",3.63,68
90717,59108,Tower Heist,Action|Comedy,"['Action', 'Comedy']",2.95,76
59103,1729,The Forbidden Kingdom,Action|Adventure|Fantasy,"['Action', 'Adventure', 'Fantasy']",3.1,78
152017,296096,Me Before You,Drama|Romance,"['Drama', 'Romance']",3.52,54
74450,32856,Valentine's Day,Comedy|Romance,"['Comedy', 'Romance']",2.39,52
130520,228161,Home,Fantasy|Comedy|Animation|Science Fiction|Family,"['Fantasy', 'Comedy', 'Animation', 'Science Fiction', 'Family']",3.15,58
61350,9381,Babylon A.D.,Action|Adventure|Science Fiction|Thriller,"['Action', 'Adventure', 'Science Fiction', 'Thriller']",2.86,64
48142,9676,The Black Dahlia,Drama,['Drama'],2.7,79
60760,8836,The X Files: I Want to Believe,Drama|Mystery|Science Fiction|Thriller,"['Drama', 'Mystery', 'Science Fiction', 'Thriller']",2.82,84
118997,224141,Into the Woods,Fantasy|Comedy|Music,"['Fantasy', 'Comedy', 'Music']",2.99,61
2377,11954,Lifeforce,Fantasy|Horror|Science Fiction|Thriller,"['Fantasy', 'Horror', 'Science Fiction', 'Thriller']",3.12,61
160271,302699,Central Intelligence,Action|Comedy,"['Action', 'Comedy']",3.02,64
6322,10743,Confidence,Action|Comedy|Thriller|Crime,"['Action', 'Comedy', 'Thriller', 'Crime']",3.26,81
5506,9573,Blood Work,Crime|Drama|Mystery|Thriller,"['Crime', 'Drama', 'Mystery', 'Thriller']",3.05,69
42418,11400,The New World,Drama|History|Romance,"['Drama', 'History', 'Romance']",3.3,68
96110,77953,The Campaign,Comedy,['Comedy'],2.78,69
40826,1833,Rent,Drama|Romance,"['Drama', 'Romance']",3.15,57
6379,9902,Wrong Turn,Horror|Thriller,"['Horror', 'Thriller']",2.52,67
1980,10281,Friday the 13th Part VII: The New Blood,Horror|Thriller,"['Horror', 'Thriller']",2.07,54
92422,65086,The Woman in Black,Drama|Horror|Thriller,"['Drama', 'Horror', 'Thriller']",2.86,69
45442,503,Poseidon,Adventure|Action|Drama|Thriller,"['Adventure', 'Action', 'Drama', 'Thriller']",2.76,79
90522,58233,Johnny English Reborn,Crime|Adventure|Action|Comedy|Thriller,"['Crime', 'Adventure', 'Action', 'Comedy', 'Thriller']",2.78,54
77307,38810,Dogtooth,Drama,['Drama'],3.58,59
65585,10521,Bride Wars,Comedy,['Comedy'],2.48,48
73266,22327,Youth in Revolt,Drama|Comedy|Romance,"['Drama', 'Comedy', 'Romance']",3.28,62
1996,10306,Poltergeist III,Horror|Thriller,"['Horror', 'Thriller']",1.99,53
6887,13920,Radio,Drama,['Drama'],3.22,58
74851,26389,From Paris with Love,Action|Crime|Thriller,"['Action', 'Crime', 'Thriller']",2.79,63
95558,84175,Beasts of the Southern Wild,Drama|Fantasy,"['Drama', 'Fantasy']",3.49,71
91094,64328,The Muppets,Comedy|Family|Music,"['Comedy', 'Family', 'Music']",3.18,76
6624,10923,Agent Cody Banks,Action,['Action'],2.25,55
141866,313922,Green Room,Horror|Crime|Thriller,"['Horror', 'Crime', 'Thriller']",3.71,57
2500,18892,Jawbreaker,Comedy,['Comedy'],2.53,58
135137,257344,Pixels,Action|Comedy|Science Fiction,"['Action', 'Comedy', 'Science Fiction']",2.53,75
78316,37056,Letters to Juliet,Comedy|Drama|Romance,"['Comedy', 'Drama', 'Romance']",3.0,35
7836,9459,Woodstock,History|Documentary|Music,"['History', 'Documentary', 'Music']",3.94,36
8916,4380,Shall We Dance?,Drama|Romance|Comedy,"['Drama', 'Romance', 'Comedy']",2.93,62
639,61752,Girl 6,Comedy,['Comedy'],2.25,30
4727,1722,Captain Corelli's Mandolin,Drama|History|Romance,"['Drama', 'History', 'Romance']",2.7,57
93270,57214,Project X,Comedy|Crime,"['Comedy', 'Crime']",2.86,68
54281,8669,Charlie Bartlett,Comedy|Drama,"['Comedy', 'Drama']",3.4,68
117881,284293,Still Alice,Drama,['Drama'],3.57,52
116799,171274,Inherent Vice,Comedy|Romance|Crime|Drama|Mystery,"['Comedy', 'Romance', 'Crime', 'Drama', 'Mystery']",3.3,61
75805,27573,The Bounty Hunter,Action,['Action'],2.51,61
80615,41216,Legend of the Guardians: The Owls of Ga'Hoole,Animation|Adventure|Family|Fantasy,"['Animation', 'Adventure', 'Family', 'Fantasy']",3.04,51
3145,32274,Cradle Will Rock,Drama,['Drama'],3.14,54
67267,13090,Sunshine Cleaning,Comedy|Drama,"['Comedy', 'Drama']",3.39,63
7369,11024,Scooby-Doo 2: Monsters Unleashed,Mystery|Fantasy|Adventure|Comedy,"['Mystery', 'Fantasy', 'Adventure', 'Comedy']",2.08,63
99145,80278,The Impossible,Thriller|Drama,"['Thriller', 'Drama']",3.62,66
5329,11468,Salton Sea,Drama|Mystery|Thriller,"['Drama', 'Mystery', 'Thriller']",3.33,59
1985,11357,Halloween 4: The Return of Michael Myers,Horror|Thriller,"['Horror', 'Thriller']",2.61,46
2169,14557,Dead Man on Campus,Comedy,['Comedy'],2.64,61
4535,24266,The Man from Snowy River,Family|Drama|Action|Western|Romance,"['Family', 'Drama', 'Action', 'Western', 'Romance']",3.7,41
718,11687,The Visitors,Fantasy|Comedy|Science Fiction,"['Fantasy', 'Comedy', 'Science Fiction']",3.04,49
106438,205220,Philomena,Drama,['Drama'],3.51,63
103883,136400,2 Guns,Action|Comedy|Crime,"['Action', 'Comedy', 'Crime']",3.29,56
69604,19265,Whatever Works,Comedy|Romance,"['Comedy', 'Romance']",3.5,65
113348,98566,Teenage Mutant Ninja Turtles,Science Fiction|Action|Adventure|Fantasy|Comedy,"['Science Fiction', 'Action', 'Adventure', 'Fantasy', 'Comedy']",2.61,63
58156,13260,Semi-Pro,Comedy,['Comedy'],2.64,66
70728,18533,Bronson,Drama|Action|Crime,"['Drama', 'Action', 'Crime']",3.48,75
3190,10384,Supernova,Horror|Science Fiction|Thriller,"['Horror', 'Science Fiction', 'Thriller']",2.3,64
1667,9770,Mad City,Action|Drama|Thriller,"['Action', 'Drama', 'Thriller']",2.58,42
43871,9754,Firewall,Thriller,['Thriller'],2.64,53
6777,821,Judgment at Nuremberg,Drama|History,"['Drama', 'History']",3.86,54
3554,14736,Love & Basketball,Action|Comedy|Drama|Romance,"['Action', 'Comedy', 'Drama', 'Romance']",3.05,46
49824,1125,Dreamgirls,Drama,['Drama'],3.12,68
118900,228970,Wild,Drama,['Drama'],3.37,63
8814,10762,Without a Paddle,Action|Adventure|Comedy|Thriller,"['Action', 'Adventure', 'Comedy', 'Thriller']",2.72,74
58162,7942,"Run, Fatboy, Run",Comedy|Romance,"['Comedy', 'Romance']",3.15,68
34336,11648,Must Love Dogs,Comedy|Romance,"['Comedy', 'Romance']",2.77,64
59258,8780,Baby Mama,Comedy,['Comedy'],2.78,61
72129,22804,Saw VI,Horror|Mystery,"['Horror', 'Mystery']",2.79,48
80126,27579,The American,Crime|Drama|Thriller,"['Crime', 'Drama', 'Thriller']",3.2,69
2154,33644,How Stella Got Her Groove Back,Comedy|Drama|Romance,"['Comedy', 'Drama', 'Romance']",2.51,47
52042,9075,Black Book,Drama|Thriller|War,"['Drama', 'Thriller', 'War']",3.55,55
105468,109451,Cloudy with a Chance of Meatballs 2,Animation|Family|Comedy,"['Animation', 'Family', 'Comedy']",3.02,61
3324,25166,Drowning Mona,Comedy|Crime|Mystery,"['Comedy', 'Crime', 'Mystery']",2.61,53
108188,137094,Jack Ryan: Shadow Recruit,Action|Drama|Thriller,"['Action', 'Drama', 'Thriller']",3.18,57
3955,16888,The Ladies Man,Comedy,['Comedy'],2.36,52
5385,13963,The Last Waltz,Documentary|Music,"['Documentary', 'Music']",3.85,42
136018,261023,Black Mass,Crime|Drama,"['Crime', 'Drama']",3.21,75
2540,9455,The Corruptor,Action|Crime|Mystery|Thriller,"['Action', 'Crime', 'Mystery', 'Thriller']",2.82,50
106491,64686,47 Ronin,Drama|Action|Adventure|Fantasy,"['Drama', 'Action', 'Adventure', 'Fantasy']",2.8,66
5106,17130,Crossroads,Action|Adventure|Comedy|Drama|Family|Music|Romance,"['Action', 'Adventure', 'Comedy', 'Drama', 'Family', 'Music', 'Romance']",1.81,51
96655,84329,Robot & Frank,Science Fiction|Comedy|Drama|Crime,"['Science Fiction', 'Comedy', 'Drama', 'Crime']",3.57,62
115170,205587,The Judge,Drama,['Drama'],3.29,63
5325,1282,Dogtown and Z-Boys,Documentary,['Documentary'],3.62,49
5391,17734,Thirteen Conversations About One Thing,Drama,['Drama'],3.51,58
8387,11546,Police Academy: Mission to Moscow,Comedy|Crime,"['Comedy', 'Crime']",1.69,50
1998,11586,Exorcist II: The Heretic,Horror|Thriller|Fantasy,"['Horror', 'Thriller', 'Fantasy']",2.1,59
4732,9683,Bubble Boy,Adventure|Comedy|Drama|Romance,"['Adventure', 'Comedy', 'Drama', 'Romance']",2.67,65
4452,15745,Made,Action|Comedy|Thriller,"['Action', 'Comedy', 'Thriller']",2.97,63
4031,21355,All the Pretty Horses,Drama|Romance|Western,"['Drama', 'Romance', 'Western']",2.75,53
4770,2176,The Glass House,Drama|Thriller,"['Drama', 'Thriller']",2.69,52
6763,7288,Duplex,Action|Comedy|Thriller,"['Action', 'Comedy', 'Thriller']",2.4,62
72294,17979,A Christmas Carol,Animation|Drama,"['Animation', 'Drama']",3.0,56
78266,37707,Splice,Horror|Thriller|Science Fiction,"['Horror', 'Thriller', 'Science Fiction']",2.81,68
71205,19994,Jennifer's Body,Comedy|Horror,"['Comedy', 'Horror']",2.44,66
33499,4379,Monster-in-Law,Romance|Comedy,"['Romance', 'Comedy']",2.46,48
5421,16857,The Dangerous Lives of Altar Boys,Comedy|Drama,"['Comedy', 'Drama']",3.27,47
92509,72570,The Vow,Drama|Romance,"['Drama', 'Romance']",3.4,42
136016,105864,The Good Dinosaur,Adventure|Animation|Family,"['Adventure', 'Animation', 'Family']",3.13,59
131013,257091,Get Hard,Comedy,['Comedy'],2.88,64
44709,13751,Akeelah and the Bee,Drama,['Drama'],3.57,55
3529,11027,The Postman Always Rings Twice,Romance|Crime|Drama,"['Romance', 'Crime', 'Drama']",3.35,49
255,18713,The Jerky Boys,Comedy|Crime,"['Comedy', 'Crime']",1.81,39
5092,11870,Big Fat Liar,Comedy|Family,"['Comedy', 'Family']",2.38,63
102033,134374,Pain & Gain,Thriller|Crime|Action,"['Thriller', 'Crime', 'Action']",2.81,72
2546,30943,The Deep End of the Ocean,Drama|Mystery,"['Drama', 'Mystery']",2.66,44
48414,7484,Open Season,Adventure|Animation|Family,"['Adventure', 'Animation', 'Family']",2.81,66
3519,17339,Force 10 from Navarone,Action|Adventure|War|Thriller,"['Action', 'Adventure', 'War', 'Thriller']",3.06,56
31433,6961,The Wedding Date,Comedy|Romance,"['Comedy', 'Romance']",2.9,49
1875,55561,Clockwatchers,Comedy|Drama,"['Comedy', 'Drama']",3.18,45
7827,10133,Cypher,Thriller|Science Fiction|Mystery,"['Thriller', 'Science Fiction', 'Mystery']",3.51,60
4526,12120,My Stepmother is an Alien,Comedy|Science Fiction,"['Comedy', 'Science Fiction']",2.42,63
4158,23685,Monkeybone,Adventure|Fantasy|Animation|Action|Comedy,"['Adventure', 'Fantasy', 'Animation', 'Action', 'Comedy']",2.21,60
2925,8416,The Conformist,Drama,['Drama'],4.07,44
6852,18900,In Cold Blood,Crime|Drama,"['Crime', 'Drama']",3.93,61
1986,11361,Halloween 5: The Revenge of Michael Myers,Horror|Thriller,"['Horror', 'Thriller']",2.46,40
78836,34647,Enter the Void,Fantasy|Drama,"['Fantasy', 'Drama']",3.64,54
73319,25195,Leap Year,Romance|Comedy,"['Romance', 'Comedy']",2.77,51
85412,46146,Troll Hunter,Fantasy|Horror,"['Fantasy', 'Horror']",3.37,57
55069,2009,"4 Months, 3 Weeks and 2 Days",Drama,['Drama'],3.8,47
6695,11351,Jeepers Creepers 2,Horror|Thriller,"['Horror', 'Thriller']",2.23,62
96606,89708,Samsara,Drama|Documentary,"['Drama', 'Documentary']",3.96,48
93766,57165,Wrath of the Titans,Adventure,['Adventure'],2.56,69
101076,72559,G.I. Joe: Retaliation,Adventure|Action|Science Fiction|Thriller,"['Adventure', 'Action', 'Science Fiction', 'Thriller']",2.59,64
34153,14278,Murderball,Documentary,['Documentary'],3.69,61
80166,41210,The Switch,Comedy|Romance|Drama,"['Comedy', 'Romance', 'Drama']",2.78,49
86835,38321,Priest,Action|Science Fiction|Fantasy|Thriller|Horror,"['Action', 'Science Fiction', 'Fantasy', 'Thriller', 'Horror']",2.62,68
51834,2977,Becoming Jane,Drama|Romance,"['Drama', 'Romance']",3.33,41
30894,11804,White Noise,Drama|Horror|Thriller,"['Drama', 'Horror', 'Thriller']",2.52,57
68848,21755,The Brothers Bloom,Adventure|Comedy|Drama|Romance,"['Adventure', 'Comedy', 'Drama', 'Romance']",3.37,59
2978,10563,Three to Tango,Comedy|Romance,"['Comedy', 'Romance']",2.68,49
42002,9899,The Producers,Comedy|Music,"['Comedy', 'Music']",2.99,65
55094,6973,In the Valley of Elah,History|Drama|Thriller|Crime|Mystery,"['History', 'Drama', 'Thriller', 'Crime', 'Mystery']",3.55,54
61250,12620,The House Bunny,Romance|Comedy,"['Romance', 'Comedy']",2.59,56
2385,12257,Home Fries,Drama|Comedy|Romance,"['Drama', 'Comedy', 'Romance']",2.59,47
139642,307081,Southpaw,Action|Drama,"['Action', 'Drama']",3.31,59
6958,10756,The Haunted Mansion,Thriller|Fantasy|Comedy|Family|Mystery,"['Thriller', 'Fantasy', 'Comedy', 'Family', 'Mystery']",2.17,61
74688,22971,Dear John,Drama|Romance|War,"['Drama', 'Romance', 'War']",2.79,39
2306,9713,Holy Man,Drama|Comedy,"['Drama', 'Comedy']",2.49,66
102800,121986,Frances Ha,Comedy|Drama,"['Comedy', 'Drama']",3.48,49
72167,22821,The Boondock Saints II: All Saints Day,Action|Thriller|Crime,"['Action', 'Thriller', 'Crime']",3.03,59
2882,2290,Jakob the Liar,Comedy|Drama|History,"['Comedy', 'Drama', 'History']",2.9,49
7375,11137,The Prince & Me,Comedy|Romance,"['Comedy', 'Romance']",2.92,39
5363,10985,The New Guy,Comedy|Family,"['Comedy', 'Family']",2.64,72
2828,17709,Dudley Do-Right,Comedy|Family|Romance,"['Comedy', 'Family', 'Romance']",2.11,46
27822,83,Open Water,Drama|Thriller,"['Drama', 'Thriller']",2.89,70
58301,8461,Funny Games,Horror|Thriller|Crime,"['Horror', 'Thriller', 'Crime']",3.33,58
99728,82682,Gangster Squad,Crime|Drama|Action|Thriller,"['Crime', 'Drama', 'Action', 'Thriller']",3.12,59
108928,152760,The Monuments Men,War|Drama|History|Action,"['War', 'Drama', 'History', 'Action']",2.85,62
87304,55347,Beginners,Drama|Romance|Comedy,"['Drama', 'Romance', 'Comedy']",3.5,53
3287,15655,The Tigger Movie,Animation|Family,"['Animation', 'Family']",2.91,41
81417,41436,Paranormal Activity 2,Horror|Thriller,"['Horror', 'Thriller']",2.58,60
5094,11535,Rollerball,Action|Science Fiction|Thriller,"['Action', 'Science Fiction', 'Thriller']",1.79,56
5414,3132,Bad Company,Action|Adventure|Comedy|Thriller,"['Action', 'Adventure', 'Comedy', 'Thriller']",2.6,60
3865,23618,The Original Kings of Comedy,Comedy,['Comedy'],2.98,57
80917,43933,Monsters,Drama|Thriller|Science Fiction,"['Drama', 'Thriller', 'Science Fiction']",3.16,68
100390,109431,Identity Thief,Comedy|Crime,"['Comedy', 'Crime']",2.54,57
1935,43266,How Green Was My Valley,Drama,['Drama'],3.53,33
8908,11128,Ladder 49,Drama|Action|Thriller,"['Drama', 'Action', 'Thriller']",2.94,67
135141,262504,Allegiant,Adventure|Science Fiction,"['Adventure', 'Science Fiction']",2.99,54
115231,239563,St. Vincent,Comedy,['Comedy'],3.24,49
2310,9821,The Mighty,Comedy|Drama,"['Comedy', 'Drama']",3.31,52
8530,8981,Dear Frankie,Drama|Family,"['Drama', 'Family']",3.77,52
55245,10030,Good Luck Chuck,Comedy|Drama|Romance,"['Comedy', 'Drama', 'Romance']",2.78,80
71108,37903,The White Ribbon,Crime|Drama|Mystery,"['Crime', 'Drama', 'Mystery']",3.69,43
3422,27995,She's Gotta Have It,Comedy|Romance,"['Comedy', 'Romance']",3.19,42
80551,38167,Eat Pray Love,Drama,['Drama'],2.47,44
63479,13523,Sex Drive,Comedy|Adventure|Romance,"['Comedy', 'Adventure', 'Romance']",3.03,53
5410,811,Silent Running,Adventure|Drama|Science Fiction,"['Adventure', 'Drama', 'Science Fiction']",3.38,56
4450,9517,Bully,Crime|Drama,"['Crime', 'Drama']",3.28,59
160954,328387,Nerve,Mystery|Adventure|Crime,"['Mystery', 'Adventure', 'Crime']",3.33,42
99912,132232,Mama,Horror,['Horror'],3.02,47
4305,5852,Angel Eyes,Drama|Romance|Thriller,"['Drama', 'Romance', 'Thriller']",2.48,49
43919,10073,Date Movie,Comedy,['Comedy'],1.35,52
110591,157547,Oculus,Horror,['Horror'],3.08,56
3225,10472,Down to You,Comedy|Drama|Family|Romance,"['Comedy', 'Drama', 'Family', 'Romance']",2.59,48
3581,11129,Human Traffic,Comedy|Drama,"['Comedy', 'Drama']",3.43,43
158813,241259,Alice Through the Looking Glass,Fantasy,['Fantasy'],2.96,56
1330,24913,April Fool's Day,Horror|Mystery,"['Horror', 'Mystery']",2.81,43
97172,62214,Frankenweenie,Animation|Comedy|Family,"['Animation', 'Comedy', 'Family']",3.03,55
57532,7278,Meet the Spartans,Comedy,['Comedy'],1.41,53
3326,10416,What Planet Are You From?,Comedy|Drama|Romance|Science Fiction,"['Comedy', 'Drama', 'Romance', 'Science Fiction']",2.34,43
1934,34106,You Can't Take It With You,Comedy|Romance,"['Comedy', 'Romance']",3.63,35
2498,9849,My Favorite Martian,Comedy|Drama|Family|Science Fiction,"['Comedy', 'Drama', 'Family', 'Science Fiction']",2.21,45
72380,22825,The Box,Thriller|Science Fiction,"['Thriller', 'Science Fiction']",2.63,68
88179,51828,One Day,Drama|Romance,"['Drama', 'Romance']",3.22,48
34271,10476,Hustle & Flow,Drama,['Drama'],3.46,49
4699,2057,Original Sin,Drama|Thriller|Mystery|Romance,"['Drama', 'Thriller', 'Mystery', 'Romance']",2.81,56
110771,193610,The Other Woman,Comedy|Romance,"['Comedy', 'Romance']",2.77,43
5613,1958,8 Women,Comedy|Thriller|Music|Crime|Mystery,"['Comedy', 'Thriller', 'Music', 'Crime', 'Mystery']",3.29,39
54276,3638,No Reservations,Comedy,['Comedy'],2.95,42
45928,13508,Who Killed the Electric Car?,Documentary,['Documentary'],3.65,58
6013,10628,Kangaroo Jack,Comedy|Adventure|Crime,"['Comedy', 'Adventure', 'Crime']",1.87,51
118700,273895,Selma,History|Drama,"['History', 'Drama']",3.48,52
5282,11560,High Crimes,Drama|Mystery|Thriller|Crime,"['Drama', 'Mystery', 'Thriller', 'Crime']",2.99,58
4745,11065,O,Drama|Romance|Thriller,"['Drama', 'Romance', 'Thriller']",2.98,54
4915,16441,The Beastmaster,Action|Fantasy,"['Action', 'Fantasy']",2.72,45
59333,10761,Made of Honor,Comedy|Romance,"['Comedy', 'Romance']",2.51,38
2460,16337,The Texas Chainsaw Massacre 2,Horror,['Horror'],2.68,45
5809,9280,Femme Fatale,Thriller|Crime|Romance,"['Thriller', 'Crime', 'Romance']",3.09,68
990,10861,Maximum Risk,Action|Adventure|Thriller,"['Action', 'Adventure', 'Thriller']",2.55,41
152079,267860,London Has Fallen,Action|Crime|Thriller,"['Action', 'Crime', 'Thriller']",2.92,59
88785,49520,The Change-Up,Comedy,['Comedy'],2.86,50
5379,4012,The Believer,Drama,['Drama'],3.6,49
6170,17264,The Black Stallion,Adventure|Family,"['Adventure', 'Family']",3.31,43
5039,848,Dragonslayer,Fantasy,['Fantasy'],3.2,51
71252,19912,The Final Destination,Horror|Mystery,"['Horror', 'Mystery']",2.31,53
26152,2661,Batman,Family|Adventure|Comedy|Science Fiction|Crime,"['Family', 'Adventure', 'Comedy', 'Science Fiction', 'Crime']",3.19,49
66198,4959,The International,Drama|Thriller|Crime,"['Drama', 'Thriller', 'Crime']",3.05,57
3325,1831,The Next Best Thing,Comedy,['Comedy'],2.36,52
71668,19899,Couples Retreat,Comedy|Romance,"['Comedy', 'Romance']",2.64,62
4153,16300,Down to Earth,Fantasy|Comedy|Science Fiction|Romance,"['Fantasy', 'Comedy', 'Science Fiction', 'Romance']",2.38,56
73929,22894,Legion,Horror,['Horror'],2.4,64
86548,55787,Water for Elephants,Drama|Romance,"['Drama', 'Romance']",3.34,49
101285,122081,Spring Breakers,Drama|Crime,"['Drama', 'Crime']",2.83,58
6862,2116,Out of Time,Thriller|Crime|Drama,"['Thriller', 'Crime', 'Drama']",3.17,51
57951,8676,Fool's Gold,Romance|Comedy|Adventure,"['Romance', 'Comedy', 'Adventure']",2.68,59
85022,48988,Hall Pass,Comedy,['Comedy'],2.65,58
34334,10048,Stealth,Action,['Action'],2.64,59
7255,13476,Win a Date with Tad Hamilton!,Comedy|Romance,"['Comedy', 'Romance']",2.77,44
117851,270946,Penguins of Madagascar,Family|Animation|Adventure|Comedy,"['Family', 'Animation', 'Adventure', 'Comedy']",3.08,45
101739,109428,Evil Dead,Horror,['Horror'],3.08,62
8968,10589,After the Sunset,Action|Comedy|Crime|Drama,"['Action', 'Comedy', 'Crime', 'Drama']",2.89,58
98056,86837,Amour,Drama|Romance,"['Drama', 'Romance']",3.61,49
111384,188166,Blue Ruin,Crime|Thriller,"['Crime', 'Thriller']",3.69,47
4218,21309,River's Edge,Crime|Drama,"['Crime', 'Drama']",3.55,55
5501,13908,The Master of Disguise,Comedy|Family,"['Comedy', 'Family']",1.74,54
117887,116149,Paddington,Family|Comedy,"['Family', 'Comedy']",3.35,54
80590,33909,Wall Street: Money Never Sleeps,Drama|Crime,"['Drama', 'Crime']",2.86,52
2491,16172,Simply Irresistible,Comedy,['Comedy'],2.19,42
140928,274479,Joy,Drama|Comedy,"['Drama', 'Comedy']",3.1,50
5387,1957,Enough,Drama|Thriller,"['Drama', 'Thriller']",2.57,60
51939,1273,TMNT,Adventure|Animation|Comedy|Family,"['Adventure', 'Animation', 'Comedy', 'Family']",2.81,66
91978,49527,Man on a Ledge,Action|Thriller|Crime,"['Action', 'Thriller', 'Crime']",2.99,52
41863,8053,The Three Burials of Melquiades Estrada,Adventure|Crime|Drama|Mystery|Western,"['Adventure', 'Crime', 'Drama', 'Mystery', 'Western']",3.63,49
59037,7459,Speed Racer,Action|Family|Science Fiction,"['Action', 'Family', 'Science Fiction']",2.91,67
6536,14411,Sinbad: Legend of the Seven Seas,Family|Animation|Adventure,"['Family', 'Animation', 'Adventure']",3.34,44
91126,57212,War Horse,Drama|War,"['Drama', 'War']",3.38,58
49130,9726,A Good Year,Comedy|Drama|Romance,"['Comedy', 'Drama', 'Romance']",3.3,44
8951,11109,Vera Drake,Crime|Drama,"['Crime', 'Drama']",3.71,57
523,47889,Ruby in Paradise,Drama|Romance,"['Drama', 'Romance']",3.61,22
115664,228326,The Book of Life,Romance|Animation|Adventure|Comedy|Family|Fantasy,"['Romance', 'Animation', 'Adventure', 'Comedy', 'Family', 'Fantasy']",3.55,42
72405,11699,The Bad Lieutenant: Port of Call - New Orleans,Drama|Crime,"['Drama', 'Crime']",3.42,56
62293,12783,The Duchess,Drama|History|Romance,"['Drama', 'History', 'Romance']",3.26,50
2272,53113,One True Thing,Drama|Romance,"['Drama', 'Romance']",2.89,35
126548,272693,The DUFF,Romance|Comedy,"['Romance', 'Comedy']",3.14,45
49910,1646,Freedom Writers,Crime|Drama,"['Crime', 'Drama']",3.49,51
34143,9009,Dark Water,Drama|Horror|Thriller,"['Drama', 'Horror', 'Thriller']",2.67,65
5127,10052,Dragonfly,Drama,['Drama'],2.98,55
510,8291,Poetic Justice,Drama|Romance,"['Drama', 'Romance']",2.62,29
55274,4517,Elizabeth: The Golden Age,Drama|History|Romance,"['Drama', 'History', 'Romance']",3.11,50
74553,26963,The Secret of Kells,Animation|Family|Fantasy,"['Animation', 'Family', 'Fantasy']",3.6,42
27837,11866,Flight of the Phoenix,Action|Adventure|Drama|Thriller,"['Action', 'Adventure', 'Drama', 'Thriller']",2.84,64
5628,2110,Wasabi,Drama|Action|Comedy,"['Drama', 'Action', 'Comedy']",3.66,37
39414,2610,Shopgirl,Comedy|Drama|Romance,"['Comedy', 'Drama', 'Romance']",3.18,44
34530,11453,Deuce Bigalow: European Gigolo,Comedy,['Comedy'],2.05,53
2280,26618,Clay Pigeons,Comedy|Crime|Drama|Thriller,"['Comedy', 'Crime', 'Drama', 'Thriller']",3.0,48
53207,3489,88 Minutes,Crime|Mystery|Thriller,"['Crime', 'Mystery', 'Thriller']",2.63,54
85401,45132,Super,Comedy|Action|Drama,"['Comedy', 'Action', 'Drama']",3.25,64
95449,77930,Magic Mike,Drama|Comedy,"['Drama', 'Comedy']",2.81,51
40614,8999,Derailed,Drama|Thriller,"['Drama', 'Thriller']",3.12,60
138210,300671,13 Hours: The Secret Soldiers of Benghazi,Action|Drama|History|Thriller|War,"['Action', 'Drama', 'History', 'Thriller', 'War']",3.6,46
8369,16617,Mindhunters,Mystery|Thriller|Crime,"['Mystery', 'Thriller', 'Crime']",3.09,54
90888,37958,Immortals,Fantasy|Action|Drama,"['Fantasy', 'Action', 'Drama']",2.7,62
5712,11644,Blow Out,Drama|Mystery|Thriller,"['Drama', 'Mystery', 'Thriller']",3.75,53
1900,21334,Children of Heaven,Drama|Comedy|Family,"['Drama', 'Comedy', 'Family']",3.86,39
3286,15489,Snow Day,Comedy|Family,"['Comedy', 'Family']",2.12,47
4224,10877,Exit Wounds,Action|Crime|Thriller,"['Action', 'Crime', 'Thriller']",2.62,52
135518,238615,Self/less,Science Fiction|Mystery|Thriller,"['Science Fiction', 'Mystery', 'Thriller']",3.02,50
2548,7341,The Rage: Carrie 2,Horror|Thriller|Science Fiction,"['Horror', 'Thriller', 'Science Fiction']",2.15,41
127198,308639,Dope,Crime|Drama|Comedy,"['Crime', 'Drama', 'Comedy']",3.39,44
99117,89492,This Is 40,Comedy,['Comedy'],2.98,49
103984,179144,The Great Beauty,Comedy|Drama,"['Comedy', 'Drama']",3.93,41
86295,41446,Scream 4,Horror|Mystery,"['Horror', 'Mystery']",2.66,72
139855,291270,Anomalisa,Animation|Comedy|Drama|Romance,"['Animation', 'Comedy', 'Drama', 'Romance']",3.38,55
96417,49526,Premium Rush,Crime|Action|Thriller,"['Crime', 'Action', 'Thriller']",3.14,51
56333,8272,The Savages,Drama,['Drama'],3.54,60
88812,62206,30 Minutes or Less,Action|Adventure|Comedy,"['Action', 'Adventure', 'Comedy']",2.76,44
3299,10385,Hanging Up,Comedy|Drama,"['Comedy', 'Drama']",2.07,35
48744,1378,Shortbus,Romance|Drama|Comedy,"['Romance', 'Drama', 'Comedy']",3.46,41
81156,16290,Jackass 3D,Comedy|Documentary|Action,"['Comedy', 'Documentary', 'Action']",2.95,48
6223,12079,Spun,Comedy|Crime|Drama,"['Comedy', 'Crime', 'Drama']",3.05,52
51925,9963,Premonition,Thriller|Drama|Mystery,"['Thriller', 'Drama', 'Mystery']",2.65,56
3672,23069,Benji,Adventure|Family|Romance,"['Adventure', 'Family', 'Romance']",2.67,44
2801,39780,Oscar and Lucinda,Drama|Romance,"['Drama', 'Romance']",3.08,26
31660,8953,Steamboy,Animation|Fantasy|Science Fiction,"['Animation', 'Fantasy', 'Science Fiction']",3.41,37
87529,38319,Your Highness,Comedy,['Comedy'],2.49,60
58107,8328,Step Up 2: The Streets,Music|Drama|Romance,"['Music', 'Drama', 'Romance']",2.78,39
43921,7304,Running Scared,Action|Crime|Drama|Thriller,"['Action', 'Crime', 'Drama', 'Thriller']",3.42,55
101088,86825,Stoker,Drama|Horror|Thriller,"['Drama', 'Horror', 'Thriller']",3.22,63
75341,23169,Remember Me,Drama|Romance,"['Drama', 'Romance']",3.12,37
74948,25941,Harry Brown,Thriller|Crime|Drama|Action,"['Thriller', 'Crime', 'Drama', 'Action']",3.42,54
5264,15028,Clockstoppers,Adventure|Family|Science Fiction|Thriller,"['Adventure', 'Family', 'Science Fiction', 'Thriller']",2.47,45
5264,15028,Clockstoppers,Adventure|Family|Science Fiction|Thriller,"['Adventure', 'Family', 'Science Fiction', 'Thriller']",2.47,45
101025,81005,Jack the Giant Slayer,Action|Family|Fantasy,"['Action', 'Family', 'Fantasy']",2.96,53
48520,9794,Employee of the Month,Comedy|Romance,"['Comedy', 'Romance']",2.57,59
46974,1852,World Trade Center,Drama|History|Thriller,"['Drama', 'History', 'Thriller']",3.03,49
4422,10238,Cries and Whispers,Drama,['Drama'],3.85,41
33145,8976,A Lot Like Love,Comedy,['Comedy'],2.98,42
3858,14195,Cecil B. Demented,Thriller|Comedy|Crime,"['Thriller', 'Comedy', 'Crime']",2.52,48
4009,10132,Talk Radio,Drama,['Drama'],3.53,50
104074,76285,Percy Jackson: Sea of Monsters,Adventure|Family|Fantasy,"['Adventure', 'Family', 'Fantasy']",2.87,49
45062,5820,The Sentinel,Action|Thriller|Crime,"['Action', 'Thriller', 'Crime']",2.73,55
294,63020,The Perez Family,Comedy|Drama|Romance,"['Comedy', 'Drama', 'Romance']",3.16,25
998,9400,Set It Off,Drama|Action|Crime,"['Drama', 'Action', 'Crime']",2.95,40
33830,11451,Herbie Fully Loaded,Comedy|Family|Adventure|Fantasy|Romance,"['Comedy', 'Family', 'Adventure', 'Fantasy', 'Romance']",2.33,50
103655,49524,R.I.P.D.,Fantasy|Action|Comedy|Crime,"['Fantasy', 'Action', 'Comedy', 'Crime']",2.74,55
4845,17708,Corky Romano,Action|Comedy|Crime,"['Action', 'Comedy', 'Crime']",1.95,54
138208,285783,The Walk,Adventure|Drama|Thriller,"['Adventure', 'Drama', 'Thriller']",3.34,47
4976,11889,Iris,Drama|Romance,"['Drama', 'Romance']",3.29,46
6484,11375,Hollywood Homicide,Action|Adventure|Comedy|Thriller,"['Action', 'Adventure', 'Comedy', 'Thriller']",2.59,58
27838,12281,Mean Creek,Crime|Drama,"['Crime', 'Drama']",3.56,45
92938,71676,Ghost Rider: Spirit of Vengeance,Action|Fantasy|Thriller,"['Action', 'Fantasy', 'Thriller']",1.98,42
63033,8338,Blindness,Drama|Mystery|Science Fiction|Thriller,"['Drama', 'Mystery', 'Science Fiction', 'Thriller']",3.17,60
3895,10685,The Watcher,Mystery|Thriller,"['Mystery', 'Thriller']",2.68,41
4676,22102,Troop Beverly Hills,Adventure|Comedy|Family,"['Adventure', 'Comedy', 'Family']",2.41,40
5610,9034,The Banger Sisters,Comedy|Drama,"['Comedy', 'Drama']",2.8,44
58297,13460,Doomsday,Action|Thriller|Science Fiction,"['Action', 'Thriller', 'Science Fiction']",2.7,51
5048,11888,Snow Dogs,Adventure|Comedy|Family,"['Adventure', 'Comedy', 'Family']",2.1,43
5523,11692,The Adventures of Pluto Nash,Action|Comedy|Science Fiction,"['Action', 'Comedy', 'Science Fiction']",2.02,56
3794,44490,Chuck & Buck,Comedy|Drama,"['Comedy', 'Drama']",3.31,34
104908,91586,Insidious: Chapter 2,Horror|Thriller,"['Horror', 'Thriller']",3.23,37
114847,262543,Automata,Thriller|Science Fiction,"['Thriller', 'Science Fiction']",3.09,47
91622,57157,Young Adult,Comedy|Drama,"['Comedy', 'Drama']",3.09,52
89087,62835,Colombiana,Action|Thriller|Crime|Drama,"['Action', 'Thriller', 'Crime', 'Drama']",2.83,47
33683,10226,High Tension,Horror|Thriller|Mystery,"['Horror', 'Thriller', 'Mystery']",2.99,42
27674,9282,11:14,Crime|Drama|Thriller,"['Crime', 'Drama', 'Thriller']",3.41,46
5667,13768,Tuck Everlasting,Fantasy|Drama|Science Fiction|Romance|Family,"['Fantasy', 'Drama', 'Science Fiction', 'Romance', 'Family']",2.92,42
81535,41439,Saw: The Final Chapter,Horror|Crime,"['Horror', 'Crime']",2.73,35
140523,298312,The Visit,Horror|Thriller,"['Horror', 'Thriller']",3.02,47
6587,8046,Gigli,Drama,['Drama'],1.48,43
112818,238636,The Purge: Anarchy,Horror|Thriller,"['Horror', 'Thriller']",2.9,51
3747,25636,Jesus' Son,Comedy|Drama|Romance,"['Comedy', 'Drama', 'Romance']",3.31,39
94896,92591,Bernie,Comedy|Crime|Drama,"['Comedy', 'Crime', 'Drama']",3.22,49
128512,286565,Paper Towns,Drama|Mystery|Romance,"['Drama', 'Mystery', 'Romance']",2.87,42
53435,1691,Hostel: Part II,Horror,['Horror'],2.56,36
4407,6106,Salvador,Drama,['Drama'],3.56,45
54771,4858,The Invasion,Science Fiction|Thriller,"['Science Fiction', 'Thriller']",2.88,56
45028,9526,A Prairie Home Companion,Drama|Comedy|Music,"['Drama', 'Comedy', 'Music']",3.37,54
89761,48231,A Dangerous Method,Drama|Thriller,"['Drama', 'Thriller']",3.15,55
3990,16340,Rugrats in Paris: The Movie,Adventure|Animation|Comedy|Family,"['Adventure', 'Animation', 'Comedy', 'Family']",2.31,40
3029,21610,Nighthawks,Action|Crime|Thriller,"['Action', 'Crime', 'Thriller']",3.22,41
6332,18736,The Lizzie McGuire Movie,Family|Comedy,"['Family', 'Comedy']",2.31,31
62344,14976,Rachel Getting Married,Drama,['Drama'],3.47,50
118702,227306,Unbroken,Drama|War,"['Drama', 'War']",3.4,46
1604,9416,Money Talks,Action|Adventure|Comedy,"['Action', 'Adventure', 'Comedy']",2.85,48
1804,42807,The Newton Boys,Crime|Action|Drama,"['Crime', 'Action', 'Drama']",2.79,48
31694,57825,Bride & Prejudice,Drama|Comedy|Music|Romance,"['Drama', 'Comedy', 'Music', 'Romance']",3.13,38
91890,71688,The Iron Lady,History|Drama,"['History', 'Drama']",2.87,47
102720,116711,Epic,Animation|Adventure|Family|Fantasy,"['Animation', 'Adventure', 'Family', 'Fantasy']",3.02,41
95720,80035,The Watch,Comedy,['Comedy'],2.64,55
161580,376659,Bad Moms,Comedy,['Comedy'],3.02,42
111617,232672,Blended,Comedy,['Comedy'],2.96,48
100556,123678,The Act of Killing,Documentary,['Documentary'],3.86,39
85397,49730,Red Riding Hood,Fantasy|Thriller|Horror,"['Fantasy', 'Thriller', 'Horror']",2.47,52
3710,10117,Action Jackson,Action|Adventure|Comedy|Crime|Drama,"['Action', 'Adventure', 'Comedy', 'Crime', 'Drama']",2.21,51
81819,45958,Biutiful,Drama,['Drama'],3.5,49
65685,2309,Inkheart,Adventure|Family|Fantasy,"['Adventure', 'Family', 'Fantasy']",3.04,48
6686,10610,The Medallion,Thriller|Fantasy|Action|Comedy,"['Thriller', 'Fantasy', 'Action', 'Comedy']",2.6,59
101577,72710,The Host,Action|Adventure|Romance|Science Fiction|Thriller,"['Action', 'Adventure', 'Romance', 'Science Fiction', 'Thriller']",3.11,47
97860,64689,Killing Them Softly,Crime|Thriller,"['Crime', 'Thriller']",3.14,62
81784,38357,Morning Glory,Comedy|Drama|Romance,"['Comedy', 'Drama', 'Romance']",3.19,45
89030,58151,Fright Night,Horror|Comedy,"['Horror', 'Comedy']",3.02,62
61262,13515,Mirrors,Horror|Mystery|Thriller,"['Horror', 'Mystery', 'Thriller']",2.63,46
99910,76640,The Last Stand,Action|Crime|Thriller,"['Action', 'Crime', 'Thriller']",2.96,56
1475,28005,Kama Sutra - A Tale of Love,Drama|History|Romance,"['Drama', 'History', 'Romance']",3.19,32
5890,6007,Elling,Comedy|Drama,"['Comedy', 'Drama']",3.68,31
47894,1116,The Wind That Shakes the Barley,Drama|History|War,"['Drama', 'History', 'War']",3.76,41
1054,49471,Get on the Bus,Drama,['Drama'],3.52,28
2445,15556,At First Sight,Drama|Romance,"['Drama', 'Romance']",2.66,46
1352,8744,Albino Alligator,Crime|Drama|Thriller,"['Crime', 'Drama', 'Thriller']",2.57,36
3943,24664,Bamboozled,Comedy|Drama,"['Comedy', 'Drama']",3.23,44
3017,16288,Creepshow 2,Horror,['Horror'],2.72,40
5611,9093,The Four Feathers,War|Adventure|Drama|Romance,"['War', 'Adventure', 'Drama', 'Romance']",3.0,45
4932,11033,Dressed to Kill,Horror|Mystery|Thriller,"['Horror', 'Mystery', 'Thriller']",3.6,55
4989,8386,How High,Comedy,['Comedy'],2.49,36
156609,325133,Neighbors 2: Sorority Rising,Comedy,['Comedy'],2.98,47
6063,10894,May,Drama|Horror|Thriller|Romance,"['Drama', 'Horror', 'Thriller', 'Romance']",3.21,54
1427,34314,Turbulence,Action|Thriller|Crime,"['Action', 'Thriller', 'Crime']",2.15,39
30850,11162,The Merchant of Venice,Drama|Romance,"['Drama', 'Romance']",3.42,54
3857,10391,Bless the Child,Drama|Horror|Thriller|Crime,"['Drama', 'Horror', 'Thriller', 'Crime']",2.56,39
7104,11519,1941,Action|Comedy,"['Action', 'Comedy']",2.65,41
49793,11170,We Are Marshall,Drama,['Drama'],3.38,57
42009,9641,Cheaper by the Dozen 2,Comedy,['Comedy'],2.33,39
6978,14022,Slacker,Comedy,['Comedy'],3.58,46
3327,14271,Beyond the Mat,Documentary,['Documentary'],3.65,39
4756,11370,The Musketeer,Action|Adventure|Drama,"['Action', 'Adventure', 'Drama']",2.49,46
2492,111794,20 Dates,Romance|Comedy,"['Romance', 'Comedy']",2.48,30
68269,18320,The Young Victoria,Drama|History|Romance,"['Drama', 'History', 'Romance']",3.38,36
94266,72207,The Five-Year Engagement,Comedy,['Comedy'],2.65,36
2570,28029,A Walk on the Moon,Drama|Romance,"['Drama', 'Romance']",3.05,31
3901,18074,Duets,Comedy|Drama|Music,"['Comedy', 'Drama', 'Music']",2.95,39
72605,7445,Brothers,Drama|Thriller|War,"['Drama', 'Thriller', 'War']",2.99,46
78041,37821,Killers,Action|Comedy|Thriller|Romance,"['Action', 'Comedy', 'Thriller', 'Romance']",2.6,43
5685,30309,Real Women Have Curves,Comedy|Drama,"['Comedy', 'Drama']",3.19,43
130576,245703,Midnight Special,Adventure|Drama|Science Fiction,"['Adventure', 'Drama', 'Science Fiction']",3.26,52
88672,59968,Our Idiot Brother,Comedy|Drama,"['Comedy', 'Drama']",3.01,40
58315,12177,The Love Guru,Comedy|Romance,"['Comedy', 'Romance']",1.71,56
6219,10632,The Hunted,Drama|Action|Thriller|Crime,"['Drama', 'Action', 'Thriller', 'Crime']",3.0,55
30898,11354,The Upside of Anger,Comedy|Drama,"['Comedy', 'Drama']",3.19,52
69278,18162,Land of the Lost,Adventure|Comedy|Science Fiction,"['Adventure', 'Comedy', 'Science Fiction']",2.65,62
2769,19457,The Yards,Drama|Action|Thriller|Crime,"['Drama', 'Action', 'Thriller', 'Crime']",3.09,45
78174,37786,Sex and the City 2,Comedy|Drama|Romance,"['Comedy', 'Drama', 'Romance']",1.77,32
160563,258489,The Legend of Tarzan,Action|Adventure,"['Action', 'Adventure']",2.98,51
90719,88794,J. Edgar,Drama|Crime|History,"['Drama', 'Crime', 'History']",3.08,49
32298,11638,Guess Who,Comedy|Romance,"['Comedy', 'Romance']",2.97,53
6567,9104,Buffalo Soldiers,Drama|Comedy|War|Crime|Thriller,"['Drama', 'Comedy', 'War', 'Crime', 'Thriller']",3.33,45
62113,13092,How to Lose Friends & Alienate People,Comedy|Romance|Drama,"['Comedy', 'Romance', 'Drama']",3.0,54
2682,62676,Limbo,Adventure|Drama|Thriller,"['Adventure', 'Drama', 'Thriller']",3.72,29
48518,10781,The Texas Chainsaw Massacre: The Beginning,Horror,['Horror'],2.65,33
5564,20616,Swimfan,Drama|Thriller,"['Drama', 'Thriller']",2.16,43
113453,193893,Let's Be Cops,Comedy,['Comedy'],2.88,41
61123,13649,High School Musical 2,Comedy|Drama|Family|Music,"['Comedy', 'Drama', 'Family', 'Music']",2.37,23
72489,22832,Ninja Assassin,Action|Crime|Thriller,"['Action', 'Crime', 'Thriller']",3.26,39
149352,274167,Daddy's Home,Comedy,['Comedy'],3.06,54
27834,11190,The Return,Thriller|Drama|Mystery,"['Thriller', 'Drama', 'Mystery']",4.09,32
33672,9787,Lords of Dogtown,Drama,['Drama'],3.34,41
73211,23963,Pontypool,Horror|Mystery|Science Fiction,"['Horror', 'Mystery', 'Science Fiction']",3.49,47
141688,276907,Legend,Crime|Thriller,"['Crime', 'Thriller']",3.34,49
5476,11442,Halloween: Resurrection,Horror|Thriller,"['Horror', 'Thriller']",2.09,41
56286,3902,I'm Not There.,Drama|Music,"['Drama', 'Music']",3.06,52
105731,133805,Carrie,Drama|Horror,"['Drama', 'Horror']",2.45,41
1881,18937,Quest for Camelot,Fantasy|Animation|Drama|Romance|Family,"['Fantasy', 'Animation', 'Drama', 'Romance', 'Family']",2.82,37
77364,34813,The Losers,Action|Adventure|Crime|Mystery|Thriller,"['Action', 'Adventure', 'Crime', 'Mystery', 'Thriller']",3.04,48
71450,22074,Capitalism: A Love Story,Documentary,['Documentary'],3.19,36
70305,13836,Race to Witch Mountain,Adventure|Family|Fantasy|Science Fiction|Thriller|Action,"['Adventure', 'Family', 'Fantasy', 'Science Fiction', 'Thriller', 'Action']",2.88,43
112911,184315,Hercules,Action|Adventure,"['Action', 'Adventure']",2.82,50
59016,1266,Street Kings,Action|Crime|Drama|Thriller,"['Action', 'Crime', 'Drama', 'Thriller']",3.03,43
6040,10727,Darkness Falls,Thriller|Horror,"['Thriller', 'Horror']",2.34,44
101741,68727,Trance,Thriller|Crime|Drama|Mystery,"['Thriller', 'Crime', 'Drama', 'Mystery']",3.01,50
44840,9957,The Benchwarmers,Comedy,['Comedy'],2.43,46
5324,16643,Life or Something Like It,Comedy|Drama|Romance,"['Comedy', 'Drama', 'Romance']",2.6,40
4143,10984,Valentine,Horror|Thriller,"['Horror', 'Thriller']",2.09,44
5609,10550,Ballistic: Ecks vs. Sever,Action|Adventure|Thriller,"['Action', 'Adventure', 'Thriller']",1.99,44
74156,12201,Edge of Darkness,Crime|Drama|Mystery|Thriller,"['Crime', 'Drama', 'Mystery', 'Thriller']",3.08,58
1940,33667,Gentleman's Agreement,Drama|Romance,"['Drama', 'Romance']",3.48,31
6770,20,My Life Without Me,Drama|Romance,"['Drama', 'Romance']",3.37,35
1442,26306,Prefontaine,Drama|Romance,"['Drama', 'Romance']",3.39,33
5367,11240,My Beautiful Laundrette,Romance|Drama|Comedy,"['Romance', 'Drama', 'Comedy']",3.59,35
2275,24746,Six-String Samurai,Action|Adventure|Science Fiction,"['Action', 'Adventure', 'Science Fiction']",3.0,35
74416,24469,Fish Tank,Drama,['Drama'],3.58,39
61401,8285,The Spirit,Action|Comedy|Thriller|Crime|Science Fiction,"['Action', 'Comedy', 'Thriller', 'Crime', 'Science Fiction']",2.19,44
94015,62764,Mirror Mirror,Adventure|Fantasy|Drama|Comedy|Science Fiction|Family,"['Adventure', 'Fantasy', 'Drama', 'Comedy', 'Science Fiction', 'Family']",2.67,42
5046,4965,Impostor,Action|Science Fiction|Thriller,"['Action', 'Science Fiction', 'Thriller']",3.16,43
8362,4599,Raising Helen,Drama|Comedy|Romance,"['Drama', 'Comedy', 'Romance']",2.81,40
8836,11208,Wicker Park,Drama|Mystery|Romance|Thriller,"['Drama', 'Mystery', 'Romance', 'Thriller']",3.15,34
109850,136797,Need for Speed,Action|Crime|Drama|Thriller,"['Action', 'Crime', 'Drama', 'Thriller']",2.59,47
4775,10696,Glitter,Drama|Romance,"['Drama', 'Romance']",1.12,33
4233,10646,Tomcats,Comedy|Romance,"['Comedy', 'Romance']",2.17,41
39234,9701,North Country,Drama,['Drama'],3.47,52
4682,11342,Warlock,Adventure|Comedy|Fantasy|Horror,"['Adventure', 'Comedy', 'Fantasy', 'Horror']",2.93,42
4241,10991,Pokémon: Spell of the Unknown,Adventure|Fantasy|Animation|Action|Family,"['Adventure', 'Fantasy', 'Animation', 'Action', 'Family']",1.54,34
4241,10991,Pokémon: Spell of the Unknown,Adventure|Fantasy|Animation|Action|Family,"['Adventure', 'Fantasy', 'Animation', 'Action', 'Family']",1.54,34
53468,10288,Fido,Romance|Comedy|Drama|Horror,"['Romance', 'Comedy', 'Drama', 'Horror']",3.31,44
3094,26371,Maurice,Drama|Romance,"['Drama', 'Romance']",3.83,27
155064,301365,The Neon Demon,Thriller|Horror,"['Thriller', 'Horror']",3.09,44
67193,16558,Duplicity,Romance|Comedy|Crime,"['Romance', 'Comedy', 'Crime']",3.08,40
5081,2084,Birthday Girl,Comedy|Crime|Thriller,"['Comedy', 'Crime', 'Thriller']",2.93,47
89840,49021,Killer Elite,Action|Adventure|Thriller,"['Action', 'Adventure', 'Thriller']",2.83,47
43917,9036,Eight Below,Adventure|Drama|Family,"['Adventure', 'Drama', 'Family']",3.23,42
1816,32456,Two Girls and a Guy,Drama|Romance,"['Drama', 'Romance']",2.64,45
44204,868,Tsotsi,Crime|Drama,"['Crime', 'Drama']",3.68,34
87483,58224,Mr. Popper's Penguins,Comedy|Family,"['Comedy', 'Family']",2.47,38
4203,2453,Harley Davidson and the Marlboro Man,Action|Thriller,"['Action', 'Thriller']",2.61,40
37853,11968,Into the Blue,Action|Thriller|Adventure|Crime,"['Action', 'Thriller', 'Adventure', 'Crime']",2.9,48
69275,14451,Dead Snow,Horror|Comedy,"['Horror', 'Comedy']",2.83,39
62437,10523,W.,Drama|History,"['Drama', 'History']",3.11,46
4200,9594,Double Impact,Thriller|Action|Crime|Drama,"['Thriller', 'Action', 'Crime', 'Drama']",2.29,56
69712,10024,My Sister's Keeper,Drama,['Drama'],3.23,33
95201,81836,To Rome with Love,Romance|Comedy,"['Romance', 'Comedy']",3.15,37
72701,16866,Planet 51,Science Fiction|Animation|Family|Comedy|Adventure,"['Science Fiction', 'Animation', 'Family', 'Comedy', 'Adventure']",2.77,43
113275,228194,The Hundred-Foot Journey,Drama,['Drama'],3.38,28
387,26352,A Low Down Dirty Shame,Action|Comedy|Crime,"['Action', 'Comedy', 'Crime']",2.64,33
5678,1613,The 51st State,Thriller|Action|Comedy|Crime,"['Thriller', 'Action', 'Comedy', 'Crime']",2.65,57
90469,72571,Paranormal Activity 3,Horror,['Horror'],2.62,38
82095,42684,Skyline,Science Fiction,['Science Fiction'],2.13,54
104337,132363,The Butler,Drama,['Drama'],3.38,36
4628,9686,New York Stories,Comedy|Drama|Romance,"['Comedy', 'Drama', 'Romance']",3.11,38
116887,147441,Exodus: Gods and Kings,Adventure|Drama|Action,"['Adventure', 'Drama', 'Action']",2.73,51
6078,10724,Firefox,Science Fiction|Action|Adventure|Thriller,"['Science Fiction', 'Action', 'Adventure', 'Thriller']",2.78,41
8830,11237,Anacondas: The Hunt for the Blood Orchid,Adventure|Action|Horror|Science Fiction|Thriller,"['Adventure', 'Action', 'Horror', 'Science Fiction', 'Thriller']",1.93,49
114552,170687,The Boxtrolls,Animation|Comedy|Family|Fantasy,"['Animation', 'Comedy', 'Family', 'Fantasy']",3.48,47
88932,55779,Final Destination 5,Horror|Mystery,"['Horror', 'Mystery']",2.86,52
62733,13812,Quarantine,Horror|Science Fiction|Thriller,"['Horror', 'Science Fiction', 'Thriller']",2.99,45
46850,35199,Wordplay,Documentary,['Documentary'],3.72,45
102684,77987,Only God Forgives,Drama|Thriller|Crime,"['Drama', 'Thriller', 'Crime']",3.06,51
67695,16991,Observe and Report,Comedy|Crime|Drama,"['Comedy', 'Crime', 'Drama']",2.62,46
71248,12569,Extract,Comedy,['Comedy'],2.82,55
8815,11026,Exorcist: The Beginning,Horror|Mystery|Thriller,"['Horror', 'Mystery', 'Thriller']",2.27,42
96832,103328,Holy Motors,Drama|Fantasy,"['Drama', 'Fantasy']",3.58,42
118898,241239,A Most Violent Year,Crime|Drama|Thriller,"['Crime', 'Drama', 'Thriller']",3.4,46
118985,87093,Big Eyes,Drama,['Drama'],3.27,44
49647,9986,Charlotte's Web,Comedy|Family|Fantasy,"['Comedy', 'Family', 'Fantasy']",3.15,31
5680,14112,Auto Focus,Drama|Crime,"['Drama', 'Crime']",3.26,49
31698,10214,Son of the Mask,Fantasy|Comedy|Family|Adventure,"['Fantasy', 'Comedy', 'Family', 'Adventure']",1.01,40
5632,4107,Bloody Sunday,Action|Adventure|Drama|History,"['Action', 'Adventure', 'Drama', 'History']",3.59,38
74452,7978,The Wolfman,Drama|Horror|Thriller,"['Drama', 'Horror', 'Thriller']",2.65,52
74532,23742,Cop Out,Action|Comedy|Crime,"['Action', 'Comedy', 'Crime']",2.52,51
59014,11918,Superhero Movie,Action|Comedy|Science Fiction,"['Action', 'Comedy', 'Science Fiction']",2.08,39
65126,13973,Choke,Comedy|Drama,"['Comedy', 'Drama']",3.19,52
135532,274854,The Last Witch Hunter,Fantasy|Action|Adventure,"['Fantasy', 'Action', 'Adventure']",2.89,51
3115,31582,Flawless,Comedy|Drama,"['Comedy', 'Drama']",3.02,46
103755,77950,Turbo,Animation|Family,"['Animation', 'Family']",2.76,41
36537,1546,Thumbsucker,Comedy|Drama,"['Comedy', 'Drama']",3.33,43
93563,81796,Lockout,Action|Thriller|Science Fiction,"['Action', 'Thriller', 'Science Fiction']",2.97,55
6216,1591,Nowhere in Africa,Drama,['Drama'],3.76,27
82854,38745,Gulliver's Travels,Comedy,['Comedy'],2.35,52
4640,327,Brother,Crime|Drama|Thriller,"['Crime', 'Drama', 'Thriller']",3.31,35
5873,17187,The Emperor's Club,Drama|Romance,"['Drama', 'Romance']",3.19,34
58306,12246,Mongol: The Rise of Genghis Khan,History,['History'],3.39,40
6196,10623,Cradle 2 the Grave,Action|Crime|Drama,"['Action', 'Crime', 'Drama']",2.73,49
64032,12193,Four Christmases,Comedy|Romance|Drama,"['Comedy', 'Romance', 'Drama']",2.79,40
54775,10431,War,Action|Thriller|Crime,"['Action', 'Thriller', 'Crime']",3.02,47
2725,33430,Twin Falls Idaho,Drama|Romance,"['Drama', 'Romance']",3.41,28
101895,109410,42,Drama,['Drama'],3.44,40
55272,2001,We Own the Night,Drama|Crime|Thriller,"['Drama', 'Crime', 'Thriller']",3.32,54
7991,13282,Death Race 2000,Action|Comedy|Science Fiction,"['Action', 'Comedy', 'Science Fiction']",3.1,42
50005,1494,Curse of the Golden Flower,Action|Drama|Fantasy,"['Action', 'Drama', 'Fantasy']",3.35,42
56885,14047,The Great Debaters,Drama,['Drama'],3.75,32
91842,77866,Contraband,Thriller|Action|Drama|Crime,"['Thriller', 'Action', 'Drama', 'Crime']",3.13,41
1621,29461,Soul Food,Comedy|Drama,"['Comedy', 'Drama']",3.02,23
76173,27936,Micmacs,Action|Comedy|Crime,"['Action', 'Comedy', 'Crime']",3.56,39
7316,11132,Confessions of a Teenage Drama Queen,Comedy,['Comedy'],2.38,33
100527,112949,Safe Haven,Romance,['Romance'],3.08,30
79879,43593,Piranha 3D,Comedy|Horror,"['Comedy', 'Horror']",2.27,50
27899,8357,What the #$*! Do We (K)now!?,Documentary,['Documentary'],2.38,34
5556,9544,FearDotCom,Horror|Thriller,"['Horror', 'Thriller']",1.59,38
3553,18041,Gossip,Drama|Mystery|Thriller,"['Drama', 'Mystery', 'Thriller']",2.44,31
5348,9689,Hollywood Ending,Comedy|Drama,"['Comedy', 'Drama']",3.12,45
2177,5854,Family Plot,Comedy|Crime|Thriller,"['Comedy', 'Crime', 'Thriller']",3.07,38
4000,2669,The Bounty,Action|Drama|History,"['Action', 'Drama', 'History']",3.49,34
48593,9895,Man of the Year,Comedy|Drama|Romance|Thriller,"['Comedy', 'Drama', 'Romance', 'Thriller']",2.85,50
3909,14629,Woman on Top,Comedy|Drama|Romance,"['Comedy', 'Drama', 'Romance']",2.58,25
94405,72387,Safe,Action|Crime|Thriller,"['Action', 'Crime', 'Thriller']",3.01,41
4095,12506,Cry Freedom,Drama,['Drama'],3.72,34
3743,10571,Boys and Girls,Comedy|Drama|Romance,"['Comedy', 'Drama', 'Romance']",2.37,38
5096,11212,Baby's Day Out,Action|Adventure|Comedy|Family,"['Action', 'Adventure', 'Comedy', 'Family']",2.17,51
62912,11887,High School Musical 3: Senior Year,Comedy|Drama|Family|Music|Romance,"['Comedy', 'Drama', 'Family', 'Music', 'Romance']",2.0,23
84395,48171,The Rite,Drama|Thriller|Horror,"['Drama', 'Thriller', 'Horror']",2.82,41
97936,96724,Anna Karenina,Drama|Romance,"['Drama', 'Romance']",3.24,31
43558,11565,Big Momma's House 2,Comedy|Crime,"['Comedy', 'Crime']",1.97,35
136598,296099,Vacation,Comedy,['Comedy'],3.06,45
7448,10710,Envy,Comedy,['Comedy'],2.14,47
5563,13536,City By The Sea,Crime|Drama|Mystery,"['Crime', 'Drama', 'Mystery']",2.76,43
112940,157849,A Most Wanted Man,Thriller,['Thriller'],3.18,49
8833,11632,Vanity Fair,Drama|Romance,"['Drama', 'Romance']",3.03,33
3453,13539,Here On Earth,Romance,['Romance'],2.36,32
4024,25520,The House of Mirth,Drama|Romance,"['Drama', 'Romance']",3.35,27
4774,2185,Big Trouble,Action|Comedy|Thriller,"['Action', 'Comedy', 'Thriller']",3.02,46
5450,50035,Lovely & Amazing,Comedy|Drama|Romance,"['Comedy', 'Drama', 'Romance']",3.32,31
43930,10025,Just My Luck,Comedy|Drama|Family|Fantasy|Romance,"['Comedy', 'Drama', 'Family', 'Fantasy', 'Romance']",2.38,30
2314,39437,Beloved,Drama|Thriller,"['Drama', 'Thriller']",3.02,26
626,28121,A Thin Line Between Love and Hate,Comedy|Thriller|Crime|Romance,"['Comedy', 'Thriller', 'Crime', 'Romance']",2.64,11
83086,42297,Burlesque,Drama|Romance,"['Drama', 'Romance']",2.98,32
91325,64685,Extremely Loud & Incredibly Close,Drama,['Drama'],3.13,52
7193,9548,The Adventures of Ford Fairlane,Action|Comedy|Thriller|Crime|Mystery,"['Action', 'Comedy', 'Thriller', 'Crime', 'Mystery']",2.61,33
87298,45658,Everything Must Go,Comedy|Drama|Romance,"['Comedy', 'Drama', 'Romance']",3.15,43
114713,250546,Annabelle,Horror,['Horror'],2.47,31
2446,28902,In Dreams,Drama|Thriller,"['Drama', 'Thriller']",2.59,41
100083,87818,Movie 43,Comedy,['Comedy'],2.59,37
2180,5780,Torn Curtain,Mystery|Thriller,"['Mystery', 'Thriller']",3.12,34
129937,241554,Run All Night,Action|Crime|Drama|Mystery|Thriller,"['Action', 'Crime', 'Drama', 'Mystery', 'Thriller']",3.16,37
885,3587,Bogus,Fantasy|Comedy|Family,"['Fantasy', 'Comedy', 'Family']",2.33,30
6811,14425,PCU,Comedy,['Comedy'],2.99,40
157340,153518,The Angry Birds Movie,Family|Animation,"['Family', 'Animation']",2.66,45
2264,5971,We're No Angels,Comedy|Crime|Drama,"['Comedy', 'Crime', 'Drama']",2.49,39
112868,242095,The Signal,Thriller|Science Fiction,"['Thriller', 'Science Fiction']",3.0,39
8800,2577,Code 46,Drama|Romance|Science Fiction|Thriller,"['Drama', 'Romance', 'Science Fiction', 'Thriller']",2.85,41
7748,2786,Pierrot le Fou,Drama|Thriller,"['Drama', 'Thriller']",3.78,27
6493,17813,Alex & Emma,Comedy|Romance,"['Comedy', 'Romance']",2.43,29
1661,10871,Switchback,Action|Adventure|Mystery|Thriller,"['Action', 'Adventure', 'Mystery', 'Thriller']",2.82,30
112788,225886,Sex Tape,Comedy,['Comedy'],2.39,40
71466,28053,City Island,Drama|Comedy,"['Drama', 'Comedy']",3.65,24
127096,227719,Project Almanac,Science Fiction|Thriller,"['Science Fiction', 'Thriller']",3.09,32
2975,16162,The Best Man,Drama|Comedy,"['Drama', 'Comedy']",3.09,17
7070,3089,Red River,Western,['Western'],3.94,32
2974,10496,Bats,Horror|Thriller,"['Horror', 'Thriller']",1.98,46
4749,18885,3 Ninjas Kick Back,Adventure|Action|Comedy|Family,"['Adventure', 'Action', 'Comedy', 'Family']",1.56,31
61697,13389,Righteous Kill,Action|Crime|Drama|Thriller,"['Action', 'Crime', 'Drama', 'Thriller']",2.74,40
4274,8095,Cleopatra,Drama|History|Romance,"['Drama', 'History', 'Romance']",3.31,35
106330,137093,Last Vegas,Comedy,['Comedy'],2.72,36
1755,25719,Shooting Fish,Crime|Comedy|Romance,"['Crime', 'Comedy', 'Romance']",3.27,28
72393,22824,The Fourth Kind,Mystery|Science Fiction|Thriller,"['Mystery', 'Science Fiction', 'Thriller']",2.62,32
40412,12877,Dead Man's Shoes,Drama|Thriller|Crime,"['Drama', 'Thriller', 'Crime']",3.6,34
113604,249164,If I Stay,Drama,['Drama'],3.38,30
50802,1257,Because I Said So,Comedy,['Comedy'],2.45,20
90374,50837,Martha Marcy May Marlene,Drama|Thriller,"['Drama', 'Thriller']",3.58,36
3055,47692,Felicia's Journey,Drama,['Drama'],3.43,28
254,87729,Jefferson in Paris,Drama|Romance,"['Drama', 'Romance']",2.67,18
80586,43949,Flipped,Romance|Drama,"['Romance', 'Drama']",3.62,26
61465,13184,Bangkok Dangerous,Action|Crime|Thriller,"['Action', 'Crime', 'Thriller']",2.55,41
90576,63492,What's Your Number?,Comedy|Romance,"['Comedy', 'Romance']",3.02,25
152063,205584,Gods of Egypt,Fantasy,['Fantasy'],2.53,46
50160,13967,Miss Potter,Drama|Family|Romance,"['Drama', 'Family', 'Romance']",3.28,37
6946,10715,Looney Tunes: Back in Action,Animation|Comedy|Family,"['Animation', 'Comedy', 'Family']",2.54,38
105954,152747,All Is Lost,Action|Adventure|Drama,"['Action', 'Adventure', 'Drama']",3.29,42
95761,73567,Killer Joe,Crime|Drama|Thriller,"['Crime', 'Drama', 'Thriller']",3.26,42
4898,20794,Novocaine,Comedy|Crime|Thriller,"['Comedy', 'Crime', 'Thriller']",2.92,32
33495,9981,Kicking & Screaming,Romance|Comedy|Family,"['Romance', 'Comedy', 'Family']",2.45,39
56389,1989,My Blueberry Nights,Drama|Romance,"['Drama', 'Romance']",3.03,35
6750,10739,Anything Else,Comedy|Romance,"['Comedy', 'Romance']",3.07,54
4168,10050,Get Over It,Comedy|Romance,"['Comedy', 'Romance']",2.68,41
3956,10383,Lost Souls,Horror|Thriller,"['Horror', 'Thriller']",2.37,30
4690,2148,The Cotton Club,Music|Drama|Crime|Romance,"['Music', 'Drama', 'Crime', 'Romance']",3.23,31
5691,10285,Jason Goes to Hell: The Final Friday,Fantasy|Horror|Thriller,"['Fantasy', 'Horror', 'Thriller']",2.0,32
42730,9918,Glory Road,Drama,['Drama'],3.47,34
5012,10269,Yentl,Music|Drama|Romance,"['Music', 'Drama', 'Romance']",2.98,25
715,11876,The Horseman on the Roof,War|Adventure|Drama|Romance,"['War', 'Adventure', 'Drama', 'Romance']",3.48,22
61348,13805,Disaster Movie,Action|Comedy,"['Action', 'Comedy']",1.1,26
114246,169917,A Walk Among the Tombstones,Crime|Drama|Mystery|Thriller,"['Crime', 'Drama', 'Mystery', 'Thriller']",2.95,41
88356,41513,The Smurfs,Animation|Family|Adventure|Comedy|Fantasy,"['Animation', 'Family', 'Adventure', 'Comedy', 'Fantasy']",2.19,32
3046,29371,The Incredibly True Adventure of Two Girls In Love,Comedy|Drama|Romance,"['Comedy', 'Drama', 'Romance']",3.4,21
5625,31005,Moonlight Mile,Romance|Drama,"['Romance', 'Drama']",3.35,36
157200,303858,Money Monster,Thriller,['Thriller'],3.18,33
6280,8409,A Man Apart,Action|Drama,"['Action', 'Drama']",2.62,40
5255,6020,Sorority Boys,Comedy,['Comedy'],2.42,32
109483,225565,That Awkward Moment,Comedy|Romance,"['Comedy', 'Romance']",2.85,31
151739,291870,Dirty Grandpa,Comedy,['Comedy'],3.05,37
7169,14844,Chasing Liberty,Comedy|Romance,"['Comedy', 'Romance']",3.02,30
60647,6687,Transsiberian,Thriller|Crime|Mystery,"['Thriller', 'Crime', 'Mystery']",3.1,34
68194,21641,The Damned United,Drama,['Drama'],3.41,33
7450,11141,Laws of Attraction,Action|Comedy|Romance|Thriller,"['Action', 'Comedy', 'Romance', 'Thriller']",2.67,39
148172,299687,The 5th Wave,Adventure|Science Fiction,"['Adventure', 'Science Fiction']",2.58,44
4141,24940,Head Over Heels,Comedy|Romance,"['Comedy', 'Romance']",2.27,35
58975,11152,The Ruins,Drama|Horror,"['Drama', 'Horror']",2.76,34
6265,9776,Head of State,Comedy,['Comedy'],2.74,36
33639,14358,Mad Hot Ballroom,Documentary|Family,"['Documentary', 'Family']",3.67,33
8978,13673,Christmas with the Kranks,Comedy|Family,"['Comedy', 'Family']",2.37,34
51937,9793,The Hills Have Eyes 2,Horror|Thriller,"['Horror', 'Thriller']",2.14,37
81512,44603,Hereafter,Drama|Fantasy,"['Drama', 'Fantasy']",3.19,32
2714,16158,The Wood,Comedy|Drama|Romance,"['Comedy', 'Drama', 'Romance']",2.9,25
2526,40160,Meteor,Action|Science Fiction|Thriller,"['Action', 'Science Fiction', 'Thriller']",2.22,18
4709,20391,Paint Your Wagon,Drama|Action|Comedy|Western|Music,"['Drama', 'Action', 'Comedy', 'Western', 'Music']",3.16,25
4736,26602,Summer Catch,Drama|Comedy|Romance,"['Drama', 'Comedy', 'Romance']",2.39,36
6337,15394,Owning Mahowny,Crime|Drama|Thriller,"['Crime', 'Drama', 'Thriller']",3.41,37
104312,123553,The Mortal Instruments: City of Bones,Action|Adventure|Drama|Mystery|Romance|Fantasy,"['Action', 'Adventure', 'Drama', 'Mystery', 'Romance', 'Fantasy']",2.74,29
8147,29146,Charly,Drama|Romance|Science Fiction,"['Drama', 'Romance', 'Science Fiction']",3.52,28
4885,11456,Domestic Disturbance,Mystery|Thriller|Crime,"['Mystery', 'Thriller', 'Crime']",2.61,36
151455,319888,Eddie the Eagle,Comedy|Drama|History,"['Comedy', 'Drama', 'History']",3.52,31
44864,8998,Friends with Money,Comedy|Drama|Romance,"['Comedy', 'Drama', 'Romance']",3.0,48
803,49963,Walking and Talking,Comedy|Drama|Romance,"['Comedy', 'Drama', 'Romance']",3.22,18
90403,52451,The Three Musketeers,Adventure|Action|Thriller,"['Adventure', 'Action', 'Thriller']",2.73,35
148888,329833,Zoolander 2,Comedy,['Comedy'],2.11,46
106062,208134,Bad Grandpa,Comedy,['Comedy'],2.73,37
7048,11676,Nothing to Lose,Action|Adventure|Comedy,"['Action', 'Adventure', 'Comedy']",3.2,53
100108,119283,Parker,Action|Crime,"['Action', 'Crime']",2.79,39
74624,26428,Agora,Adventure|Drama|History,"['Adventure', 'Drama', 'History']",3.6,29
158528,332567,The Shallows,Horror|Drama|Thriller,"['Horror', 'Drama', 'Thriller']",2.97,30
6220,10929,Willard,Horror,['Horror'],2.78,40
6316,24961,The Wiz,Adventure|Family|Fantasy|Music,"['Adventure', 'Family', 'Fantasy', 'Music']",2.57,36
79796,23759,Centurion,Adventure|Action|Drama,"['Adventure', 'Action', 'Drama']",2.82,40
68932,17332,The Soloist,Drama,['Drama'],3.12,36
26492,15301,Twilight Zone: The Movie,Drama|Fantasy|Horror|Science Fiction|Thriller,"['Drama', 'Fantasy', 'Horror', 'Science Fiction', 'Thriller']",3.38,40
67867,14164,Dragonball Evolution,Action|Adventure|Fantasy|Science Fiction|Thriller,"['Action', 'Adventure', 'Fantasy', 'Science Fiction', 'Thriller']",1.76,27
7142,10028,Honey,Romance|Music|Family,"['Romance', 'Music', 'Family']",2.65,30
40966,7548,The Libertine,Drama|Romance,"['Drama', 'Romance']",2.92,46
8959,10740,Birth,Drama|Mystery|Thriller,"['Drama', 'Mystery', 'Thriller']",3.0,36
108156,168530,Ride Along,Action|Comedy,"['Action', 'Comedy']",2.69,29
143245,309809,The Little Prince,Adventure|Animation|Fantasy,"['Adventure', 'Animation', 'Fantasy']",3.61,37
3117,22267,Ride with the Devil,Drama|War|Romance|Western,"['Drama', 'War', 'Romance', 'Western']",3.2,32
40414,11661,Joyeux Noël,Romance|Drama|History|War|Music,"['Romance', 'Drama', 'History', 'War', 'Music']",3.7,30
869,22479,Kansas City,Thriller|Drama|Music|Crime,"['Thriller', 'Drama', 'Music', 'Crime']",2.63,15
82152,38117,Beastly,Drama|Fantasy|Romance,"['Drama', 'Fantasy', 'Romance']",2.9,24
92008,70435,Haywire,Action|Thriller,"['Action', 'Thriller']",2.74,36
4190,22013,Elmer Gantry,Drama,['Drama'],3.77,26
144620,257445,Goosebumps,Adventure|Horror|Comedy,"['Adventure', 'Horror', 'Comedy']",2.92,36
1599,8854,Steel,Science Fiction|Action|Adventure,"['Science Fiction', 'Action', 'Adventure']",1.47,37
158830,267935,The BFG,Adventure|Family|Fantasy,"['Adventure', 'Family', 'Fantasy']",2.84,38
6060,9027,The Guru,Comedy|Romance,"['Comedy', 'Romance']",2.89,37
47124,9906,The Ant Bully,Fantasy|Adventure|Animation|Comedy|Family,"['Fantasy', 'Adventure', 'Animation', 'Comedy', 'Family']",2.97,33
109846,82703,Mr. Peabody & Sherman,Animation|Adventure|Family,"['Animation', 'Adventure', 'Family']",2.86,25
68941,18405,The Last House on the Left,Crime|Thriller|Horror|Drama,"['Crime', 'Thriller', 'Horror', 'Drama']",2.89,33
89085,48289,The Debt,Drama|Thriller,"['Drama', 'Thriller']",3.46,34
48591,1975,The Grudge 2,Horror|Thriller,"['Horror', 'Thriller']",2.3,33
104218,109418,Grown Ups 2,Comedy,['Comedy'],2.53,30
42732,17379,Last Holiday,Adventure|Comedy|Drama,"['Adventure', 'Comedy', 'Drama']",3.16,31
51884,16727,The Namesake,Drama,['Drama'],3.67,24
4373,10615,Pootie Tang,Action|Comedy,"['Action', 'Comedy']",2.54,37
53974,2959,License to Wed,Comedy,['Comedy'],2.22,39
93512,82532,"Jeff, Who Lives at Home",Drama|Comedy,"['Drama', 'Comedy']",3.16,38
25940,3766,The Lady from Shanghai,Crime|Drama|Mystery,"['Crime', 'Drama', 'Mystery']",3.91,28
70567,22051,Adam,Drama|Romance,"['Drama', 'Romance']",3.6,24
47952,9954,The Covenant,Action|Adventure|Fantasy|Horror|Science Fiction|Thriller,"['Action', 'Adventure', 'Fantasy', 'Horror', 'Science Fiction', 'Thriller']",2.6,48
80839,39486,Secretariat,Drama,['Drama'],3.59,32
61986,12690,Appaloosa,Drama|Western|Crime,"['Drama', 'Western', 'Crime']",3.14,38
66090,13510,Eden Lake,Horror|Thriller,"['Horror', 'Thriller']",2.97,33
117466,205775,In the Heart of the Sea,Thriller|Drama|Adventure|Action|History,"['Thriller', 'Drama', 'Adventure', 'Action', 'History']",3.23,44
6734,2687,Memoirs of an Invisible Man,Comedy|Fantasy|Science Fiction,"['Comedy', 'Fantasy', 'Science Fiction']",2.7,42
5927,16363,The Best Little Whorehouse in Texas,Comedy,['Comedy'],2.39,28
58655,8457,Drillbit Taylor,Comedy,['Comedy'],2.5,41
48560,7510,Running with Scissors,Drama|Comedy,"['Drama', 'Comedy']",2.74,37
5573,12770,Stealing Harvard,Action|Comedy|Drama,"['Action', 'Comedy', 'Drama']",1.97,38
89343,48572,Red State,Horror|Action|Thriller,"['Horror', 'Action', 'Thriller']",3.22,46
3511,20697,Ready to Rumble,Action|Comedy|Drama,"['Action', 'Comedy', 'Drama']",2.38,29
90890,71880,Jack and Jill,Comedy,['Comedy'],1.33,35
31424,12142,Alone in the Dark,Action|Fantasy|Horror|Thriller,"['Action', 'Fantasy', 'Horror', 'Thriller']",1.47,36
5841,13888,Return to the Blue Lagoon,Drama|Adventure|Romance,"['Drama', 'Adventure', 'Romance']",2.11,31
4123,12704,Ishtar,Action|Adventure|Comedy,"['Action', 'Adventure', 'Comedy']",1.82,31
1943,27191,The Greatest Show on Earth,Action|Drama|Romance,"['Action', 'Drama', 'Romance']",2.91,27
5665,7501,Knockaround Guys,Crime|Thriller,"['Crime', 'Thriller']",2.74,39
142536,295964,Burnt,Drama,['Drama'],3.39,31
71429,20178,World's Greatest Dad,Comedy|Romance,"['Comedy', 'Romance']",3.48,40
113780,256274,"As Above, So Below",Horror|Thriller,"['Horror', 'Thriller']",2.89,32
6868,4997,Wonderland,Crime|Drama|Mystery|Thriller,"['Crime', 'Drama', 'Mystery', 'Thriller']",2.95,29
44759,3093,Basic Instinct 2,Crime|Mystery|Thriller,"['Crime', 'Mystery', 'Thriller']",2.01,38
105211,209263,Enough Said,Comedy|Drama|Romance,"['Comedy', 'Drama', 'Romance']",3.14,32
100487,109491,Beautiful Creatures,Fantasy|Drama|Romance,"['Fantasy', 'Drama', 'Romance']",3.03,38
7319,11217,Club Dread,Comedy|Horror,"['Comedy', 'Horror']",2.33,29
39869,1951,Manderlay,Drama,['Drama'],3.61,28
97836,87826,Here Comes the Boom,Comedy,['Comedy'],2.87,27
56169,13483,Awake,Thriller|Crime|Mystery,"['Thriller', 'Crime', 'Mystery']",2.82,36
156607,290595,The Huntsman: Winter's War,Action|Adventure|Drama,"['Action', 'Adventure', 'Drama']",2.71,35
5080,20009,Slackers,Comedy|Romance,"['Comedy', 'Romance']",2.29,34
101360,158011,The Call,Crime|Thriller,"['Crime', 'Thriller']",3.1,30
82744,41283,Faster,Crime|Drama|Action|Thriller,"['Crime', 'Drama', 'Action', 'Thriller']",3.09,43
4229,20309,Say It Isn't So,Comedy|Romance,"['Comedy', 'Romance']",2.04,38
7449,11058,Godsend,Drama|Horror|Science Fiction|Thriller,"['Drama', 'Horror', 'Science Fiction', 'Thriller']",2.31,37
132424,228205,The Longest Ride,Drama|Romance,"['Drama', 'Romance']",2.98,22
2939,19997,Niagara,Crime|Drama|Thriller,"['Crime', 'Drama', 'Thriller']",3.14,25
60293,13990,The Wackness,Drama,['Drama'],3.36,33
55250,13680,The Game Plan,Comedy|Family,"['Comedy', 'Family']",2.83,30
4771,20857,Hardball,Comedy|Romance,"['Comedy', 'Romance']",2.51,34
57910,13121,Teeth,Comedy|Horror,"['Comedy', 'Horror']",2.67,35
7294,16784,Welcome to Mooseport,Comedy,['Comedy'],2.45,38
5529,12771,Serving Sara,Comedy|Romance,"['Comedy', 'Romance']",2.41,34
76079,28211,Chloe,Drama|Thriller|Mystery,"['Drama', 'Thriller', 'Mystery']",2.84,29
160565,316727,The Purge: Election Year,Action|Horror|Thriller,"['Action', 'Horror', 'Thriller']",2.66,28
6687,2830,My Boss's Daughter,Comedy|Romance,"['Comedy', 'Romance']",2.52,41
3945,20455,Digimon: The Movie,Fantasy|Animation|Science Fiction|Family,"['Fantasy', 'Animation', 'Science Fiction', 'Family']",1.66,29
106452,209274,Ida,Drama,['Drama'],3.84,29
160571,345911,Lights Out,Horror|Thriller,"['Horror', 'Thriller']",2.86,29
77414,35690,The Last Song,Drama|Family|Romance,"['Drama', 'Family', 'Romance']",2.71,14
56003,4723,Southland Tales,Action|Adventure|Comedy|Drama|Science Fiction|Thriller,"['Action', 'Adventure', 'Comedy', 'Drama', 'Science Fiction', 'Thriller']",2.64,44
60943,10183,Frozen River,Drama,['Drama'],3.59,29
103624,157354,Fruitvale Station,Drama,['Drama'],3.63,35
6885,10944,In the Cut,Mystery|Thriller,"['Mystery', 'Thriller']",2.5,42
4765,18734,L.I.E.,Drama,['Drama'],3.48,27
65577,10199,The Tale of Despereaux,Adventure|Animation|Family,"['Adventure', 'Animation', 'Family']",2.85,26
66785,15067,"The Good, The Bad, The Weird",Action|Adventure|Comedy|Western,"['Action', 'Adventure', 'Comedy', 'Western']",3.6,30
37475,1947,An Unfinished Life,Drama,['Drama'],3.32,30
6012,9582,A Guy Thing,Comedy|Romance,"['Comedy', 'Romance']",2.64,36
43460,8435,A Cock and Bull Story,Comedy|Drama,"['Comedy', 'Drama']",3.29,42
145839,321741,Concussion,Drama,['Drama'],3.62,33
49280,10741,Bobby,History|Drama,"['History', 'Drama']",3.51,36
36509,9042,The Cave,Action|Adventure|Horror|Thriller,"['Action', 'Adventure', 'Horror', 'Thriller']",2.59,37
84942,47327,Drive Angry,Fantasy|Thriller|Action|Crime,"['Fantasy', 'Thriller', 'Action', 'Crime']",2.6,42
61026,12289,Red Cliff,Adventure|Drama|Action,"['Adventure', 'Drama', 'Action']",3.49,36
76030,28355,Case 39,Horror|Mystery|Thriller,"['Horror', 'Mystery', 'Thriller']",2.72,34
1860,17139,Character,Drama|Foreign|History,"['Drama', 'Foreign', 'History']",3.81,21
32289,13374,Ice Princess,Drama|Comedy|Family,"['Drama', 'Comedy', 'Family']",2.9,25
45106,9310,American Dreamz,Comedy|Drama|Family,"['Comedy', 'Drama', 'Family']",2.3,38
6288,14290,Better Luck Tomorrow,Crime|Drama,"['Crime', 'Drama']",3.48,31
4116,34101,Hollywood Shuffle,Comedy,['Comedy'],3.33,24
27869,11658,Tae Guk Gi: The Brotherhood of War,Action|Adventure|Drama|History|War,"['Action', 'Adventure', 'Drama', 'History', 'War']",3.63,26
6308,9930,Legal Eagles,Comedy|Crime|Drama|Romance|Thriller,"['Comedy', 'Crime', 'Drama', 'Romance', 'Thriller']",2.62,25
67508,6968,The Baader Meinhof Complex,Action|Crime|Drama|History|Thriller,"['Action', 'Crime', 'Drama', 'History', 'Thriller']",3.52,25
3975,10783,Lucky Numbers,Action|Adventure|Comedy|Crime|Romance|Thriller,"['Action', 'Adventure', 'Comedy', 'Crime', 'Romance', 'Thriller']",2.35,34
6298,13411,Malibu's Most Wanted,Comedy|Crime,"['Comedy', 'Crime']",2.21,42
106841,152737,August: Osage County,Comedy|Drama,"['Comedy', 'Drama']",3.48,30
106785,204082,Homefront,Action|Thriller,"['Action', 'Thriller']",3.12,28
1640,28353,Def Jam's How to Be a Player,Comedy|Romance,"['Comedy', 'Romance']",2.55,28
81641,38363,Fair Game,Drama|Thriller,"['Drama', 'Thriller']",3.36,22
94325,77877,The Lucky One,Drama|Romance,"['Drama', 'Romance']",3.26,19
110655,172385,Rio 2,Animation|Adventure|Comedy|Family,"['Animation', 'Adventure', 'Comedy', 'Family']",2.88,21
5485,39141,Tadpole,Comedy|Drama|Romance,"['Comedy', 'Drama', 'Romance']",3.11,32
91134,75900,My Week with Marilyn,Drama,['Drama'],3.08,36
7379,10733,The Alamo,Western|History|War,"['Western', 'History', 'War']",2.93,36
148956,259694,How to Be Single,Comedy|Romance,"['Comedy', 'Romance']",2.69,24
7087,15927,A Passage to India,Drama|Adventure|History,"['Drama', 'Adventure', 'History']",3.32,25
49220,14799,For Your Consideration,Comedy|Drama,"['Comedy', 'Drama']",2.94,40
144482,335866,Circle,Horror|Science Fiction,"['Horror', 'Science Fiction']",3.16,32
57526,8090,Untraceable,Drama,['Drama'],2.84,31
44225,14191,Aquamarine,Fantasy|Romance|Family|Comedy,"['Fantasy', 'Romance', 'Family', 'Comedy']",2.59,17
37739,15487,The Greatest Game Ever Played,Drama|Family,"['Drama', 'Family']",3.1,29
104881,164457,Out of the Furnace,Thriller|Drama|Crime,"['Thriller', 'Drama', 'Crime']",2.9,36
5994,29339,Nicholas Nickleby,Adventure|Drama|Action|Family,"['Adventure', 'Drama', 'Action', 'Family']",3.53,18
31422,11637,Are We There Yet?,Adventure|Comedy|Family|Romance,"['Adventure', 'Comedy', 'Family', 'Romance']",2.16,32
58627,8456,Never Back Down,Drama|Action,"['Drama', 'Action']",3.4,26
77667,37931,MacGruber,Action|Adventure|Comedy,"['Action', 'Adventure', 'Comedy']",2.31,36
103801,172533,Drinking Buddies,Romance|Drama,"['Romance', 'Drama']",3.19,26
33681,14199,The Adventures of Sharkboy and Lavagirl,Adventure|Family|Science Fiction,"['Adventure', 'Family', 'Science Fiction']",2.06,25
130636,277685,Unfriended,Horror|Thriller,"['Horror', 'Thriller']",2.58,20
55284,5125,Rendition,Drama|Thriller,"['Drama', 'Thriller']",3.27,35
42018,10773,Mrs Henderson Presents,Comedy|Drama,"['Comedy', 'Drama']",3.44,41
45183,8982,The Protector,Action|Crime|Drama|Thriller,"['Action', 'Crime', 'Drama', 'Thriller']",3.34,34
5361,12227,White Fang,Action|Adventure|Drama|Family,"['Action', 'Adventure', 'Drama', 'Family']",3.03,34
1114,21612,The Funeral,Crime|Drama,"['Crime', 'Drama']",3.0,25
26172,26039,Point Blank,Action|Crime|Drama|Thriller,"['Action', 'Crime', 'Drama', 'Thriller']",3.53,19
45221,10115,Stick It,Comedy|Drama,"['Comedy', 'Drama']",2.96,27
2835,2162,Chill Factor,Action|Comedy|Thriller,"['Action', 'Comedy', 'Thriller']",2.17,30
61705,13279,Lakeview Terrace,Drama|Crime|Thriller,"['Drama', 'Crime', 'Thriller']",2.78,32
5447,57022,Sunshine State,Drama,['Drama'],3.23,24
122884,280092,Insidious: Chapter 3,Drama|Horror|Thriller,"['Drama', 'Horror', 'Thriller']",2.62,28
6185,4911,Dark Blue,Action|Crime|Drama|Thriller,"['Action', 'Crime', 'Drama', 'Thriller']",3.12,36
5109,16690,Return to Never Land,Adventure|Fantasy|Animation|Family,"['Adventure', 'Fantasy', 'Animation', 'Family']",2.45,22
63808,8841,The Class,Drama,['Drama'],3.62,25
81791,39210,Somewhere,Comedy|Drama,"['Comedy', 'Drama']",3.06,24
60941,10185,The Midnight Meat Train,Mystery|Drama|Crime|Thriller|Horror,"['Mystery', 'Drama', 'Crime', 'Thriller', 'Horror']",2.48,22
31431,8968,Boogeyman,Thriller|Horror|Drama|Mystery,"['Thriller', 'Horror', 'Drama', 'Mystery']",1.86,28
93475,77949,The Awakening,Horror|Thriller,"['Horror', 'Thriller']",3.03,34
74750,10664,[REC]²,Thriller|Horror,"['Thriller', 'Horror']",3.02,24
42721,168705,BloodRayne,Action|Adventure|Fantasy|Horror,"['Action', 'Adventure', 'Fantasy', 'Horror']",1.62,30
105585,106747,Machete Kills,Action|Crime|Thriller,"['Action', 'Crime', 'Thriller']",2.93,30
91414,51052,Arthur Christmas,Drama|Animation|Family|Comedy,"['Drama', 'Animation', 'Family', 'Comedy']",3.33,32
155820,342521,Keanu,Action|Comedy,"['Action', 'Comedy']",3.0,34
7374,13700,Home on the Range,Animation|Family,"['Animation', 'Family']",2.54,28
70208,12403,A Perfect Getaway,Thriller|Mystery|Adventure,"['Thriller', 'Mystery', 'Adventure']",3.0,34
26386,12535,High Anxiety,Comedy|Music,"['Comedy', 'Music']",3.0,32
159690,308531,Teenage Mutant Ninja Turtles: Out of the Shadows,Fantasy|Action|Adventure|Comedy,"['Fantasy', 'Action', 'Adventure', 'Comedy']",2.65,41
3425,41823,Mo' Better Blues,Drama|Romance,"['Drama', 'Romance']",3.06,26
5874,10426,Friday After Next,Comedy,['Comedy'],2.54,26
8967,11249,Seed of Chucky,Drama|Horror|Comedy,"['Drama', 'Horror', 'Comedy']",2.14,32
85796,49010,Hobo with a Shotgun,Action|Comedy|Thriller,"['Action', 'Comedy', 'Thriller']",2.71,41
5076,34723,The Adventures of Huck Finn,Action|Adventure|Drama|Family,"['Action', 'Adventure', 'Drama', 'Family']",3.04,25
161127,325789,The Infiltrator,Crime|Drama|Thriller,"['Crime', 'Drama', 'Thriller']",3.38,28
84615,52067,Cedar Rapids,Comedy,['Comedy'],2.96,36
5458,21972,Like Mike,Comedy|Drama|Family|Fantasy,"['Comedy', 'Drama', 'Family', 'Fantasy']",2.28,32
50162,9992,Arthur and the Invisibles,Adventure|Fantasy|Animation|Family,"['Adventure', 'Fantasy', 'Animation', 'Family']",2.79,26
5472,14902,1776,Drama|Comedy|History|Music,"['Drama', 'Comedy', 'History', 'Music']",3.26,19
3761,9702,Bound by Honor,Action|Crime|Drama|Thriller,"['Action', 'Crime', 'Drama', 'Thriller']",3.35,23
54787,11835,Death Sentence,Action|Crime|Drama|Thriller,"['Action', 'Crime', 'Drama', 'Thriller']",3.0,28
7345,17047,Agent Cody Banks 2: Destination London,Comedy,['Comedy'],2.02,24
3837,15158,Phantasm II,Action|Horror|Science Fiction|Thriller,"['Action', 'Horror', 'Science Fiction', 'Thriller']",2.92,25
6279,6016,The Good Thief,Crime|Drama|Thriller,"['Crime', 'Drama', 'Thriller']",3.36,28
113252,253306,Housebound,Horror|Comedy|Thriller,"['Horror', 'Comedy', 'Thriller']",3.32,30
61071,10188,The Sisterhood of the Traveling Pants 2,Adventure|Comedy|Drama|Family,"['Adventure', 'Comedy', 'Drama', 'Family']",3.31,13
58332,13025,Diary of the Dead,Horror|Action|Science Fiction,"['Horror', 'Action', 'Science Fiction']",2.65,31
1489,24662,Cats Don't Dance,Animation|Comedy|Family|Music,"['Animation', 'Comedy', 'Family', 'Music']",3.1,15
37736,257,Oliver Twist,Crime|Drama|Family,"['Crime', 'Drama', 'Family']",3.48,30
8796,17768,A Funny Thing Happened on the Way to the Forum,Comedy|Music,"['Comedy', 'Music']",3.55,19
4429,10339,Moby Dick,Adventure|Drama,"['Adventure', 'Drama']",3.44,36
6997,10410,Hoffa,Crime|History,"['Crime', 'History']",3.2,32
101283,124459,The Incredible Burt Wonderstone,Comedy,['Comedy'],2.64,29
57534,9030,The Eye,Drama|Horror|Thriller,"['Drama', 'Horror', 'Thriller']",2.54,26
119655,68737,Seventh Son,Adventure|Fantasy,"['Adventure', 'Fantasy']",2.54,34
98122,80215,Indie Game: The Movie,Documentary,['Documentary'],3.47,18
86817,49022,Something Borrowed,Comedy|Drama|Romance,"['Comedy', 'Drama', 'Romance']",2.59,16
4721,13496,American Outlaws,Action|Western,"['Action', 'Western']",2.56,26
6268,25461,Raising Victor Vargas,Drama|Romance,"['Drama', 'Romance']",3.79,21
145935,227973,The Peanuts Movie,Animation,['Animation'],3.0,24
46865,9072,Little Man,Comedy|Crime,"['Comedy', 'Crime']",1.96,28
4240,56715,Just Visiting,Comedy|Fantasy|Science Fiction,"['Comedy', 'Fantasy', 'Science Fiction']",2.77,22
95583,82525,Savages,Crime|Drama|Thriller,"['Crime', 'Drama', 'Thriller']",2.99,35
87522,59861,Larry Crowne,Comedy|Romance|Drama,"['Comedy', 'Romance', 'Drama']",2.86,29
81132,45649,Rubber,Comedy|Drama|Fantasy|Horror|Mystery,"['Comedy', 'Drama', 'Fantasy', 'Horror', 'Mystery']",2.65,33
8943,18701,Being Julia,Comedy|Drama|Romance,"['Comedy', 'Drama', 'Romance']",3.46,25
976,22649,A Farewell to Arms,Drama|Romance|War,"['Drama', 'Romance', 'War']",3.21,19
976,22649,A Farewell to Arms,Drama|Romance|War,"['Drama', 'Romance', 'War']",3.21,19
2507,12479,Breakfast of Champions,Comedy,['Comedy'],2.71,29
6483,31246,From Justin to Kelly,Comedy|Romance,"['Comedy', 'Romance']",1.15,20
91079,60420,Like Crazy,Drama|Romance,"['Drama', 'Romance']",2.8,20
60516,11260,Meet Dave,Comedy|Science Fiction|Adventure|Family,"['Comedy', 'Science Fiction', 'Adventure', 'Family']",2.55,32
51088,10090,Reno 911!: Miami,Action|Adventure|Comedy|Crime,"['Action', 'Adventure', 'Comedy', 'Crime']",2.95,38
82767,27585,Rabbit Hole,Drama,['Drama'],3.38,24
46337,9513,Garfield: A Tail of Two Kitties,Animation|Comedy|Family,"['Animation', 'Comedy', 'Family']",1.79,26
73042,23398,Alvin and the Chipmunks: The Squeakquel,Comedy|Family|Animation|Fantasy|Music,"['Comedy', 'Family', 'Animation', 'Fantasy', 'Music']",1.85,20
60408,8265,Welcome to the Sticks,Comedy,['Comedy'],3.3,20
1571,11956,When the Cat's Away,Comedy,['Comedy'],3.44,18
6159,13132,All the Real Girls,Drama|Romance,"['Drama', 'Romance']",3.32,20
72209,16577,Astro Boy,Animation|Action|Family|Science Fiction,"['Animation', 'Action', 'Family', 'Science Fiction']",3.29,28
78467,20533,Jonah Hex,Action|Western|Drama|Fantasy|Thriller,"['Action', 'Western', 'Drama', 'Fantasy', 'Thriller']",2.21,38
74370,25983,The House of the Devil,Mystery|Horror,"['Mystery', 'Horror']",3.5,27
73587,31175,Soul Kitchen,Drama|Comedy,"['Drama', 'Comedy']",3.58,19
33817,9709,My Summer of Love,Drama|Thriller|Romance,"['Drama', 'Thriller', 'Romance']",3.46,26
88954,55465,A Very Harold & Kumar Christmas,Comedy,['Comedy'],2.67,33
78264,34806,The Back-Up Plan,Comedy|Romance,"['Comedy', 'Romance']",2.39,22
7616,11507,Body Double,Crime|Mystery|Horror|Thriller,"['Crime', 'Mystery', 'Horror', 'Thriller']",3.27,37
64231,13056,Punisher: War Zone,Action|Crime,"['Action', 'Crime']",2.75,36
89047,44835,Hesher,Drama,['Drama'],3.52,24
70334,18126,Hannah Montana: The Movie,Comedy|Drama|Family|Music|Romance,"['Comedy', 'Drama', 'Family', 'Music', 'Romance']",2.11,23
52283,1683,The Reaping,Horror,['Horror'],2.76,35
92681,72545,Journey 2: The Mysterious Island,Adventure|Action|Science Fiction,"['Adventure', 'Action', 'Science Fiction']",2.42,26
72741,26171,Everybody's Fine,Drama,['Drama'],3.53,32
6702,13778,Dickie Roberts: Former Child Star,Comedy,['Comedy'],2.36,37
4991,12312,Joe Somebody,Comedy,['Comedy'],2.51,39
76763,27586,The Runaways,Drama|Music,"['Drama', 'Music']",3.13,31
34523,13919,The Chumscrubber,Comedy|Drama,"['Comedy', 'Drama']",3.26,29
6990,11583,The First Great Train Robbery,Thriller|Adventure|Drama|Crime,"['Thriller', 'Adventure', 'Drama', 'Crime']",3.47,29
94953,50647,Wanderlust,Comedy,['Comedy'],2.85,31
5440,13909,She Wore a Yellow Ribbon,Western,['Western'],3.28,16
43419,1969,Bandidas,Action|Comedy|Western|Crime,"['Action', 'Comedy', 'Western', 'Crime']",2.78,18
43744,1544,Imagine Me & You,Drama|Comedy|Romance,"['Drama', 'Comedy', 'Romance']",3.33,26
94833,72197,The Pirates! In an Adventure with Scientists!,Animation|Adventure|Family|Comedy,"['Animation', 'Adventure', 'Family', 'Comedy']",3.09,28
62792,13150,Pride and Glory,Thriller|Crime|Drama,"['Thriller', 'Crime', 'Drama']",3.36,28
54734,10760,Sydney White,Comedy,['Comedy'],3.1,21
114074,244772,The Skeleton Twins,Drama,['Drama'],3.17,35
6249,9557,Boat Trip,Comedy,['Comedy'],2.12,25
1826,17644,Barney's Great Adventure,Family,['Family'],1.12,20
48319,9664,Flyboys,Action|Adventure|Drama|History|Romance|War,"['Action', 'Adventure', 'Drama', 'History', 'Romance', 'War']",2.91,35
72479,28089,The Messenger,Drama|History,"['Drama', 'History']",3.56,32
4341,14034,What's the Worst That Could Happen?,Action|Comedy,"['Action', 'Comedy']",2.5,33
62439,13596,My Best Friend's Girl,Romance|Comedy,"['Romance', 'Comedy']",2.7,25
76210,34769,Defendor,Drama|Action|Comedy|Crime,"['Drama', 'Action', 'Comedy', 'Crime']",3.31,31
43904,10053,When a Stranger Calls,Horror|Thriller,"['Horror', 'Thriller']",2.59,23
87867,38317,Zookeeper,Comedy|Romance|Family,"['Comedy', 'Romance', 'Family']",2.37,23
55946,4515,Lions for Lambs,Action|Adventure|Drama|History,"['Action', 'Adventure', 'Drama', 'History']",2.78,27
2977,31306,Crazy in Alabama,Comedy|Drama,"['Comedy', 'Drama']",2.5,23
49314,7873,Harsh Times,Crime|Drama|Thriller|Action,"['Crime', 'Drama', 'Thriller', 'Action']",2.96,26
50923,5172,The Astronaut Farmer,Adventure|Comedy|Drama|Science Fiction,"['Adventure', 'Comedy', 'Drama', 'Science Fiction']",2.62,26
6884,10629,Veronica Guerin,Drama|Crime|Thriller,"['Drama', 'Crime', 'Thriller']",3.32,28
5134,9991,Mean Machine,Comedy|Drama,"['Comedy', 'Drama']",2.85,27
80864,38031,You Will Meet a Tall Dark Stranger,Comedy|Drama|Romance,"['Comedy', 'Drama', 'Romance']",2.96,23
96616,87428,That's My Boy,Comedy,['Comedy'],2.48,32
131796,304357,Woman in Gold,Drama,['Drama'],3.6,21
135534,287903,Krampus,Horror|Comedy|Fantasy,"['Horror', 'Comedy', 'Fantasy']",2.85,30
47937,5072,Severance,Horror|Comedy|Thriller,"['Horror', 'Comedy', 'Thriller']",3.08,25
4154,19405,Recess: School's Out,Science Fiction|Animation|Comedy|Family,"['Science Fiction', 'Animation', 'Comedy', 'Family']",2.75,20
8831,8080,Suspect Zero,Crime|Thriller,"['Crime', 'Thriller']",2.5,27
106540,146239,Delivery Man,Comedy,['Comedy'],2.96,26
96751,60599,Arbitrage,Drama|Thriller,"['Drama', 'Thriller']",3.31,27
3694,28165,The Toxic Avenger Part II,Comedy|Horror|Action,"['Comedy', 'Horror', 'Action']",2.16,22
70697,19585,G-Force,Fantasy|Action|Adventure|Family|Comedy,"['Fantasy', 'Action', 'Adventure', 'Family', 'Comedy']",2.33,29
2179,2370,Topaz,Action|Drama|Mystery|Thriller,"['Action', 'Drama', 'Mystery', 'Thriller']",2.68,30
7257,12634,The Big Bounce,Comedy|Crime,"['Comedy', 'Crime']",2.4,31
93982,70436,The Raven,Crime|Thriller|Mystery,"['Crime', 'Thriller', 'Mystery']",2.68,37
5462,17043,The Crocodile Hunter: Collision Course,Family|Action|Adventure,"['Family', 'Action', 'Adventure']",2.38,28
3597,23531,Whipped,Comedy|Romance,"['Comedy', 'Romance']",2.5,22
2237,22256,Without Limits,Drama,['Drama'],3.25,22
151639,321258,The Boy,Horror|Mystery|Thriller,"['Horror', 'Mystery', 'Thriller']",3.09,22
72165,24418,Cirque du Freak: The Vampire's Assistant,Adventure|Fantasy|Action|Thriller,"['Adventure', 'Fantasy', 'Action', 'Thriller']",2.7,38
72919,24438,Did You Hear About the Morgans?,Comedy,['Comedy'],2.43,22
92439,64678,The Art of Getting By,Drama|Romance,"['Drama', 'Romance']",3.03,17
109569,192102,3 Days to Kill,Action|Drama|Thriller|Crime,"['Action', 'Drama', 'Thriller', 'Crime']",2.88,26
5172,15186,Full Frontal,Comedy|Drama|Romance,"['Comedy', 'Drama', 'Romance']",2.66,25
93297,75674,Act of Valor,Action|Thriller|War,"['Action', 'Thriller', 'War']",3.22,20
79588,37950,Charlie St. Cloud,Drama,['Drama'],2.58,19
114670,246403,Tusk,Comedy|Horror,"['Comedy', 'Horror']",2.71,36
105755,109091,The Counselor,Thriller|Crime|Drama,"['Thriller', 'Crime', 'Drama']",2.6,31
74580,23172,The Spy Next Door,Action|Comedy|Family,"['Action', 'Comedy', 'Family']",2.5,22
59336,12400,Redbelt,Drama,['Drama'],3.57,29
110968,76649,Pompeii,Action|Adventure|History|Romance|Drama,"['Action', 'Adventure', 'History', 'Romance', 'Drama']",2.67,32
2965,29064,The Omega Code,Horror|Thriller,"['Horror', 'Thriller']",1.68,17
109895,209403,Bad Words,Comedy,['Comedy'],2.89,36
1351,31640,Blood and Wine,Crime|Drama|Thriller,"['Crime', 'Drama', 'Thriller']",3.13,19
91628,62838,New Year's Eve,Comedy|Romance,"['Comedy', 'Romance']",2.12,21
73168,25769,Carriers,Action|Drama|Horror|Science Fiction|Thriller,"['Action', 'Drama', 'Horror', 'Science Fiction', 'Thriller']",3.23,28
8512,10970,Silent Movie,Comedy,['Comedy'],3.02,29
3454,16222,Whatever It Takes,Drama|Comedy|Romance,"['Drama', 'Comedy', 'Romance']",2.48,21
84189,43947,I Spit on Your Grave,Thriller|Crime|Horror,"['Thriller', 'Crime', 'Horror']",2.88,24
90524,59965,Abduction,Thriller|Action|Mystery,"['Thriller', 'Action', 'Mystery']",2.77,24
108689,100241,"I, Frankenstein",Horror|Thriller,"['Horror', 'Thriller']",2.28,29
152591,365222,Ip Man 3,Action|Drama|History,"['Action', 'Drama', 'History']",3.25,22
26398,11935,Capricorn One,Drama|Action|Thriller|Science Fiction,"['Drama', 'Action', 'Thriller', 'Science Fiction']",3.2,27
61255,10186,The Rocker,Comedy|Music,"['Comedy', 'Music']",2.43,28
2886,16112,The Adventures of Elmo in Grouchland,Family,['Family'],1.85,13
8799,14846,Little Black Book,Comedy|Romance|Drama,"['Comedy', 'Romance', 'Drama']",2.43,27
8864,16232,Mr. 3000,Comedy|Drama,"['Comedy', 'Drama']",2.43,38
71619,11156,Coco Before Chanel,Drama|History,"['Drama', 'History']",3.1,20
134528,222936,Aloha,Drama|Comedy|Romance,"['Drama', 'Comedy', 'Romance']",1.98,20
58839,4942,Leatherheads,Comedy|Romance|Drama,"['Comedy', 'Romance', 'Drama']",2.92,30
52462,13158,Aqua Teen Hunger Force Colon Movie Film for Theaters,Animation|Comedy,"['Animation', 'Comedy']",2.93,23
114601,239678,This Is Where I Leave You,Drama|Comedy,"['Drama', 'Comedy']",3.16,22
80094,38358,The Last Exorcism,Horror|Drama|Thriller,"['Horror', 'Drama', 'Thriller']",2.81,26
65868,14353,Repo! The Genetic Opera,Horror|Comedy|Music|Science Fiction,"['Horror', 'Comedy', 'Music', 'Science Fiction']",2.85,24
92192,50357,Apollo 18,Horror|Thriller|Science Fiction,"['Horror', 'Thriller', 'Science Fiction']",2.48,28
7030,20763,Radio Flyer,Drama,['Drama'],3.28,23
8363,12657,Soul Plane,Romance|Comedy,"['Romance', 'Comedy']",1.98,27
159061,293670,The Wailing,Horror|Mystery,"['Horror', 'Mystery']",3.65,27
47264,9907,Barnyard,Animation|Comedy|Family,"['Animation', 'Comedy', 'Family']",2.3,23
32011,10012,Cursed,Horror|Comedy,"['Horror', 'Comedy']",2.38,25
48416,9842,School for Scoundrels,Comedy|Drama|Romance,"['Comedy', 'Drama', 'Romance']",2.55,31
50064,182,The Good German,War|Crime|Drama|Mystery|Romance|Thriller,"['War', 'Crime', 'Drama', 'Mystery', 'Romance', 'Thriller']",2.73,31
130452,252512,While We're Young,Comedy|Drama|Mystery,"['Comedy', 'Drama', 'Mystery']",3.07,27
48161,9766,Gridiron Gang,Action|Adventure|Crime|Drama,"['Action', 'Adventure', 'Crime', 'Drama']",3.22,30
34536,13922,The Great Raid,Action|History|War,"['Action', 'History', 'War']",3.37,27
107883,191714,The Lunchbox,Drama|Romance,"['Drama', 'Romance']",3.14,11
6186,16072,Gods and Generals,Drama|History|War,"['Drama', 'History', 'War']",2.43,28
86852,50780,The Beaver,Drama,['Drama'],3.24,23
1870,78373,"Dancer, Texas Pop. 81",Comedy|Drama|Family,"['Comedy', 'Drama', 'Family']",2.57,14
49957,8618,The History Boys,Comedy|Drama,"['Comedy', 'Drama']",3.12,24
91323,57431,The Sitter,Comedy,['Comedy'],2.48,27
26819,12088,Fortress,Action|Thriller|Science Fiction,"['Action', 'Thriller', 'Science Fiction']",2.97,29
3180,20761,Play It to the Bone,Comedy|Drama,"['Comedy', 'Drama']",2.52,29
62553,12837,The Secret Life of Bees,Adventure,['Adventure'],3.23,24
125914,210860,Mortdecai,Comedy|Adventure,"['Comedy', 'Adventure']",2.38,26
77421,39053,Cyrus,Comedy|Drama|Romance,"['Comedy', 'Drama', 'Romance']",3.16,25
5958,14317,The Wild Thornberrys Movie,Animation|Adventure|Family,"['Animation', 'Adventure', 'Family']",2.67,23
114439,254904,The November Man,Crime|Action|Thriller,"['Crime', 'Action', 'Thriller']",2.84,25
80350,40264,Vampires Suck,Horror|Comedy,"['Horror', 'Comedy']",1.32,25
82463,44009,Another Year,Comedy|Drama,"['Comedy', 'Drama']",3.27,24
82499,42888,How Do You Know,Comedy|Drama|Romance,"['Comedy', 'Drama', 'Romance']",2.61,22
43708,292,Dave Chappelle's Block Party,Comedy|Documentary|Music,"['Comedy', 'Documentary', 'Music']",3.54,25
80241,38073,Going the Distance,Comedy|Drama|Romance,"['Comedy', 'Drama', 'Romance']",3.05,20
36397,14175,Valiant,Animation|Family|Adventure,"['Animation', 'Family', 'Adventure']",2.72,32
77795,34069,Cargo,Thriller|Mystery|Science Fiction,"['Thriller', 'Mystery', 'Science Fiction']",2.93,22
27816,10105,Saints and Soldiers,Action|Adventure|Drama|History|War,"['Action', 'Adventure', 'Drama', 'History', 'War']",3.34,25
71670,23706,All About Steve,Comedy,['Comedy'],2.23,15
7175,10718,Torque,Action,['Action'],1.96,27
3423,36739,School Daze,Comedy|Drama,"['Comedy', 'Drama']",2.46,24
6703,9616,The Order,Drama|Fantasy|Horror|Mystery|Romance|Thriller,"['Drama', 'Fantasy', 'Horror', 'Mystery', 'Romance', 'Thriller']",2.6,24
3118,55123,Tumbleweeds,Comedy|Drama,"['Comedy', 'Drama']",3.25,22
8911,14024,Raise Your Voice,Music|Drama|Romance,"['Music', 'Drama', 'Romance']",2.5,20
48678,10070,Feast,Action|Comedy|Horror,"['Action', 'Comedy', 'Horror']",3.15,27
95307,80585,Rock of Ages,Comedy|Drama|Music|Romance,"['Comedy', 'Drama', 'Music', 'Romance']",2.59,22
80222,41233,Step Up 3D,Drama|Romance,"['Drama', 'Romance']",3.09,17
55732,5126,Martian Child,Drama,['Drama'],3.28,25
5499,10786,Robin and Marian,Action|Adventure|Drama|Romance,"['Action', 'Adventure', 'Drama', 'Romance']",3.26,17
5629,15173,Jonah: A VeggieTales Movie,Action|Adventure|Animation|Comedy|Family|Fantasy|Romance,"['Action', 'Adventure', 'Animation', 'Comedy', 'Family', 'Fantasy', 'Romance']",2.92,20
52668,13067,In the Land of Women,Romance|Comedy|Drama,"['Romance', 'Comedy', 'Drama']",3.16,22
89837,74725,Kill List,Horror|Thriller|Crime,"['Horror', 'Thriller', 'Crime']",3.21,28
97870,113947,The Sessions,Drama|Romance|Comedy,"['Drama', 'Romance', 'Comedy']",3.76,29
4028,62677,Songcatcher,Drama|Music,"['Drama', 'Music']",3.47,16
6705,1415,Party Monster,Comedy|Drama|Crime,"['Comedy', 'Drama', 'Crime']",2.64,18
43869,9975,Curious George,Adventure|Animation|Comedy|Family,"['Adventure', 'Animation', 'Comedy', 'Family']",3.32,17
70984,26320,Taking Woodstock,Music|Comedy|Drama,"['Music', 'Comedy', 'Drama']",3.08,30
4965,31064,The Business of Strangers,Drama|Thriller,"['Drama', 'Thriller']",2.98,22
44197,9950,Find Me Guilty,Drama|Action|Comedy|Crime,"['Drama', 'Action', 'Comedy', 'Crime']",3.12,29
100244,87499,The East,Drama|Thriller,"['Drama', 'Thriller']",3.09,16
128975,243938,Hot Tub Time Machine 2,Comedy,['Comedy'],2.61,23
45503,13689,Peaceful Warrior,Drama|Romance,"['Drama', 'Romance']",3.58,18
3892,1698,Anatomy,Horror|Thriller,"['Horror', 'Thriller']",3.05,19
55071,12901,No End in Sight,Documentary,['Documentary'],3.8,20
96693,87825,Trouble with the Curve,Drama|Romance,"['Drama', 'Romance']",2.98,27
3914,22597,The Broken Hearts Club: A Romantic Comedy,Comedy|Drama|Romance,"['Comedy', 'Drama', 'Romance']",2.98,20
3830,27723,Psycho Beach Party,Comedy,['Comedy'],3.0,12
4692,11308,The Hotel New Hampshire,Comedy|Drama,"['Comedy', 'Drama']",2.9,24
57326,2312,In the Name of the King: A Dungeon Siege Tale,Adventure|Fantasy|Action|Drama,"['Adventure', 'Fantasy', 'Action', 'Drama']",2.1,30
114007,204922,Before I Go to Sleep,Mystery|Thriller,"['Mystery', 'Thriller']",3.03,17
1477,27322,Love Jones,Comedy|Drama|Romance,"['Comedy', 'Drama', 'Romance']",2.77,11
8535,15237,De-Lovely,Drama|Music,"['Drama', 'Music']",2.86,18
73000,10197,Nine,Drama|Music|Romance,"['Drama', 'Music', 'Romance']",2.62,28
27882,291,Riding Giants,Documentary,['Documentary'],3.74,17
38388,9763,Goal!: The Dream Begins,Drama,['Drama'],3.07,23
33649,19316,Saving Face,Comedy|Romance,"['Comedy', 'Romance']",3.83,15
70663,19840,"I Love You, Beth Cooper",Comedy|Romance,"['Comedy', 'Romance']",2.43,30
50003,9053,DOA: Dead or Alive,Adventure|Action|Thriller,"['Adventure', 'Action', 'Thriller']",2.58,26
133802,223485,Slow West,Romance|Thriller|Western,"['Romance', 'Thriller', 'Western']",3.43,27
33815,15648,The Perfect Man,Comedy|Drama|Family|Romance,"['Comedy', 'Drama', 'Family', 'Romance']",2.05,11
44613,12763,Take the Lead,Music,['Music'],2.97,19
6158,14873,The Jungle Book 2,Family|Animation|Adventure,"['Family', 'Animation', 'Adventure']",2.11,14
7261,21301,Barbershop 2:  Back in Business,Comedy|Drama,"['Comedy', 'Drama']",2.7,27
4371,16161,Baby Boy,Crime|Drama|Romance,"['Crime', 'Drama', 'Romance']",2.73,22
130450,266647,Pan,Adventure|Family|Fantasy,"['Adventure', 'Family', 'Fantasy']",2.12,28
110453,200505,Draft Day,Drama,['Drama'],3.37,19
120637,201088,Blackhat,Crime|Drama|Mystery,"['Crime', 'Drama', 'Mystery']",2.57,23
5788,12454,All or Nothing,Comedy|Drama,"['Comedy', 'Drama']",3.6,26
43333,7509,Water,Drama|Foreign|Romance,"['Drama', 'Foreign', 'Romance']",3.47,15
82378,46503,All Good Things,Drama|Mystery|Thriller|Crime|Romance,"['Drama', 'Mystery', 'Thriller', 'Crime', 'Romance']",2.95,20
43932,9682,Pulse,Horror|Thriller,"['Horror', 'Thriller']",2.16,16
26750,9588,Quigley Down Under,Romance|Action|Adventure|Western|Drama,"['Romance', 'Action', 'Adventure', 'Western', 'Drama']",3.28,25
6162,1956,Gerry,Mystery|Drama|Adventure,"['Mystery', 'Drama', 'Adventure']",3.16,25
7889,11577,Pat Garrett & Billy the Kid,Western,['Western'],3.5,32
71327,29963,Bright Star,Drama|Romance,"['Drama', 'Romance']",3.45,21
4482,17170,"Bright Lights, Big City",Drama,['Drama'],2.61,19
6193,14293,Poolhall Junkies,Comedy|Drama|Thriller,"['Comedy', 'Drama', 'Thriller']",3.13,23
4160,48217,The Widow of Saint-Pierre,Romance|Drama,"['Romance', 'Drama']",3.21,19
4428,11536,The Misfits,Drama|Action|Romance,"['Drama', 'Action', 'Romance']",3.66,22
100507,107811,21 & Over,Comedy,['Comedy'],2.78,25
95199,76494,What to Expect When You're Expecting,Romance|Comedy|Drama,"['Romance', 'Comedy', 'Drama']",2.31,21
82527,46829,Barney's Version,Comedy|Drama,"['Comedy', 'Drama']",3.34,29
55286,3877,Things We Lost in the Fire,Drama,['Drama'],3.0,21
3833,33468,The Brain That Wouldn't Die,Horror|Science Fiction,"['Horror', 'Science Fiction']",2.17,18
58972,10488,Nim's Island,Adventure|Comedy|Family|Fantasy,"['Adventure', 'Comedy', 'Family', 'Fantasy']",2.67,24
3596,19419,Screwed,Action|Comedy,"['Action', 'Comedy']",2.2,30
1525,49478,Warriors of Virtue,Fantasy|Family|Action,"['Fantasy', 'Family', 'Action']",2.14,11
61246,12621,Hamlet 2,Comedy|Music,"['Comedy', 'Music']",3.03,34
48326,1717,All the King's Men,Drama|Thriller,"['Drama', 'Thriller']",2.7,15
7080,3062,42nd Street,Music|Comedy|Romance,"['Music', 'Comedy', 'Romance']",3.46,13
65418,8942,Wendy and Lucy,Drama,['Drama'],3.52,26
4900,14369,Out Cold,Comedy,['Comedy'],2.59,22
55176,14284,In the Shadow of the Moon,Documentary,['Documentary'],3.83,24
4222,23730,C.H.U.D.,Horror|Science Fiction,"['Horror', 'Science Fiction']",2.55,22
74944,26390,Brooklyn's Finest,Crime|Drama|Thriller,"['Crime', 'Drama', 'Thriller']",3.21,21
155659,315664,Florence Foster Jenkins,Comedy|Drama,"['Comedy', 'Drama']",3.34,19
52375,9903,The Hoax,Comedy|Drama,"['Comedy', 'Drama']",3.1,21
96567,83686,The Words,Drama|Thriller,"['Drama', 'Thriller']",2.61,22
2196,37498,Knock Off,Action|Adventure|Thriller,"['Action', 'Adventure', 'Thriller']",2.05,29
4053,18828,Double Take,Adventure|Drama|Action|Comedy|Romance,"['Adventure', 'Drama', 'Action', 'Comedy', 'Romance']",2.25,20
141004,228066,Victor Frankenstein,Drama|Science Fiction|Thriller,"['Drama', 'Science Fiction', 'Thriller']",2.67,29
79897,44718,Get Low,Comedy|Drama|Mystery,"['Comedy', 'Drama', 'Mystery']",3.07,27
7259,14114,You Got Served,Drama,['Drama'],1.67,21
132157,256961,Paul Blart: Mall Cop 2,Action|Comedy|Family,"['Action', 'Comedy', 'Family']",1.93,15
2812,22314,In Too Deep,Drama|Action|Thriller|Crime,"['Drama', 'Action', 'Thriller', 'Crime']",2.97,18
4517,49365,Lady in White,Horror|Thriller,"['Horror', 'Thriller']",3.02,23
8667,18923,A Home at the End of the World,Romance|Drama,"['Romance', 'Drama']",3.28,23
3048,47941,Under the Rainbow,Comedy,['Comedy'],2.69,18
4035,44853,The Claim,Drama|Romance|Western,"['Drama', 'Romance', 'Western']",3.09,23
72131,13576,This Is It,Music|Documentary,"['Music', 'Documentary']",3.02,22
70994,24150,Halloween II,Horror,['Horror'],2.4,21
30883,15045,Fat Albert,Comedy|Drama|Family,"['Comedy', 'Drama', 'Family']",2.08,25
7177,14757,Osama,Drama,['Drama'],3.62,26
3774,16096,House Party 2,Comedy,['Comedy'],2.09,16
149830,58431,Pride and Prejudice and Zombies,Romance|Horror|Comedy|Thriller,"['Romance', 'Horror', 'Comedy', 'Thriller']",3.15,23
74787,26022,My Name Is Khan,Drama|Romance,"['Drama', 'Romance']",3.27,13
65601,14435,My Bloody Valentine,Mystery|Horror,"['Mystery', 'Horror']",2.52,22
4442,13938,The Last Dragon,Action|Adventure|Comedy,"['Action', 'Adventure', 'Comedy']",2.84,22
7453,11025,New York Minute,Comedy,['Comedy'],2.29,19
133798,268920,Hot Pursuit,Action|Comedy|Crime,"['Action', 'Comedy', 'Crime']",2.44,18
664,47502,Faithful,Comedy|Crime|Drama,"['Comedy', 'Crime', 'Drama']",2.95,10
39419,9729,Where the Truth Lies,Drama|Mystery|Thriller,"['Drama', 'Mystery', 'Thriller']",3.25,20
160573,294272,Pete's Dragon,Adventure|Family|Fantasy,"['Adventure', 'Family', 'Fantasy']",3.0,23
99750,68812,The Iceman,Thriller|Crime|Drama,"['Thriller', 'Crime', 'Drama']",3.38,24
80858,38303,You Again,Comedy|Romance,"['Comedy', 'Romance']",2.38,13
1055,38153,Shadow Conspiracy,Action|Thriller,"['Action', 'Thriller']",2.46,13
101612,144340,Admission,Comedy|Drama|Romance,"['Comedy', 'Drama', 'Romance']",2.68,20
65813,13788,The Unborn,Horror|Thriller|Mystery,"['Horror', 'Thriller', 'Mystery']",2.5,16
27618,10077,A Sound of Thunder,Thriller|Science Fiction|Adventure|Action,"['Thriller', 'Science Fiction', 'Adventure', 'Action']",2.42,20
6485,20694,Rugrats Go Wild,Animation|Family,"['Animation', 'Family']",2.3,20
140713,192141,No Escape,Action|Thriller,"['Action', 'Thriller']",3.32,22
54331,8141,You Kill Me,Comedy|Crime|Thriller|Romance,"['Comedy', 'Crime', 'Thriller', 'Romance']",3.32,20
2573,65749,Tango,Drama|Foreign|Romance,"['Drama', 'Foreign', 'Romance']",2.59,11
69253,14536,New in Town,Comedy,['Comedy'],2.76,17
5677,15992,Abandon,Drama|Mystery|Thriller,"['Drama', 'Mystery', 'Thriller']",2.27,22
92391,50698,Grave Encounters,Thriller|Horror,"['Thriller', 'Horror']",3.18,11
129659,228203,"McFarland, USA",Drama,['Drama'],3.18,17
30818,6478,Beyond the Sea,Drama|Music,"['Drama', 'Music']",3.04,26
148652,347969,The Ridiculous 6,Comedy|Western,"['Comedy', 'Western']",1.86,28
91660,71469,The Darkest Hour,Horror|Action|Thriller|Science Fiction,"['Horror', 'Action', 'Thriller', 'Science Fiction']",2.76,29
27408,10955,Ripley's Game,Crime|Thriller,"['Crime', 'Thriller']",3.17,23
66200,10362,Two Lovers,Drama|Romance,"['Drama', 'Romance']",3.44,17
109740,248774,Obvious Child,Comedy|Romance,"['Comedy', 'Romance']",3.57,22
45361,10008,An American Haunting,Horror|Thriller,"['Horror', 'Thriller']",2.43,22
83910,44564,The Dilemma,Comedy|Drama,"['Comedy', 'Drama']",2.27,24
3970,19204,The Beyond,Horror,['Horror'],3.3,20
93287,73937,The Big Year,Comedy,['Comedy'],2.88,20
96857,75638,Red Lights,Thriller,['Thriller'],2.97,18
32300,540,D.E.B.S.,Action,['Action'],2.52,20
44849,9389,Renaissance,Action|Animation|Science Fiction,"['Action', 'Animation', 'Science Fiction']",2.88,26
5258,18292,George Washington,Drama,['Drama'],3.45,22
96612,84188,Compliance,Drama|Thriller|Crime,"['Drama', 'Thriller', 'Crime']",2.98,26
5112,14778,Last Orders,Comedy|Drama,"['Comedy', 'Drama']",3.37,23
3974,24100,The Little Vampire,Family|Horror,"['Family', 'Horror']",1.63,23
92309,58428,The Innkeepers,Horror|Thriller,"['Horror', 'Thriller']",3.05,22
58191,13362,Taxi to the Dark Side,Documentary,['Documentary'],3.87,15
77206,33217,Diary of a Wimpy Kid,Comedy|Family,"['Comedy', 'Family']",3.18,17
5818,542,The Crime of Padre Amaro,Drama|Romance,"['Drama', 'Romance']",3.11,19
97701,82990,Paranormal Activity 4,Horror,['Horror'],1.72,16
91199,79120,Weekend,Drama|Romance,"['Drama', 'Romance']",3.45,19
31867,13498,Man of the House,Comedy|Action,"['Comedy', 'Action']",2.62,25
95135,84355,Your Sister's Sister,Drama|Comedy,"['Drama', 'Comedy']",3.3,23
6549,17403,How to Deal,Drama|Comedy|Romance,"['Drama', 'Comedy', 'Romance']",2.75,16
3854,2211,Aimee & Jaguar,Drama|History|Romance,"['Drama', 'History', 'Romance']",3.75,20
2566,16508,Doug's 1st Movie,Animation|Family|Comedy,"['Animation', 'Family', 'Comedy']",2.21,17
88267,51162,Winnie the Pooh,Animation|Family,"['Animation', 'Family']",3.41,17
59709,12245,The Oxford Murders,Crime|Mystery|Thriller,"['Crime', 'Mystery', 'Thriller']",2.7,20
79946,41479,The Joneses,Comedy|Drama,"['Comedy', 'Drama']",3.16,16
100737,134411,Snitch,Thriller|Drama,"['Thriller', 'Drama']",2.82,19
7725,9624,On Deadly Ground,Action|Thriller,"['Action', 'Thriller']",2.0,26
3276,29076,Gun Shy,Action|Comedy|Romance|Thriller,"['Action', 'Comedy', 'Romance', 'Thriller']",2.93,21
105037,129139,The To Do List,Comedy|Romance,"['Comedy', 'Romance']",2.69,21
94799,86812,Sound of My Voice,Science Fiction|Drama|Mystery,"['Science Fiction', 'Drama', 'Mystery']",3.33,18
104441,199373,The Frozen Ground,Thriller|Crime,"['Thriller', 'Crime']",2.76,25
3579,21311,I Dreamed of Africa,Romance|Drama|Adventure,"['Romance', 'Drama', 'Adventure']",2.23,15
53921,1988,A Mighty Heart,Drama|Thriller,"['Drama', 'Thriller']",3.37,26
59594,13191,"War, Inc.",Action|Adventure|Comedy|Thriller,"['Action', 'Adventure', 'Comedy', 'Thriller']",2.59,23
86815,43959,Soul Surfer,Action|Drama,"['Action', 'Drama']",3.4,10
4919,10656,Subway,Action|Thriller,"['Action', 'Thriller']",2.86,11
44731,10069,Stay Alive,Horror|Thriller,"['Horror', 'Thriller']",2.64,18
33725,12109,It's All Gone Pete Tong,Drama|Comedy|Music,"['Drama', 'Comedy', 'Music']",3.32,14
37477,9074,The Man,Action|Comedy|Crime,"['Action', 'Comedy', 'Crime']",2.63,27
27434,11056,Darkness,Horror,['Horror'],2.41,22
97785,61012,Silent Hill: Revelation 3D,Thriller|Horror|Mystery,"['Thriller', 'Horror', 'Mystery']",2.58,19
81804,44147,Wild Target,Action|Comedy,"['Action', 'Comedy']",3.05,20
5951,18602,Morvern Callar,Drama,['Drama'],3.66,19
82041,46420,The Loved Ones,Horror,['Horror'],3.25,22
4645,36095,Cure,Crime|Horror|Mystery|Thriller,"['Crime', 'Horror', 'Mystery', 'Thriller']",3.14,18
101997,4258,Scary Movie 5,Comedy,['Comedy'],1.48,20
74488,38448,Ondine,Drama|Romance,"['Drama', 'Romance']",3.45,19
26513,10179,The Ice Pirates,Action|Science Fiction|Comedy,"['Action', 'Science Fiction', 'Comedy']",2.9,25
7260,15708,Latter Days,Drama|Comedy|Romance,"['Drama', 'Comedy', 'Romance']",3.72,9
72696,22949,Old Dogs,Comedy|Family,"['Comedy', 'Family']",2.38,17
31689,12228,Inside Deep Throat,History|Documentary,"['History', 'Documentary']",3.22,25
90578,69668,Dream House,Drama|Thriller|Mystery,"['Drama', 'Thriller', 'Mystery']",2.92,18
3790,23655,Groove,Drama|Music|Romance,"['Drama', 'Music', 'Romance']",2.72,16
89072,52015,Stake Land,Drama|Horror|Action|Thriller|Science Fiction,"['Drama', 'Horror', 'Action', 'Thriller', 'Science Fiction']",2.97,19
5636,9260,Welcome to Collinwood,Comedy,['Comedy'],2.91,29
96917,82505,House at the End of the Street,Horror|Thriller,"['Horror', 'Thriller']",2.41,17
4566,25678,American Ninja 2: The Confrontation,Action|Adventure|Drama,"['Action', 'Adventure', 'Drama']",2.13,23
4266,12484,The Forsaken,Action|Adventure|Horror|Thriller,"['Action', 'Adventure', 'Horror', 'Thriller']",2.71,19
98373,85446,Step Up Revolution,Music|Drama|Romance,"['Music', 'Drama', 'Romance']",2.73,13
95067,72358,A Thousand Words,Drama|Comedy,"['Drama', 'Comedy']",3.21,17
84613,48340,Sanctum,Action|Thriller,"['Action', 'Thriller']",2.69,16
4758,14033,Soul Survivors,Horror|Mystery|Thriller,"['Horror', 'Mystery', 'Thriller']",1.96,14
5883,16028,They,Horror|Thriller,"['Horror', 'Thriller']",2.22,18
70361,17134,12 Rounds,Action|Adventure|Drama|Thriller,"['Action', 'Adventure', 'Drama', 'Thriller']",2.33,18
97950,97430,The Man with the Iron Fists,Action,['Action'],2.52,23
84950,50725,Take Me Home Tonight,Comedy|Drama|Romance,"['Comedy', 'Drama', 'Romance']",2.65,17
31223,6439,Racing Stripes,Comedy,['Comedy'],2.61,22
115147,239571,The Best of Me,Drama|Romance,"['Drama', 'Romance']",3.82,14
36533,10092,Cry_Wolf,Horror|Thriller,"['Horror', 'Thriller']",2.58,13
6886,9839,Beyond Borders,Drama|Romance|Adventure|War,"['Drama', 'Romance', 'Adventure', 'War']",2.9,25
112497,226486,Tammy,Comedy,['Comedy'],2.14,18
96314,84184,Celeste & Jesse Forever,Comedy|Drama|Romance,"['Comedy', 'Drama', 'Romance']",3.14,21
96121,82696,Hope Springs,Drama|Comedy|Romance,"['Drama', 'Comedy', 'Romance']",3.03,16
124859,284536,The Gambler,Thriller|Crime|Drama,"['Thriller', 'Crime', 'Drama']",2.98,21
78679,37414,The Killer Inside Me,Crime|Drama|Thriller,"['Crime', 'Drama', 'Thriller']",3.46,23
44399,10067,The Shaggy Dog,Comedy|Family,"['Comedy', 'Family']",2.12,16
91386,65759,Happy Feet Two,Animation|Comedy|Family,"['Animation', 'Comedy', 'Family']",2.84,16
32589,14177,Beauty Shop,Comedy|Romance,"['Comedy', 'Romance']",2.37,15
5675,12779,Swept Away,Comedy|Romance,"['Comedy', 'Romance']",1.53,19
71325,25643,Love Happens,Drama|Romance,"['Drama', 'Romance']",2.66,16
49276,9809,Let's Go to Prison,Comedy|Crime,"['Comedy', 'Crime']",2.66,28
8782,14623,Thunderbirds,Action|Adventure|Comedy|Family|Fantasy|Science Fiction,"['Action', 'Adventure', 'Comedy', 'Family', 'Fantasy', 'Science Fiction']",1.95,19
110297,145220,Muppets Most Wanted,Comedy|Adventure|Crime|Family,"['Comedy', 'Adventure', 'Crime', 'Family']",2.82,22
101137,102362,Dead Man Down,Thriller|Action|Crime|Drama,"['Thriller', 'Action', 'Crime', 'Drama']",3.0,26
51660,14624,The Ultimate Gift,Romance|Drama|Family,"['Romance', 'Drama', 'Family']",2.65,10
63540,14405,Beverly Hills Chihuahua,Adventure|Comedy|Family,"['Adventure', 'Comedy', 'Family']",1.62,12
5443,35696,Juwanna Mann,Comedy|Drama,"['Comedy', 'Drama']",1.75,16
54686,9703,The Last Legion,Action|Adventure|Fantasy|War,"['Action', 'Adventure', 'Fantasy', 'War']",2.71,21
48596,8975,The Marine,Action|Adventure|Drama|Thriller,"['Action', 'Adventure', 'Drama', 'Thriller']",2.12,12
88118,66195,The Perfect Host,Comedy|Thriller|Crime,"['Comedy', 'Thriller', 'Crime']",3.24,25
129428,268238,The Second Best Exotic Marigold Hotel,Drama|Comedy,"['Drama', 'Comedy']",3.0,8
115534,242512,Ouija,Horror,['Horror'],2.43,14
152061,146198,Triple 9,Action|Thriller,"['Action', 'Thriller']",2.94,18
135530,302156,Criminal,Action,['Action'],3.02,23
3792,32275,Duel in the Sun,Western,['Western'],3.0,15
99957,98357,Broken City,Thriller|Crime|Drama,"['Thriller', 'Crime', 'Drama']",2.81,21
4401,15875,Donovan's Reef,Adventure|Comedy|Romance,"['Adventure', 'Comedy', 'Romance']",3.23,15
39307,12920,Dreamer: Inspired By a True Story,Drama|Family,"['Drama', 'Family']",3.11,14
71573,22787,Whiteout,Action|Crime|Mystery|Thriller,"['Action', 'Crime', 'Mystery', 'Thriller']",2.44,27
8918,16358,Eulogy,Comedy|Drama,"['Comedy', 'Drama']",3.11,18
57223,10253,Dragon Wars: D-War,Fantasy|Drama|Horror|Action|Thriller|Science Fiction,"['Fantasy', 'Drama', 'Horror', 'Action', 'Thriller', 'Science Fiction']",1.42,24
51174,12271,Factory Girl,Drama,['Drama'],2.97,17
117871,256917,The Water Diviner,War|Drama,"['War', 'Drama']",3.21,21
109243,157847,Joe,Drama,['Drama'],3.32,14
60832,12192,Pathology,Crime|Horror|Thriller,"['Crime', 'Horror', 'Thriller']",2.5,14
3797,36047,The In Crowd,Thriller,['Thriller'],2.65,13
59306,8617,Prom Night,Crime|Horror,"['Crime', 'Horror']",1.88,20
45382,7870,Down in the Valley,Drama|Romance,"['Drama', 'Romance']",3.21,21
2809,15122,Love Stinks,Comedy|Romance,"['Comedy', 'Romance']",2.33,18
4164,25208,The Caveman's Valentine,Drama|Mystery|Thriller,"['Drama', 'Mystery', 'Thriller']",2.9,20
53002,13159,Georgia Rule,Comedy|Drama|Romance,"['Comedy', 'Drama', 'Romance']",2.29,19
6735,16323,The Rose,Drama|Music|Romance,"['Drama', 'Music', 'Romance']",2.61,18
4772,22617,Dinner Rush,Drama|Action|Thriller,"['Drama', 'Action', 'Thriller']",3.38,16
1583,17834,A Simple Wish,Adventure|Comedy|Family|Fantasy,"['Adventure', 'Comedy', 'Family', 'Fantasy']",2.0,13
88108,59860,Monte Carlo,Adventure|Comedy|Romance,"['Adventure', 'Comedy', 'Romance']",2.6,10
6981,48035,Ordet,Drama,['Drama'],3.68,19
137595,264999,Magic Mike XXL,Comedy|Drama|Music,"['Comedy', 'Drama', 'Music']",2.25,18
96565,84174,Bachelorette,Comedy|Romance,"['Comedy', 'Romance']",2.71,12
60948,13996,Bottle Shock,Comedy|Drama,"['Comedy', 'Drama']",3.29,24
92264,54054,One for the Money,Action|Comedy|Crime,"['Action', 'Comedy', 'Crime']",2.08,19
5745,25113,The Four Seasons,Comedy|Drama|Romance,"['Comedy', 'Drama', 'Romance']",3.25,14
73860,33511,Nowhere Boy,Drama,['Drama'],3.0,19
127196,250124,The Diary of a Teenage Girl,Drama|Romance,"['Drama', 'Romance']",3.62,12
6547,32235,Northfork,Fantasy|Drama|Science Fiction,"['Fantasy', 'Drama', 'Science Fiction']",3.15,17
53466,14043,Nancy Drew,Action|Adventure|Crime|Family|Mystery|Thriller,"['Action', 'Adventure', 'Crime', 'Family', 'Mystery', 'Thriller']",2.62,16
7636,13937,Raising Cain,Drama|Horror|Thriller|Crime,"['Drama', 'Horror', 'Thriller', 'Crime']",2.72,23
90645,61891,Anonymous,Drama|History|Thriller,"['Drama', 'History', 'Thriller']",3.28,20
89002,56288,Spy Kids: All the Time in the World,Family|Comedy|Action,"['Family', 'Comedy', 'Action']",1.88,12
7243,3059,Intolerance,Drama,['Drama'],3.3,15
112946,231576,Wish I Was Here,Drama|Comedy,"['Drama', 'Comedy']",3.0,17
86059,50359,Hop,Animation|Comedy|Family,"['Animation', 'Comedy', 'Family']",2.5,13
57520,6933,One Missed Call,Horror|Mystery|Thriller,"['Horror', 'Mystery', 'Thriller']",2.29,17
2767,91076,Illuminata,Drama,['Drama'],2.5,9
89535,73532,Le Havre,Drama|Comedy,"['Drama', 'Comedy']",3.63,19
157338,316152,Free State of Jones,War|Action|Drama|History|Thriller,"['War', 'Action', 'Drama', 'History', 'Thriller']",3.43,21
3884,19150,The Crew,Action|Comedy,"['Action', 'Comedy']",2.23,28
55098,7913,Rang De Basanti,Drama,['Drama'],3.39,9
50796,10075,Blood and Chocolate,Drama|Fantasy|Horror|Romance,"['Drama', 'Fantasy', 'Horror', 'Romance']",2.33,12
87079,44945,Trust,Crime|Drama|Thriller,"['Crime', 'Drama', 'Thriller']",3.27,11
151777,300673,The Finest Hours,Action|Drama|History|Thriller,"['Action', 'Drama', 'History', 'Thriller']",3.16,16
151315,323675,Ride Along 2,Action|Comedy,"['Action', 'Comedy']",3.21,12
92243,76758,The Flowers of War,Drama|History|War,"['Drama', 'History', 'War']",3.69,16
3903,77332,Urbania,Romance|Drama,"['Romance', 'Drama']",2.9,10
60141,10748,St. Trinian's,Comedy|Family|Science Fiction,"['Comedy', 'Family', 'Science Fiction']",2.69,18
59738,9022,All the Boys Love Mandy Lane,Horror|Mystery|Thriller,"['Horror', 'Mystery', 'Thriller']",2.4,20
8196,5722,Beyond the Valley of the Dolls,Comedy|Drama|Thriller,"['Comedy', 'Drama', 'Thriller']",3.28,18
4822,34549,Max Keeble's Big Move,Comedy|Family|Fantasy|Science Fiction,"['Comedy', 'Family', 'Fantasy', 'Science Fiction']",2.23,15
4189,2428,The Greatest Story Ever Told,Drama|History,"['Drama', 'History']",3.12,16
60939,10187,Swing Vote,Drama|Comedy,"['Drama', 'Comedy']",2.65,23
81817,43434,Carlos,Crime|Drama|Thriller|History,"['Crime', 'Drama', 'Thriller', 'History']",3.78,16
129370,228165,The SpongeBob Movie: Sponge Out of Water,Animation|Adventure|Comedy|Family,"['Animation', 'Adventure', 'Comedy', 'Family']",2.74,19
2128,16155,Safe Men,Comedy|Crime,"['Comedy', 'Crime']",2.62,12
5596,34086,Spaced Invaders,Comedy|Family|Science Fiction,"['Comedy', 'Family', 'Science Fiction']",2.23,26
27857,464,As It Is in Heaven,Romance|Drama|Comedy|Music,"['Romance', 'Drama', 'Comedy', 'Music']",4.25,10
128488,265208,Wild Card,Thriller|Crime|Drama,"['Thriller', 'Crime', 'Drama']",2.69,16
47261,9782,The Night Listener,Drama|Thriller,"['Drama', 'Thriller']",2.71,21
31700,17880,Because of Winn-Dixie,Comedy|Drama|Family,"['Comedy', 'Drama', 'Family']",2.3,10
80880,44113,Stone,Drama,['Drama'],2.55,21
157312,323676,The Boss,Comedy,['Comedy'],2.65,20
140529,283445,Sinister 2,Horror,['Horror'],2.25,14
5448,17710,Hey Arnold! The Movie,Animation|Family,"['Animation', 'Family']",2.46,14
5531,15070,Undisputed,Action|Adventure|Drama|Thriller,"['Action', 'Adventure', 'Drama', 'Thriller']",3.09,23
89074,58492,The Greatest Movie Ever Sold,Comedy|Documentary,"['Comedy', 'Documentary']",3.35,13
106030,190847,The Last Days on Mars,Science Fiction|Thriller|Horror,"['Science Fiction', 'Thriller', 'Horror']",2.52,20
5199,14729,The Long Riders,Western|History,"['Western', 'History']",3.25,20
94813,93856,Chernobyl Diaries,Horror|Thriller,"['Horror', 'Thriller']",2.79,12
109191,137321,Winter's Tale,Drama|Fantasy|Mystery|Romance,"['Drama', 'Fantasy', 'Mystery', 'Romance']",2.98,23
26148,3482,The Train,Action|Drama|Thriller|War,"['Action', 'Drama', 'Thriller', 'War']",3.47,18
73804,2395,Asterix at the Olympic Games,Fantasy|Adventure|Comedy|Family,"['Fantasy', 'Adventure', 'Comedy', 'Family']",2.69,18
67252,16353,Ong Bak 2,Adventure|Action|Thriller,"['Adventure', 'Action', 'Thriller']",2.98,23
68963,16899,Easy Virtue,Comedy|Romance,"['Comedy', 'Romance']",3.03,17
72762,4597,Armored,Action|Crime|Drama|Thriller,"['Action', 'Crime', 'Drama', 'Thriller']",2.45,21
25763,905,Pandora's Box,Drama|Thriller|Romance,"['Drama', 'Thriller', 'Romance']",4.5,11
5482,18357,The Country Bears,Adventure|Comedy|Family,"['Adventure', 'Comedy', 'Family']",2.38,12
3390,58048,Shanghai Surprise,Adventure,['Adventure'],1.68,17
6041,9045,Amen.,Drama|History,"['Drama', 'History']",3.46,14
66427,1961,My Name Is Bruce,Comedy|Horror,"['Comedy', 'Horror']",2.82,17
4268,24113,Town & Country,Comedy|Romance,"['Comedy', 'Romance']",1.71,19
105742,162903,The Fifth Estate,Drama|Thriller,"['Drama', 'Thriller']",2.57,14
26393,38985,Sorcerer,Action|Thriller|Adventure,"['Action', 'Thriller', 'Adventure']",3.63,19
57536,14220,Strange Wilderness,Comedy,['Comedy'],2.11,19
102088,44865,The Grandmaster,Action|Drama|History,"['Action', 'Drama', 'History']",3.06,17
5170,13950,All About the Benjamins,Action|Adventure|Comedy,"['Action', 'Adventure', 'Comedy']",2.47,19
77240,41110,I Am Love,Drama|Romance,"['Drama', 'Romance']",3.34,19
55116,5353,The Hunting Party,Action|Adventure|Thriller|Drama,"['Action', 'Adventure', 'Thriller', 'Drama']",2.93,7
76317,36419,After.Life,Drama|Horror|Mystery|Thriller,"['Drama', 'Horror', 'Mystery', 'Thriller']",2.15,20
95488,83770,On the Road,Adventure|Drama,"['Adventure', 'Drama']",3.07,14
89028,46261,Don't Be Afraid of the Dark,Fantasy|Horror|Thriller,"['Fantasy', 'Horror', 'Thriller']",2.72,18
5829,34341,Men with Brooms,Comedy,['Comedy'],3.19,8
66304,15189,Hotel for Dogs,Comedy|Family,"['Comedy', 'Family']",2.21,12
111387,192132,Palo Alto,Drama,['Drama'],3.19,8
476,59930,The Inkwell,Comedy|Drama|Romance,"['Comedy', 'Drama', 'Romance']",2.94,8
99574,133694,Promised Land,Drama,['Drama'],2.77,15
57538,13160,Over Her Dead Body,Comedy,['Comedy'],2.33,18
83270,46138,Made in Dagenham,Comedy|Drama|History,"['Comedy', 'Drama', 'History']",3.56,16
50147,9656,Black Christmas,Horror|Thriller,"['Horror', 'Thriller']",1.92,12
118354,245916,Kill the Messenger,Thriller|Crime|Drama|Mystery,"['Thriller', 'Crime', 'Drama', 'Mystery']",3.47,17
99470,134597,The Collection,Horror|Thriller,"['Horror', 'Thriller']",2.87,15
49282,9969,Deck the Halls,Comedy|Family,"['Comedy', 'Family']",2.03,17
31114,25350,Imaginary Heroes,Comedy|Drama,"['Comedy', 'Drama']",3.5,8
6325,19153,The Real Cancun,Documentary,['Documentary'],1.97,18
112450,180296,They Came Together,Comedy,['Comedy'],2.59,23
6571,54580,Mondays in the Sun,Drama,['Drama'],3.65,13
5815,10167,Half Past Dead,Crime|Action|Thriller,"['Crime', 'Action', 'Thriller']",2.28,18
8859,31117,Superbabies: Baby Geniuses 2,Comedy|Family,"['Comedy', 'Family']",1.0,9
5817,16351,Ararat,War|Drama,"['War', 'Drama']",3.33,12
93164,77495,Sleep Tight,Thriller,['Thriller'],2.86,11
115824,245700,Mr. Turner,History|Drama,"['History', 'Drama']",3.38,12
112727,184346,Deliver Us from Evil,Thriller|Crime|Horror,"['Thriller', 'Crime', 'Horror']",2.96,13
62799,14325,The Express,Drama,['Drama'],3.42,13
82173,47607,Tiny Furniture,Romance|Comedy|Drama,"['Romance', 'Comedy', 'Drama']",2.78,18
8446,18712,Sands of Iwo Jima,Action|Drama|History|War,"['Action', 'Drama', 'History', 'War']",3.4,15
114033,216282,Into the Storm,Action|Thriller,"['Action', 'Thriller']",2.89,18
87785,22907,Takers,Action|Crime|Drama|Thriller,"['Action', 'Crime', 'Drama', 'Thriller']",2.77,15
55020,13173,The Ten,Comedy,['Comedy'],2.64,18
59715,10885,Shutter,Horror|Mystery|Thriller,"['Horror', 'Mystery', 'Thriller']",2.44,18
4950,14854,Lone Wolf McQuade,Action|Crime|Drama|Romance|Thriller|Western,"['Action', 'Crime', 'Drama', 'Romance', 'Thriller', 'Western']",2.67,12
31687,13682,Pooh's Heffalump Movie,Animation|Family,"['Animation', 'Family']",2.0,10
7437,15673,Connie and Carla,Comedy,['Comedy'],2.56,17
27664,12703,The Brown Bunny,Drama,['Drama'],2.36,14
8835,15644,Paparazzi,Action|Drama|Thriller,"['Action', 'Drama', 'Thriller']",2.25,12
96430,71864,The Odd Life of Timothy Green,Fantasy|Drama|Comedy|Family,"['Fantasy', 'Drama', 'Comedy', 'Family']",3.0,15
48598,9672,Infamous,Drama,['Drama'],3.25,16
91571,101173,Coriolanus,Drama|Thriller,"['Drama', 'Thriller']",2.92,25
109072,144336,Sabotage,Action|Drama|Thriller|Crime,"['Action', 'Drama', 'Thriller', 'Crime']",2.47,18
130956,181283,Child 44,Crime|Thriller,"['Crime', 'Thriller']",2.86,22
50447,13551,The Dead Girl,Mystery|Drama|Crime|Thriller,"['Mystery', 'Drama', 'Crime', 'Thriller']",3.15,20
48342,15624,Conversations with Other Women,Drama|Romance,"['Drama', 'Romance']",3.6,15
47978,13075,Sherrybaby,Drama,['Drama'],3.31,13
2305,37532,Slam,Drama,['Drama'],3.62,13
64114,14438,Fireproof,Drama,['Drama'],2.41,16
5184,10935,Heaven's Gate,Action|Drama|History|Western,"['Action', 'Drama', 'History', 'Western']",2.62,16
7014,10413,Nowhere to Run,Action|Adventure|Drama|Thriller,"['Action', 'Adventure', 'Drama', 'Thriller']",2.97,19
41724,29595,Wal-Mart: The High Cost of Low Price,Documentary,['Documentary'],2.96,14
69324,8883,Flame & Citron,Crime|Drama|History|War,"['Crime', 'Drama', 'History', 'War']",3.31,13
129707,243940,The Lazarus Effect,Thriller|Horror,"['Thriller', 'Horror']",2.43,21
96490,77883,The Possession,Horror|Thriller,"['Horror', 'Thriller']",2.38,12
88950,60309,The Conspirator,Crime|Drama|History,"['Crime', 'Drama', 'History']",3.61,19
4685,24126,Warlock: The Armageddon,Fantasy|Horror|Science Fiction,"['Fantasy', 'Horror', 'Science Fiction']",2.5,15
90624,45610,Machine Gun Preacher,Action|Thriller|Crime,"['Action', 'Thriller', 'Crime']",3.16,19
103219,103620,Maniac,Horror,['Horror'],2.85,17
1493,76996,Love and Other Catastrophes,Comedy|Romance,"['Comedy', 'Romance']",3.0,9
4162,39180,See Spot Run,Action|Comedy|Family,"['Action', 'Comedy', 'Family']",1.47,16
54075,13491,Arn: The Knight Templar,Action|Adventure|Drama|Romance,"['Action', 'Adventure', 'Drama', 'Romance']",3.36,7
57370,12085,Mad Money,Action|Comedy|Crime,"['Action', 'Comedy', 'Crime']",2.5,10
4949,15983,Invasion U.S.A.,Action|Thriller,"['Action', 'Thriller']",2.42,19
83374,46528,The Warrior's Way,Adventure|Fantasy|Action|Western|Thriller,"['Adventure', 'Fantasy', 'Action', 'Western', 'Thriller']",3.0,22
79463,35019,Nanny McPhee and the Big Bang,Comedy|Fantasy,"['Comedy', 'Fantasy']",3.04,12
3820,16110,Thomas and the Magic Railroad,Animation|Drama|Family|Science Fiction,"['Animation', 'Drama', 'Family', 'Science Fiction']",1.42,12
1825,19848,The Players Club,Drama,['Drama'],2.44,9
105351,146238,Runner Runner,Crime|Thriller|Drama,"['Crime', 'Thriller', 'Drama']",2.65,13
90914,62630,The Devil's Double,Drama|Action|Thriller|Crime|War,"['Drama', 'Action', 'Thriller', 'Crime', 'War']",3.35,17
33826,25248,Saint Ralph,Comedy|Drama,"['Comedy', 'Drama']",3.78,9
70282,20856,Aliens in the Attic,Adventure|Comedy|Family|Fantasy|Science Fiction,"['Adventure', 'Comedy', 'Family', 'Fantasy', 'Science Fiction']",2.54,14
103055,87567,The Big Wedding,Comedy,['Comedy'],2.33,12
5664,37964,Brown Sugar,Comedy|Romance,"['Comedy', 'Romance']",2.62,20
7157,19187,The Hebrew Hammer,Action|Comedy,"['Action', 'Comedy']",2.62,21
1563,47686,Dream with the Fishes,Comedy,['Comedy'],2.32,11
47384,14113,Zoom,Family|Fantasy|Comedy,"['Family', 'Fantasy', 'Comedy']",2.46,13
155743,302688,My Big Fat Greek Wedding 2,Romance|Comedy|Family,"['Romance', 'Comedy', 'Family']",2.73,11
6642,13154,Showdown in Little Tokyo,Action|Thriller,"['Action', 'Thriller']",2.46,12
85790,57120,Meek's Cutoff,Drama|Western,"['Drama', 'Western']",3.42,20
26198,27983,"Yours, Mine and Ours",Comedy|Drama|Family,"['Comedy', 'Drama', 'Family']",3.38,8
7093,987,The Front Page,Romance|Drama|Comedy,"['Romance', 'Drama', 'Comedy']",3.59,11
8938,1435,Tarnation,Documentary|Drama,"['Documentary', 'Drama']",3.32,20
3239,75531,Isn't She Great,Drama|Comedy,"['Drama', 'Comedy']",1.96,13
8642,9893,Sleepover,Comedy|Family,"['Comedy', 'Family']",2.22,9
58492,14054,Snow Angels,Drama|Romance,"['Drama', 'Romance']",3.29,19
40574,10060,Get Rich or Die Tryin',Drama,['Drama'],3.3,10
142032,287948,The Transporter Refueled,Thriller|Action|Crime,"['Thriller', 'Action', 'Crime']",2.5,14
4985,24264,Sheena,Action|Adventure|Comedy|Fantasy|Science Fiction,"['Action', 'Adventure', 'Comedy', 'Fantasy', 'Science Fiction']",1.88,16
107702,64807,Grudge Match,Comedy,['Comedy'],2.53,16
44729,15639,Larry the Cable Guy: Health Inspector,Comedy,['Comedy'],2.13,15
114392,264656,The Homesman,Western|Drama,"['Western', 'Drama']",3.54,14
32009,16186,Diary of a Mad Black Woman,Comedy|Drama|Romance,"['Comedy', 'Drama', 'Romance']",2.86,11
58876,8988,Stop-Loss,Drama|War,"['Drama', 'War']",3.55,21
104076,77931,The Smurfs 2,Fantasy|Family|Comedy|Animation,"['Fantasy', 'Family', 'Comedy', 'Animation']",2.17,6
2678,41730,Desert Blue,Comedy|Drama,"['Comedy', 'Drama']",2.18,11
3318,25212,Deterrence,Action|Drama|Mystery|Thriller,"['Action', 'Drama', 'Mystery', 'Thriller']",3.0,12
47830,9813,The Quiet,Drama|Thriller,"['Drama', 'Thriller']",2.68,14
147847,257088,Point Break,Action|Crime|Thriller,"['Action', 'Crime', 'Thriller']",2.56,17
2189,51942,I Married a Strange Person!,Drama|Comedy|Animation,"['Drama', 'Comedy', 'Animation']",3.09,17
115381,218778,"Alexander and the Terrible, Horrible, No Good, Very Bad Day",Family|Comedy,"['Family', 'Comedy']",3.2,5
3403,24575,Raise the Titanic,Action|Drama|Thriller,"['Action', 'Drama', 'Thriller']",2.71,14
5235,13006,Split Second,Thriller|Action|Horror|Science Fiction|Crime,"['Thriller', 'Action', 'Horror', 'Science Fiction', 'Crime']",2.97,15
85261,50321,Mars Needs Moms,Adventure|Animation|Family,"['Adventure', 'Animation', 'Family']",2.29,17
62577,14914,Flash of Genius,Drama,['Drama'],3.23,15
46572,18191,Edmond,Drama|Thriller,"['Drama', 'Thriller']",2.92,19
6518,18886,Flight of the Intruder,Action|Adventure|Drama|Thriller,"['Action', 'Adventure', 'Drama', 'Thriller']",2.96,12
122888,271969,Ben-Hur,Drama,['Drama'],2.59,16
103107,159014,20 Feet from Stardom,Documentary|Music,"['Documentary', 'Music']",3.17,6
58432,8944,What Just Happened,Comedy|Drama,"['Comedy', 'Drama']",2.81,18
47394,15049,Bon Cop Bad Cop,Action|Comedy|Crime,"['Action', 'Comedy', 'Crime']",3.17,6
3240,20468,The Big Tease,Comedy|Foreign,"['Comedy', 'Foreign']",2.72,9
1679,31535,Chairman of the Board,Comedy,['Comedy'],1.11,9
99106,82687,The Guilt Trip,Comedy,['Comedy'],2.79,12
2674,15059,The Loss of Sexual Innocence,Drama,['Drama'],2.95,10
51903,14434,I Think I Love My Wife,Comedy|Romance,"['Comedy', 'Romance']",2.59,16
58879,7944,Shine a Light,Documentary|Music,"['Documentary', 'Music']",3.19,16
1926,65203,The Broadway Melody,Drama|Music|Romance,"['Drama', 'Music', 'Romance']",2.94,9
43914,14256,Winter Passing,Comedy|Drama,"['Comedy', 'Drama']",3.0,16
78774,36691,Solitary Man,Comedy|Drama|Romance,"['Comedy', 'Drama', 'Romance']",2.96,14
91671,55301,Alvin and the Chipmunks: Chipwrecked,Comedy|Fantasy|Family|Music|Animation,"['Comedy', 'Fantasy', 'Family', 'Music', 'Animation']",2.06,9
50158,1931,Stomp the Yard,Drama|Music,"['Drama', 'Music']",2.3,10
43908,7515,London,Drama|Action|Romance,"['Drama', 'Action', 'Romance']",2.5,16
66639,15268,Street Fighter: The Legend of Chun-Li,Action|Adventure|Science Fiction|Thriller,"['Action', 'Adventure', 'Science Fiction', 'Thriller']",1.91,17
32584,17113,The Ballad of Jack and Rose,Drama,['Drama'],3.28,18
108780,130150,Labor Day,Drama,['Drama'],3.39,14
56001,6639,Love in the Time of Cholera,Drama|Romance,"['Drama', 'Romance']",2.68,11
70565,19905,"The Goods: Live Hard, Sell Hard",Comedy,['Comedy'],2.66,16
33421,10913,Dear Wendy,Comedy|Crime|Drama|Romance,"['Comedy', 'Crime', 'Drama', 'Romance']",2.68,19
26391,12637,"New York, New York",Drama|Music|Romance,"['Drama', 'Music', 'Romance']",3.7,15
82053,45324,Casino Jack,Crime|Comedy|Drama,"['Crime', 'Comedy', 'Drama']",2.94,17
102070,84204,Grabbers,Science Fiction|Comedy|Thriller|Horror,"['Science Fiction', 'Comedy', 'Thriller', 'Horror']",3.06,16
100611,68179,Escape from Planet Earth,Animation|Comedy|Adventure|Family|Science Fiction,"['Animation', 'Comedy', 'Adventure', 'Family', 'Science Fiction']",2.96,13
96367,109513,Hit & Run,Action|Comedy|Romance,"['Action', 'Comedy', 'Romance']",3.08,13
98054,127493,Stolen,Action|Crime|Drama|Thriller,"['Action', 'Crime', 'Drama', 'Thriller']",2.81,13
6245,42618,Sweet Charity,Comedy|Drama|Music|Romance,"['Comedy', 'Drama', 'Music', 'Romance']",3.25,14
48522,9978,Stormbreaker,Adventure|Action|Family,"['Adventure', 'Action', 'Family']",2.67,9
6334,46989,Blue Car,Drama,['Drama'],3.07,14
89102,43942,Freakonomics,Documentary,['Documentary'],3.17,6
61361,13972,The Women,Comedy|Drama|Romance,"['Comedy', 'Drama', 'Romance']",2.6,15
6892,30141,The Singing Detective,Comedy|Music|Mystery|Crime,"['Comedy', 'Music', 'Mystery', 'Crime']",2.61,14
6260,29912,The Robe,Drama,['Drama'],2.8,10
70932,23049,My Life in Ruins,Comedy|Romance,"['Comedy', 'Romance']",2.32,14
54768,14144,Daddy Day Camp,Comedy|Family,"['Comedy', 'Family']",2.46,12
43832,20981,The Call of Cthulhu,Horror|Thriller|Fantasy,"['Horror', 'Thriller', 'Fantasy']",3.59,11
33838,2287,Rize,Documentary,['Documentary'],3.5,17
91483,70074,Bullet to the Head,Action|Crime|Thriller,"['Action', 'Crime', 'Thriller']",2.73,13
7383,14576,Shade,Action|Thriller|Crime,"['Action', 'Thriller', 'Crime']",3.0,12
78116,40247,Please Give,Comedy|Drama,"['Comedy', 'Drama']",3.36,14
165503,374461,Mr. Church,Drama,['Drama'],3.38,8
64229,14299,Cadillac Records,Drama|History|Music,"['Drama', 'History', 'Music']",3.41,17
118924,284296,Top Five,Drama|Comedy,"['Drama', 'Comedy']",3.23,13
50149,5393,Happily N'Ever After,Animation|Comedy|Family|Fantasy|Science Fiction,"['Animation', 'Comedy', 'Family', 'Fantasy', 'Science Fiction']",2.66,16
107769,227348,Paranormal Activity: The Marked Ones,Horror|Thriller,"['Horror', 'Thriller']",2.06,8
89650,38543,Ironclad,Romance|Adventure|Action|History,"['Romance', 'Adventure', 'Action', 'History']",3.0,17
106240,175574,Free Birds,Animation|Comedy|Family,"['Animation', 'Comedy', 'Family']",2.29,7
6583,21512,The Blood of Heroes,Action|Adventure|Science Fiction,"['Action', 'Adventure', 'Science Fiction']",3.85,13
91673,73873,Albert Nobbs,Drama,['Drama'],2.83,15
7897,23330,The Ballad of Cable Hogue,Action|Comedy|Western,"['Action', 'Comedy', 'Western']",3.26,21
112316,209451,Jersey Boys,Music|Drama,"['Music', 'Drama']",2.56,8
99220,121826,Quartet,Drama|Comedy|Romance,"['Drama', 'Comedy', 'Romance']",3.85,10
7266,18841,The Lost Skeleton of Cadavra,Comedy|Horror|Science Fiction,"['Comedy', 'Horror', 'Science Fiction']",3.17,15
94558,50037,Beyond the Black Rainbow,Fantasy|Science Fiction|Horror,"['Fantasy', 'Science Fiction', 'Horror']",3.07,15
98296,97614,Deadfall,Crime|Drama|Thriller,"['Crime', 'Drama', 'Thriller']",2.69,13
60649,11802,Space Chimps,Animation|Family,"['Animation', 'Family']",2.29,12
150294,329440,The Forest,Horror|Thriller,"['Horror', 'Thriller']",2.43,14
71878,19904,The Stepfather,Horror|Thriller|Mystery,"['Horror', 'Thriller', 'Mystery']",2.23,13
8534,1997,Two Brothers,Adventure|Drama|Family,"['Adventure', 'Drama', 'Family']",3.25,10
4227,20322,The Brothers,Comedy|Drama|Romance,"['Comedy', 'Drama', 'Romance']",2.72,9
83177,41515,Yogi Bear,Comedy|Family|Animation|Adventure,"['Comedy', 'Family', 'Animation', 'Adventure']",2.0,19
133832,171424,The Green Inferno,Action|Adventure|Horror|Thriller,"['Action', 'Adventure', 'Horror', 'Thriller']",2.83,15
1822,40688,Meet the Deedles,Animation|Comedy|Family,"['Animation', 'Comedy', 'Family']",1.6,15
48879,1123,Catch a Fire,Action|Drama|Thriller,"['Action', 'Drama', 'Thriller']",3.14,14
5768,16471,Modern Problems,Comedy,['Comedy'],2.28,9
133782,287424,Maggie,Horror,['Horror'],2.52,26
1677,61337,Critical Care,Comedy|Drama,"['Comedy', 'Drama']",2.65,10
76054,36970,Oceans,Documentary|Family,"['Documentary', 'Family']",3.82,11
49524,2447,The Nativity Story,Drama|History,"['Drama', 'History']",3.21,14
110130,227783,The Nut Job,Animation|Comedy|Family|Adventure,"['Animation', 'Comedy', 'Family', 'Adventure']",2.36,7
4804,248,Pocketful of Miracles,Comedy|Drama,"['Comedy', 'Drama']",3.44,8
56633,13250,Butterfly on a Wheel,Crime|Drama|Thriller,"['Crime', 'Drama', 'Thriller']",3.07,7
132496,256924,Danny Collins,Comedy|Drama|Music,"['Comedy', 'Drama', 'Music']",3.19,8
72703,12404,Me and Orson Welles,Comedy|Drama|Romance,"['Comedy', 'Drama', 'Romance']",3.18,11
52724,1950,Lucky You,Drama|Romance,"['Drama', 'Romance']",2.41,11
111251,152599,The Immigrant,Drama|Romance,"['Drama', 'Romance']",3.33,12
140525,290751,Secret in Their Eyes,Crime|Drama|Mystery,"['Crime', 'Drama', 'Mystery']",3.14,11
81385,46332,Of Gods and Men,Drama|History,"['Drama', 'History']",3.45,10
163056,315011,Shin Godzilla,Action|Adventure|Drama|Horror|Science Fiction,"['Action', 'Adventure', 'Drama', 'Horror', 'Science Fiction']",3.25,10
120132,196867,Annie,Comedy|Drama|Family,"['Comedy', 'Drama', 'Family']",2.0,10
59440,12586,Bella,Drama|Romance,"['Drama', 'Romance']",3.31,8
132798,241257,Regression,Horror|Mystery|Thriller,"['Horror', 'Mystery', 'Thriller']",2.62,13
110295,188207,The Legend of Hercules,Action|Adventure,"['Action', 'Adventure']",2.06,17
80844,27374,Lake Mungo,Horror|Thriller,"['Horror', 'Thriller']",2.55,11
1853,78149,"An Alan Smithee Film: Burn, Hollywood, Burn",Comedy,['Comedy'],1.14,11
4453,24977,Michael Jordan to the Max,Documentary,['Documentary'],3.0,7
48711,18925,Facing the Giants,Drama,['Drama'],2.64,7
96975,80271,LOL,Drama|Comedy|Romance,"['Drama', 'Comedy', 'Romance']",3.4,5
109742,175291,Cheap Thrills,Drama|Comedy|Crime,"['Drama', 'Comedy', 'Crime']",3.54,13
71571,26688,Sorority Row,Horror|Mystery|Thriller,"['Horror', 'Mystery', 'Thriller']",2.17,9
134246,334074,Survivor,Thriller,['Thriller'],2.9,10
49666,18615,Fur: An Imaginary Portrait of Diane Arbus,Drama|Mystery|Romance,"['Drama', 'Mystery', 'Romance']",2.83,9
87028,49950,The Roommate,Thriller|Drama|Horror,"['Thriller', 'Drama', 'Horror']",2.1,10
93265,72213,Courageous,Drama,['Drama'],3.12,8
75425,29426,Survival of the Dead,Horror|Science Fiction,"['Horror', 'Science Fiction']",1.96,14
47778,64499,Quinceañera,Drama,['Drama'],3.64,11
54612,13074,Resurrecting the Champ,Drama,['Drama'],3.17,6
130578,266396,The Gunman,Action|Drama|Crime,"['Action', 'Drama', 'Crime']",2.32,11
89388,70868,I Don't Know How She Does It,Romance|Comedy,"['Romance', 'Comedy']",1.83,6
7315,8842,Against the Ropes,Romance|Drama,"['Romance', 'Drama']",2.42,18
91972,38541,The Divide,Science Fiction,['Science Fiction'],2.61,14
92234,72431,Red Tails,Drama|Action|Adventure|History|War,"['Drama', 'Action', 'Adventure', 'History', 'War']",2.65,10
93693,80304,Casa De Mi Padre,Comedy|Western,"['Comedy', 'Western']",2.11,18
7262,20483,Catch That Kid,Family|Action|Adventure,"['Family', 'Action', 'Adventure']",2.64,18
57792,7973,Caramel,Drama|Comedy|Romance,"['Drama', 'Comedy', 'Romance']",3.19,8
92944,77459,A Monster in Paris,Adventure|Animation|Comedy|Family|Fantasy,"['Adventure', 'Animation', 'Comedy', 'Family', 'Fantasy']",2.68,14
54934,10071,The Brothers Solomon,Comedy,['Comedy'],2.65,17
57421,11908,Hatchet,Comedy|Horror,"['Comedy', 'Horror']",2.7,10
89490,64639,Straw Dogs,Drama|Thriller,"['Drama', 'Thriller']",2.43,14
80617,39691,Cats & Dogs 2 : The Revenge of Kitty Galore,Comedy|Family,"['Comedy', 'Family']",2.0,10
90428,44754,Margaret,Drama,['Drama'],3.23,15
73027,36811,The Last Station,Drama|Romance,"['Drama', 'Romance']",3.06,16
4204,33676,Losin' It,Comedy,['Comedy'],2.39,9
6330,11458,People I Know,Drama|Thriller,"['Drama', 'Thriller']",2.72,9
60735,12247,Shotgun Stories,Drama|Thriller,"['Drama', 'Thriller']",3.5,13
6769,321,Mambo Italiano,Comedy|Romance,"['Comedy', 'Romance']",2.5,11
1878,58680,Woo,Comedy|Romance,"['Comedy', 'Romance']",1.44,9
141648,301351,We Are Your Friends,Drama|Music|Romance,"['Drama', 'Music', 'Romance']",3.1,5
88468,12819,Alpha and Omega,Family|Animation,"['Family', 'Animation']",1.86,7
32234,42222,Julia,Drama,['Drama'],3.54,14
99721,76617,Texas Chainsaw 3D,Horror|Thriller,"['Horror', 'Thriller']",2.1,10
6948,21525,Tupac: Resurrection,Music|Documentary,"['Music', 'Documentary']",2.32,11
101529,127867,The Brass Teapot,Comedy|Fantasy|Thriller,"['Comedy', 'Fantasy', 'Thriller']",3.31,13
94323,67660,Think Like a Man,Comedy|Romance,"['Comedy', 'Romance']",2.43,7
70641,19556,Miss March,Comedy|Romance,"['Comedy', 'Romance']",2.21,14
109189,226857,Endless Love,Drama|Romance,"['Drama', 'Romance']",4.0,4
86014,60307,Diary of a Wimpy Kid: Rodrick Rules,Family|Comedy,"['Family', 'Comedy']",3.43,7
71537,28665,Fame,Music|Comedy|Drama|Romance,"['Music', 'Comedy', 'Drama', 'Romance']",2.42,18
84242,31007,Welcome to the Rileys,Drama,['Drama'],3.44,9
4759,25462,Two Can Play That Game,Comedy|Romance,"['Comedy', 'Romance']",2.59,11
93723,82533,Damsels in Distress,Comedy|Romance,"['Comedy', 'Romance']",3.32,14
93819,74777,Absentia,Mystery|Horror|Thriller,"['Mystery', 'Horror', 'Thriller']",3.0,7
54094,11404,Driving Lessons,Drama|Comedy,"['Drama', 'Comedy']",3.41,11
91886,62837,Dolphin Tale,Drama|Family,"['Drama', 'Family']",3.4,5
4729,26665,Aberdeen,Drama|Comedy|Foreign,"['Drama', 'Comedy', 'Foreign']",3.0,10
58622,14014,The Hammer,Comedy,['Comedy'],3.5,9
81164,45650,The Hole,Thriller|Adventure|Fantasy,"['Thriller', 'Adventure', 'Fantasy']",2.67,12
8460,27686,State Fair,Music|Romance,"['Music', 'Romance']",2.59,11
50259,26518,Old Joy,Drama,['Drama'],3.17,9
3905,29015,The Specials,Action|Comedy,"['Action', 'Comedy']",3.29,12
136204,310569,The Second Mother,Drama,['Drama'],3.6,10
4252,13898,The Circle,Drama|Foreign,"['Drama', 'Foreign']",3.3,15
31408,342,Summer Storm,Comedy|Drama,"['Comedy', 'Drama']",3.7,5
5424,27451,Harvard Man,Drama,['Drama'],2.29,12
74131,27569,Extraordinary Measures,Drama,['Drama'],2.43,7
99787,139038,A Haunted House,Comedy|Horror,"['Comedy', 'Horror']",2.17,9
5550,39833,Love Me Tender,Drama|Action|Western|Music|Romance,"['Drama', 'Action', 'Western', 'Music', 'Romance']",2.36,11
8502,17820,Show Boat,Music|Romance,"['Music', 'Romance']",2.81,8
5347,13201,Deuces Wild,Action|Crime|Drama|Romance,"['Action', 'Crime', 'Drama', 'Romance']",2.41,11
8056,26268,Harper,Action|Drama|Thriller|Crime|Mystery,"['Action', 'Drama', 'Thriller', 'Crime', 'Mystery']",3.2,10
2865,142132,Sugar Town,Comedy,['Comedy'],2.86,11
108825,157841,The Young and Prodigious T.S. Spivet,Adventure|Drama|Family,"['Adventure', 'Drama', 'Family']",3.28,9
104712,211954,Instructions Not Included,Comedy|Drama,"['Comedy', 'Drama']",3.42,6
97462,57089,Hoodwinked Too! Hood VS. Evil,Comedy|Animation|Family,"['Comedy', 'Animation', 'Family']",3.5,3
97742,94348,Alex Cross,Action|Thriller|Crime|Mystery,"['Action', 'Thriller', 'Crime', 'Mystery']",2.5,10
69304,19724,Imagine That,Comedy,['Comedy'],2.85,10
72224,22820,Gentlemen Broncos,Action|Comedy|Thriller,"['Action', 'Comedy', 'Thriller']",2.87,15
110826,254473,Brick Mansions,Action|Crime|Drama,"['Action', 'Crime', 'Drama']",2.45,11
2715,133575,The Velocity of Gary,Drama|Romance,"['Drama', 'Romance']",2.72,9
152071,323677,Race,Action|Drama,"['Action', 'Drama']",3.29,7
4895,13408,The Wash,Action|Comedy,"['Action', 'Comedy']",2.22,9
35015,15907,Duma,Adventure|Drama|Family,"['Adventure', 'Drama', 'Family']",3.81,8
5935,11564,Class of 1984,Action|Drama|Horror|Crime|Thriller,"['Action', 'Drama', 'Horror', 'Crime', 'Thriller']",3.17,9
91831,76487,The Devil Inside,Thriller|Horror,"['Thriller', 'Horror']",2.1,10
58652,13688,CJ7,Comedy|Drama|Family|Fantasy|Science Fiction,"['Comedy', 'Drama', 'Family', 'Fantasy', 'Science Fiction']",2.64,11
6311,16651,The Other Side of Heaven,Action|Adventure|Drama|Family,"['Action', 'Adventure', 'Drama', 'Family']",3.5,5
5513,20337,Martin Lawrence Live: Runteldat,Comedy,['Comedy'],2.3,10
113207,239566,Get on Up,Drama|Music,"['Drama', 'Music']",3.5,7
115414,218043,Left Behind,Thriller|Action|Science Fiction,"['Thriller', 'Action', 'Science Fiction']",1.88,8
129737,239573,Unfinished Business,Comedy,['Comedy'],2.36,14
2914,44857,Molly,Drama|Comedy|Romance,"['Drama', 'Comedy', 'Romance']",1.8,10
110322,192134,Dom Hemingway,Comedy|Crime|Drama,"['Comedy', 'Crime', 'Drama']",3.17,6
58485,28260,Return of the Living Dead 3,Comedy|Science Fiction|Romance|Horror,"['Comedy', 'Science Fiction', 'Romance', 'Horror']",1.86,14
8855,17994,Witchboard,Horror,['Horror'],2.5,7
98975,125490,Antiviral,Science Fiction|Horror,"['Science Fiction', 'Horror']",2.81,13
47793,24055,The Puffy Chair,Drama|Comedy|Romance,"['Drama', 'Comedy', 'Romance']",3.05,10
56060,12555,I Served the King of England,Comedy|Drama,"['Comedy', 'Drama']",3.41,11
33136,24363,House of D,Comedy|Drama,"['Comedy', 'Drama']",2.71,12
61991,12412,Miracle at St. Anna,Drama|War,"['Drama', 'War']",2.61,14
59107,13079,The Life Before Her Eyes,Thriller|Drama|Mystery,"['Thriller', 'Drama', 'Mystery']",2.7,5
4831,40932,Can't Stop the Music,Comedy|Music,"['Comedy', 'Music']",2.08,13
8779,14652,Bon voyage,Comedy|Drama|Foreign,"['Comedy', 'Drama', 'Foreign']",2.83,12
60020,14392,The Warlords,Action|Drama|History,"['Action', 'Drama', 'History']",3.12,12
3050,19052,Light It Up,Drama|Thriller,"['Drama', 'Thriller']",2.17,15
46919,14120,End of the Spear,Adventure|Drama,"['Adventure', 'Drama']",3.06,9
70898,25704,Post Grad,Comedy,['Comedy'],1.88,8
91505,59457,Womb,Romance|Science Fiction,"['Romance', 'Science Fiction']",4.07,7
59684,44260,Lake of Fire,Documentary,['Documentary'],4.5,7
84570,45272,Country Strong,Drama|Romance,"['Drama', 'Romance']",2.36,11
90474,71157,Polisse,Drama,['Drama'],3.5,8
73664,10800,Dragon Hunters,Animation|Family,"['Animation', 'Family']",3.25,8
46574,14474,The Oh in Ohio,Comedy|Drama|Romance,"['Comedy', 'Drama', 'Romance']",3.25,14
48791,14012,Flicka,Drama,['Drama'],2.5,8
71691,17622,Fifty Dead Men Walking,Action|Thriller,"['Action', 'Thriller']",3.0,6
50153,14396,Code Name: The Cleaner,Action|Comedy|Crime,"['Action', 'Comedy', 'Crime']",2.55,10
51520,15582,Teen Wolf Too,Comedy|Fantasy|Family,"['Comedy', 'Fantasy', 'Family']",1.82,14
100436,127918,The Gatekeepers,Documentary,['Documentary'],3.91,11
72980,25968,Veronika Decides to Die,Drama|Romance,"['Drama', 'Romance']",2.38,8
96501,48034,Little White Lies,Comedy|Drama,"['Comedy', 'Drama']",3.25,4
4962,13503,Texas Rangers,Action|Western,"['Action', 'Western']",2.8,10
93954,92182,Silent House,Horror|Mystery,"['Horror', 'Mystery']",3.17,9
135504,256962,Little Boy,Comedy|Drama|War,"['Comedy', 'Drama', 'War']",3.45,10
6326,31932,City of Ghosts,Thriller,['Thriller'],2.94,9
79572,38843,Ramona and Beezus,Comedy|Family,"['Comedy', 'Family']",3.07,7
97832,82684,Chasing Mavericks,Drama,['Drama'],2.9,5
139575,256040,Baahubali: The Beginning,Action|Adventure|War|History,"['Action', 'Adventure', 'War', 'History']",2.8,5
145030,293646,The 33,Drama|History,"['Drama', 'History']",3.3,10
49642,18147,Unaccompanied Minors,Comedy|Family,"['Comedy', 'Family']",2.18,11
93980,76489,The Three Stooges,Comedy,['Comedy'],1.88,13
58706,32579,Under the Same Moon,Drama,['Drama'],3.83,3
60341,8847,Standard Operating Procedure,Documentary,['Documentary'],3.92,13
132112,253626,Good Kill,Action|Drama|Thriller,"['Action', 'Drama', 'Thriller']",3.0,9
40887,7301,Lonesome Jim,Comedy|Drama|Romance,"['Comedy', 'Drama', 'Romance']",2.97,15
33781,11620,Quo Vadis,Drama|History|Romance,"['Drama', 'History', 'Romance']",3.35,13
27537,10981,Nothing,Comedy|Fantasy|Science Fiction,"['Comedy', 'Fantasy', 'Science Fiction']",3.18,11
6366,55616,Dracula: Pages from a Virgin's Diary,Horror,['Horror'],2.88,8
60289,8359,Kit Kittredge: An American Girl,Comedy|Drama|Family,"['Comedy', 'Drama', 'Family']",2.95,10
2157,115872,The Chambermaid on the Titanic,Drama,['Drama'],3.17,6
70643,23367,Bandslam,Comedy|Drama|Family|Music,"['Comedy', 'Drama', 'Family', 'Music']",3.61,9
58494,8060,Married Life,Crime|Drama|Romance,"['Crime', 'Drama', 'Romance']",3.05,10
104631,111190,Adore,Drama,['Drama'],2.56,9
79541,31203,Little Nicholas,Comedy,['Comedy'],3.75,6
128592,241251,The Boy Next Door,Thriller,['Thriller'],2.23,13
6657,35073,"The Beast from 20,000 Fathoms",Adventure|Horror|Science Fiction,"['Adventure', 'Horror', 'Science Fiction']",3.25,8
89369,55720,A Better Life,Drama,['Drama'],3.36,7
61354,13991,College,Comedy,['Comedy'],1.9,10
43923,16781,Madea's Family Reunion,Drama|Comedy|Romance,"['Drama', 'Comedy', 'Romance']",2.44,8
50183,19344,Loving Annabelle,Drama|Romance,"['Drama', 'Romance']",1.79,7
82589,37080,Mother and Child,Drama|Romance,"['Drama', 'Romance']",3.67,6
94469,66125,Red Dog,Drama|Comedy|Family,"['Drama', 'Comedy', 'Family']",3.44,8
7378,19084,Johnson Family Vacation,Comedy|Family,"['Comedy', 'Family']",2.0,6
6689,21413,The Battle of Shaker Heights,Comedy|Drama|Romance,"['Comedy', 'Drama', 'Romance']",2.25,6
4176,13889,Madadayo,Drama,['Drama'],3.14,11
95237,68684,Detention,Horror|Comedy|Science Fiction,"['Horror', 'Comedy', 'Science Fiction']",3.65,10
116817,244403,Rudderless,Music|Drama|Comedy,"['Music', 'Drama', 'Comedy']",3.29,7
2175,161795,Déjà Vu,Romance|Drama,"['Romance', 'Drama']",2.94,8
157276,205588,Our Kind of Traitor,Thriller,['Thriller'],3.05,10
85399,38322,"Big Mommas: Like Father, Like Son",Crime|Comedy|Action,"['Crime', 'Comedy', 'Action']",1.33,6
66659,15670,Madea Goes to Jail,Comedy|Crime|Drama,"['Comedy', 'Crime', 'Drama']",2.11,9
91290,53457,Sarah's Key,Drama|War,"['Drama', 'War']",3.88,8
142372,10317,Our Brand Is Crisis,Comedy|Drama,"['Comedy', 'Drama']",3.0,6
42021,18840,The White Countess,Drama|History|Family|Romance,"['Drama', 'History', 'Family', 'Romance']",3.0,10
44949,18276,Hoot,Drama|Family,"['Drama', 'Family']",2.11,9
7477,10375,D-Tox,Action|Thriller,"['Action', 'Thriller']",2.17,9
47976,14057,Trust the Man,Comedy|Drama|Romance,"['Comedy', 'Drama', 'Romance']",2.6,10
8971,4251,Veer-Zaara,Drama|Romance,"['Drama', 'Romance']",3.0,4
5256,39541,Stolen Summer,Drama|Family|Comedy,"['Drama', 'Family', 'Comedy']",2.69,8
93578,81390,A Lonely Place to Die,Adventure|Action|Thriller|Crime,"['Adventure', 'Action', 'Thriller', 'Crime']",2.75,4
92665,84200,"For a Good Time, Call...",Comedy,['Comedy'],2.64,7
53788,13807,Exiled,Action|Crime|Thriller,"['Action', 'Crime', 'Thriller']",3.4,5
4691,42033,Def-Con 4,Science Fiction,['Science Fiction'],2.31,8
113071,238603,Earth to Echo,Family|Adventure|Science Fiction,"['Family', 'Adventure', 'Science Fiction']",2.31,13
142386,253450,The Assassin,Action|Drama|History,"['Action', 'Drama', 'History']",2.93,7
34767,25975,My Date with Drew,Documentary,['Documentary'],2.8,10
106839,192136,Mandela: Long Walk to Freedom,Drama|History,"['Drama', 'History']",2.75,4
1898,17044,The Land Girls,Drama|Romance|War,"['Drama', 'Romance', 'War']",2.5,5
99087,77875,Playing for Keeps,Comedy|Romance,"['Comedy', 'Romance']",2.43,7
55566,17202,Why Did I Get Married?,Comedy|Drama,"['Comedy', 'Drama']",2.1,10
1850,90414,"I Love You, Don't Touch Me!",Comedy|Romance,"['Comedy', 'Romance']",2.0,5
5880,15074,Extreme Ops,Action|Adventure|Drama|Thriller,"['Action', 'Adventure', 'Drama', 'Thriller']",1.91,11
44815,13960,ATL,Drama,['Drama'],3.17,6
81270,43931,My Soul to Take,Drama|Horror|Mystery|Thriller,"['Drama', 'Horror', 'Mystery', 'Thriller']",2.12,13
92335,78698,Big Miracle,Adventure|Drama|Romance,"['Adventure', 'Drama', 'Romance']",3.1,5
96590,77948,The Cold Light of Day,Action|Thriller,"['Action', 'Thriller']",2.25,8
79800,39800,Life During Wartime,Comedy|Drama,"['Comedy', 'Drama']",2.88,12
132456,21461,Lage Raho Munna Bhai,Comedy|Drama|Romance,"['Comedy', 'Drama', 'Romance']",2.0,3
4875,34043,On the Line,Comedy|Family|Romance,"['Comedy', 'Family', 'Romance']",1.39,9
47646,13816,Idlewild,Crime|Drama|Music,"['Crime', 'Drama', 'Music']",2.43,7
65817,13429,Donkey Punch,Horror|Drama|Thriller|Crime,"['Horror', 'Drama', 'Thriller', 'Crime']",2.28,9
146900,336004,Heist,Crime|Action|Thriller,"['Crime', 'Action', 'Thriller']",2.75,6
133185,304410,The Bélier Family,Comedy|Drama|Music,"['Comedy', 'Drama', 'Music']",3.3,5
99415,88042,Parental Guidance,Comedy,['Comedy'],1.7,5
38583,10017,The Wraith,Romance|Science Fiction|Horror|Action|Crime,"['Romance', 'Science Fiction', 'Horror', 'Action', 'Crime']",2.55,11
69251,13856,Special,Drama|Fantasy|Science Fiction,"['Drama', 'Fantasy', 'Science Fiction']",3.11,14
65310,17287,Poultrygeist: Night of the Chicken Dead,Horror|Comedy,"['Horror', 'Comedy']",2.36,7
4879,10034,High Heels and Low Lifes,Action|Crime|Comedy,"['Action', 'Crime', 'Comedy']",2.06,9
4243,26791,Brigham City,Crime|Drama|Mystery|Thriller,"['Crime', 'Drama', 'Mystery', 'Thriller']",2.33,3
6848,30315,Kingdom of the Spiders,Horror|Science Fiction,"['Horror', 'Science Fiction']",2.4,5
105801,158752,Escape from Tomorrow,Horror|Fantasy,"['Horror', 'Fantasy']",2.14,11
2578,70687,The Sticky Fingers of Time,Science Fiction|Drama,"['Science Fiction', 'Drama']",3.33,6
68288,17436,The Informers,Drama,['Drama'],2.5,9
72630,20764,Sleep Dealer,Drama|Science Fiction|Thriller,"['Drama', 'Science Fiction', 'Thriller']",2.96,13
96283,82650,Diary of a Wimpy Kid: Dog Days,Comedy|Family,"['Comedy', 'Family']",2.75,8
3568,125537,Smiling Fish & Goat On Fire,Comedy|Romance,"['Comedy', 'Romance']",2.5,8
48600,15005,One Night with the King,Drama,['Drama'],2.75,8
58146,15365,Witless Protection,Action|Adventure|Comedy|Crime,"['Action', 'Adventure', 'Comedy', 'Crime']",0.75,4
59729,10822,Savage Grace,Drama,['Drama'],3.5,4
6871,21765,Good Boy!,Comedy|Family|Science Fiction,"['Comedy', 'Family', 'Science Fiction']",2.14,7
45525,9700,The Lost City,Drama|Romance,"['Drama', 'Romance']",2.45,10
41575,2008,The Promise,Fantasy|Drama|Action|Thriller|Romance,"['Fantasy', 'Drama', 'Action', 'Thriller', 'Romance']",3.31,8
92719,79940,Tim and Eric's Billion Dollar Movie,Comedy,['Comedy'],1.38,4
77665,38579,Marmaduke,Family|Comedy,"['Family', 'Comedy']",1.25,4
86244,29920,Easy Money,Drama|Thriller|Crime,"['Drama', 'Thriller', 'Crime']",3.38,8
55391,13197,10th & Wolf,Action|Crime|Drama|Mystery|Thriller,"['Action', 'Crime', 'Drama', 'Mystery', 'Thriller']",3.12,4
67839,16005,The Lucky Ones,Comedy|Drama|History,"['Comedy', 'Drama', 'History']",3.5,6
54978,13501,The Good Night,Comedy|Drama|Romance|Fantasy|Music,"['Comedy', 'Drama', 'Romance', 'Fantasy', 'Music']",3.17,9
52005,4657,Jindabyne,Crime|Drama|Mystery|Thriller,"['Crime', 'Drama', 'Mystery', 'Thriller']",2.79,7
110750,236751,Heaven is for Real,Drama,['Drama'],3.25,6
1659,125052,Hurricane Streets,Romance|Crime|Drama,"['Romance', 'Crime', 'Drama']",2.5,2
97324,134371,Atlas Shrugged Part II,Drama|Science Fiction|Mystery,"['Drama', 'Science Fiction', 'Mystery']",2.08,6
32314,48463,Incident at Loch Ness,Adventure|Comedy|Horror,"['Adventure', 'Comedy', 'Horror']",2.54,12
7152,41488,The Statement,Drama|Thriller,"['Drama', 'Thriller']",2.78,9
117456,241771,Beyond the Lights,Romance|Drama,"['Romance', 'Drama']",3.3,5
77820,35169,Furry Vengeance,Comedy,['Comedy'],1.0,4
155832,290825,Yoga Hosers,Comedy|Fantasy|Horror|Thriller,"['Comedy', 'Fantasy', 'Horror', 'Thriller']",2.5,12
138610,299245,The Gallows,Horror|Thriller,"['Horror', 'Thriller']",3.0,4
160644,340611,Indignation,Drama,['Drama'],3.11,9
151687,335778,Risen,Action,['Action'],2.69,8
66943,13849,The Cottage,Horror|Comedy|Crime|Thriller,"['Horror', 'Comedy', 'Crime', 'Thriller']",3.0,5
128832,206296,The Last Five Years,Comedy|Drama|Music|Romance,"['Comedy', 'Drama', 'Music', 'Romance']",3.3,5
150258,174751,Jane Got a Gun,Action|Drama|Western,"['Action', 'Drama', 'Western']",3.27,11
88380,43935,Dylan Dog: Dead of Night,Action|Comedy|Horror|Mystery|Science Fiction|Thriller,"['Action', 'Comedy', 'Horror', 'Mystery', 'Science Fiction', 'Thriller']",2.67,9
77316,21345,City of Life and Death,Drama|History|War,"['Drama', 'History', 'War']",3.77,11
8585,10448,Rapa Nui,Adventure,['Adventure'],3.0,6
100359,150202,The Haunting in Connecticut 2: Ghosts of Georgia,Horror|Drama|Thriller,"['Horror', 'Drama', 'Thriller']",2.75,2
6682,7504,Earth,Drama,['Drama'],2.62,8
37844,14544,Roll Bounce,Comedy|Drama|Family,"['Comedy', 'Drama', 'Family']",2.56,8
8871,26486,The Last Shot,Action|Comedy,"['Action', 'Comedy']",2.67,9
69873,10353,The Visitors II: The Corridors of Time,Comedy|Fantasy,"['Comedy', 'Fantasy']",2.9,5
6295,24621,Chasing Papi,Comedy|Romance,"['Comedy', 'Romance']",2.07,7
6563,24356,Masked and Anonymous,Drama|Music,"['Drama', 'Music']",2.19,8
4032,29122,An Everlasting Piece,Comedy|Crime,"['Comedy', 'Crime']",2.5,9
57949,13490,Welcome Home Roscoe Jenkins,Comedy|Drama,"['Comedy', 'Drama']",2.12,8
43926,24432,Doogal,Family,['Family'],2.1,5
40342,13994,Romance & Cigarettes,Comedy|Music|Romance,"['Comedy', 'Music', 'Romance']",2.44,9
116841,222649,Rosewater,Drama,['Drama'],3.4,5
118338,110402,Hard to Be a God,Drama|Science Fiction,"['Drama', 'Science Fiction']",1.92,6
147022,333348,Love the Coopers,Comedy|Family,"['Comedy', 'Family']",2.12,4
151933,339408,The Birth of a Nation,Drama,['Drama'],2.5,3
112303,184098,Think Like a Man Too,Comedy|Romance,"['Comedy', 'Romance']",2.33,3
6406,29514,Two Evil Eyes,Horror|Thriller,"['Horror', 'Thriller']",2.83,6
116893,206563,Trash,Adventure|Crime|Drama|Thriller,"['Adventure', 'Crime', 'Drama', 'Thriller']",3.4,5
4781,30379,Megiddo: The Omega Code 2,Action|Science Fiction|Thriller,"['Action', 'Science Fiction', 'Thriller']",2.4,5
1886,40505,I Got the Hook Up,Action|Comedy,"['Action', 'Comedy']",2.0,1
109372,222899,About Last Night,Comedy|Romance,"['Comedy', 'Romance']",3.25,4
6099,27380,Megaforce,Adventure|Action|Science Fiction,"['Adventure', 'Action', 'Science Fiction']",1.62,8
57393,4170,Trade,Drama|Thriller,"['Drama', 'Thriller']",3.25,4
93610,61984,Space Battleship Yamato,Science Fiction,['Science Fiction'],2.67,3
62586,13948,An American Carol,Comedy|Fantasy,"['Comedy', 'Fantasy']",2.0,5
2831,104896,A Dog Of Flanders,Drama|Family,"['Drama', 'Family']",2.5,2
60046,13405,The Children of Huang Shi,Drama|War,"['Drama', 'War']",3.33,6
2444,22913,24 7: Twenty Four Seven,Comedy|Drama|Romance,"['Comedy', 'Drama', 'Romance']",2.88,8
26051,27029,The Nun's Story,Drama,['Drama'],3.9,5
1567,34941,The Last Time I Committed Suicide,Drama,['Drama'],2.83,3
32988,39851,Clean,Drama,['Drama'],3.19,8
135135,272878,Max,Adventure|Drama|Family,"['Adventure', 'Drama', 'Family']",2.75,6
79226,39037,The Good Guy,Comedy|Romance,"['Comedy', 'Romance']",3.38,4
108220,159037,The Square,Documentary|Drama|History,"['Documentary', 'Drama', 'History']",3.2,5
7457,16428,Breakin' All the Rules,Comedy|Romance,"['Comedy', 'Romance']",2.0,5
2998,108346,Dreaming of Joseph Lees,Romance|Drama,"['Romance', 'Drama']",2.21,7
110773,184345,A Haunted House 2,Comedy|Horror,"['Comedy', 'Horror']",1.5,4
104760,146227,Getaway,Action|Crime,"['Action', 'Crime']",1.83,3
58743,13495,Alatriste,Action,['Action'],2.92,6
69842,14758,Good Dick,Comedy|Drama|Romance,"['Comedy', 'Drama', 'Romance']",1.0,1
7174,24034,Teacher's Pet,Animation|Drama|Family|Music,"['Animation', 'Drama', 'Family', 'Music']",3.0,9
68965,21724,Dance Flick,Action|Comedy|Music,"['Action', 'Comedy', 'Music']",1.75,6
52356,1590,Copying Beethoven,Drama,['Drama'],2.88,4
70093,22215,Cheri,Drama|Comedy|Romance,"['Drama', 'Comedy', 'Romance']",2.12,4
79230,22556,The Yellow Handkerchief,Drama|Romance,"['Drama', 'Romance']",3.12,4
60044,5759,Baghead,Drama|Comedy|Horror,"['Drama', 'Comedy', 'Horror']",2.85,10
129372,234212,Demonic,Thriller|Horror,"['Thriller', 'Horror']",2.5,1
89427,65055,Shark Night,Horror|Thriller,"['Horror', 'Thriller']",1.86,7
5045,33155,Galaxina,Comedy|Science Fiction,"['Comedy', 'Science Fiction']",1.25,6
5575,55903,Betty Fisher and Other Stories,Drama|Thriller|Crime|Foreign,"['Drama', 'Thriller', 'Crime', 'Foreign']",4.0,5
104431,98568,Enter Nowhere,Mystery|Science Fiction|Thriller,"['Mystery', 'Science Fiction', 'Thriller']",3.0,6
27830,24747,Bobby Jones: Stroke of Genius,Drama,['Drama'],2.5,6
41712,22908,A Room for Romeo Brass,Drama|Comedy|Foreign,"['Drama', 'Comedy', 'Foreign']",3.58,6
5196,26843,Lion of the Desert,Action|History|War,"['Action', 'History', 'War']",3.75,4
111320,252680,Moms' Night Out,Comedy,['Comedy'],0.75,2
25840,43867,The Prisoner of Zenda,Adventure|Drama|Romance,"['Adventure', 'Drama', 'Romance']",3.42,6
3322,47816,3 Strikes,Action|Comedy|Romance,"['Action', 'Comedy', 'Romance']",1.8,5
114760,244534,Happy Christmas,Comedy|Drama,"['Comedy', 'Drama']",2.5,5
56370,1874,Goodbye Bafana,History|Drama,"['History', 'Drama']",3.7,5
54621,21494,Moliere,Romance|Drama|Comedy,"['Romance', 'Drama', 'Comedy']",4.5,1
25959,25209,Annie Get Your Gun,Action|Comedy|Music|Romance|Western,"['Action', 'Comedy', 'Music', 'Romance', 'Western']",2.33,3
149186,351819,Fifty Shades of Black,Romance|Comedy,"['Romance', 'Comedy']",2.0,4
34045,11588,The I Inside,Thriller|Mystery|Science Fiction,"['Thriller', 'Mystery', 'Science Fiction']",3.0,3
131270,290864,Kung Fu Jungle,Crime|Action|Thriller,"['Crime', 'Action', 'Thriller']",2.5,1
2768,89861,Stiff Upper Lips,Comedy,['Comedy'],2.25,4
59910,45791,When Did You Last See Your Father?,Drama,['Drama'],3.19,8
155583,339984,Miracles from Heaven,Drama,['Drama'],2.62,4
117861,253331,Black or White,Drama,['Drama'],2.62,4
5761,38665,The Legend of the Lone Ranger,Action|Adventure|Romance|Western,"['Action', 'Adventure', 'Romance', 'Western']",1.8,5
101060,146203,The Last Exorcism Part II,Horror|Thriller,"['Horror', 'Thriller']",2.5,7
114182,136835,No Good Deed,Crime|Thriller,"['Crime', 'Thriller']",2.1,5
155074,330770,Evolution,Mystery|Drama|Horror,"['Mystery', 'Drama', 'Horror']",2.5,6
34314,33693,Funny Ha Ha,Drama|Comedy,"['Drama', 'Comedy']",3.58,6
83082,33870,Mao's Last Dancer,Drama|Romance,"['Drama', 'Romance']",4.0,6
6505,44562,Ed and His Dead Mother,Comedy,['Comedy'],2.7,5
151459,375290,Airlift,Thriller|Action|Drama|History,"['Thriller', 'Action', 'Drama', 'History']",1.75,2
108599,207769,Banshee Chapter,Horror|Thriller,"['Horror', 'Thriller']",3.0,2
74827,24424,Ajami,Crime|Drama,"['Crime', 'Drama']",3.2,5
101765,133698,Fly Me to the Moon,Comedy|Romance,"['Comedy', 'Romance']",0.5,1
72777,31909,Invaders from Mars,Science Fiction,['Science Fiction'],1.93,7
152515,298584,Cabin Fever,Horror,['Horror'],1.83,3
134775,300168,Dragon Blade,Action|Drama|Adventure,"['Action', 'Drama', 'Adventure']",3.21,7
3595,19489,Held Up,Comedy,['Comedy'],1.75,6
99633,116613,The Sweeney,Action|Drama|Crime,"['Action', 'Drama', 'Crime']",2.83,3
114849,241254,The Prince,Thriller|Action,"['Thriller', 'Action']",2.29,7
55517,13066,I Want Someone to Eat Cheese With,Comedy|Romance,"['Comedy', 'Romance']",2.79,7
140074,157544,The Vatican Tapes,Thriller|Horror,"['Thriller', 'Horror']",3.0,1
53133,15568,Gracie,Drama,['Drama'],2.3,5
5845,45226,The Pursuit of D.B. Cooper,Adventure|Crime|Thriller,"['Adventure', 'Crime', 'Thriller']",2.5,4
152976,354110,Forsaken,Western|Drama,"['Western', 'Drama']",2.83,3
141761,57876,Area 51,Horror|Thriller|Science Fiction,"['Horror', 'Thriller', 'Science Fiction']",1.57,7
88835,67675,Glee: The Concert Movie,Documentary|Music|Family,"['Documentary', 'Music', 'Family']",2.12,4
88237,66942,Griff the Invisible,Romance|Comedy|Drama,"['Romance', 'Comedy', 'Drama']",3.3,5
121155,181330,Kevin Hart: Let Me Explain,Comedy|Documentary,"['Comedy', 'Documentary']",2.71,7
5285,35944,Lucky Break,Action|Comedy,"['Action', 'Comedy']",3.3,5
82022,49787,The Reef,Drama|Horror|Thriller,"['Drama', 'Horror', 'Thriller']",2.75,4
63481,14655,Soul Men,Comedy|Music,"['Comedy', 'Music']",3.0,8
89194,51588,Prom,Comedy,['Comedy'],2.5,3
49330,14823,London to Brighton,Crime|Drama|Thriller,"['Crime', 'Drama', 'Thriller']",3.17,6
143237,306745,Freeheld,Romance|Drama,"['Romance', 'Drama']",2.75,6
46770,32740,Krrish,Action|Science Fiction,"['Action', 'Science Fiction']",3.0,1
25801,43595,She Done Him Wrong,Comedy,['Comedy'],2.89,9
31042,22301,Hell's Angels,Action|Drama|History,"['Action', 'Drama', 'History']",3.25,8
33832,25312,Yes,Drama|Romance,"['Drama', 'Romance']",3.21,7
65155,13827,"Surfer, Dude",Comedy,['Comedy'],3.0,1
6876,10930,The Flower of Evil,Drama,['Drama'],2.64,7
8407,42345,The Molly Maguires,Drama|History,"['Drama', 'History']",3.08,6
58324,15511,VeggieTales: The Pirates Who Don't Do Anything,Adventure|Animation|Comedy|Science Fiction|Family,"['Adventure', 'Animation', 'Comedy', 'Science Fiction', 'Family']",0.5,2
91873,63574,Joyful Noise,Comedy|Music,"['Comedy', 'Music']",2.69,8
55209,10425,The Death and Life of Bobby Z,Drama|Action|Thriller|Crime,"['Drama', 'Action', 'Thriller', 'Crime']",2.0,3
7814,33157,Waterloo,History|Action|Drama,"['History', 'Action', 'Drama']",2.5,2
6685,32316,Marci X,Comedy,['Comedy'],1.5,5
33629,13064,Airborne,Action|Adventure|Comedy,"['Action', 'Adventure', 'Comedy']",2.0,6
69809,16911,The Inhabited Island,Action|Fantasy|Science Fiction|Thriller,"['Action', 'Fantasy', 'Science Fiction', 'Thriller']",3.17,3
76119,15544,Extreme Movie,Comedy,['Comedy'],1.0,1
56511,11600,Redacted,Drama|War,"['Drama', 'War']",2.72,9
5819,36584,Interview with the Assassin,Drama|Thriller,"['Drama', 'Thriller']",2.5,2
74582,30128,I Hope They Serve Beer in Hell,Comedy|Drama,"['Comedy', 'Drama']",3.12,4
102245,95755,Small Apartments,Comedy|Crime,"['Comedy', 'Crime']",2.71,7
71533,18065,Next Day Air,Action|Comedy|Crime,"['Action', 'Comedy', 'Crime']",2.9,5
143239,314385,By the Sea,Drama|Romance,"['Drama', 'Romance']",3.0,4
57655,38007,Ira & Abby,Comedy|Romance,"['Comedy', 'Romance']",3.83,6
7192,15797,Only the Strong,Action,['Action'],2.5,6
85763,43418,Beneath Hill 60,Drama|History|War,"['Drama', 'History', 'War']",3.93,7
97966,118957,Bait,Action|Horror|Thriller,"['Action', 'Horror', 'Thriller']",2.33,6
26257,5822,Sweet Sweetback's Baadasssss Song,Action|Drama|Romance,"['Action', 'Drama', 'Romance']",2.78,9
95670,103370,Madea's Witness Protection,Drama|Comedy|Crime,"['Drama', 'Comedy', 'Crime']",1.9,5
95133,68818,Blackthorn,Adventure|Action|Western,"['Adventure', 'Action', 'Western']",3.33,3
44844,30139,Phat Girlz,Comedy|Romance,"['Comedy', 'Romance']",1.33,3
98175,73935,Vamps,Comedy|Romance|Horror,"['Comedy', 'Romance', 'Horror']",2.38,4
70695,14745,The Haunting of Molly Hartley,Drama|Horror,"['Drama', 'Horror']",1.83,6
119966,271185,Ask Me Anything,Drama|Mystery|Thriller,"['Drama', 'Mystery', 'Thriller']",2.75,4
2569,125123,Among Giants,Comedy|Romance,"['Comedy', 'Romance']",2.75,8
6207,21801,The Slaughter Rule,Drama,['Drama'],2.2,5
6487,24985,The Heart of Me,Drama|Romance,"['Drama', 'Romance']",3.67,3
77788,5178,The Good Heart,Drama|Comedy|Romance,"['Drama', 'Comedy', 'Romance']",3.1,5
157407,332411,I Am Wrath,Action|Crime|Drama|Thriller,"['Action', 'Crime', 'Drama', 'Thriller']",3.0,4
6055,39349,Sugar Hill,Drama|Action|Thriller,"['Drama', 'Action', 'Thriller']",2.5,2
7455,26899,The Mudge Boy,Drama,['Drama'],3.0,2
5789,31668,All The Queen's Men,Action|Comedy|Drama|History,"['Action', 'Comedy', 'Drama', 'History']",1.5,5
105715,38093,Just Wright,Comedy|Drama|Romance,"['Comedy', 'Drama', 'Romance']",2.88,4
108243,79316,Devil's Due,Horror,['Horror'],3.17,3
1903,51955,Hav Plenty,Action|Comedy|Romance|Science Fiction|Thriller,"['Action', 'Comedy', 'Romance', 'Science Fiction', 'Thriller']",2.33,3
8881,43839,Alexander's Ragtime Band,Drama|Music|Romance,"['Drama', 'Music', 'Romance']",3.4,5
27644,38970,"Remember Me, My Love",Drama|Comedy|Romance,"['Drama', 'Comedy', 'Romance']",3.33,3
60133,21074,Brick Lane,Drama,['Drama'],3.62,4
6053,29463,Krush Groove,Drama|Music|Romance,"['Drama', 'Music', 'Romance']",2.0,3
72718,29406,Trucker,Drama,['Drama'],3.08,6
5756,73247,Heartbeeps,Comedy|Romance|Family,"['Comedy', 'Romance', 'Family']",1.8,5
77672,27004,Ca$h,Crime|Thriller|Comedy,"['Crime', 'Thriller', 'Comedy']",2.75,6
38843,27759,55 Days at Peking,Action|Drama|History,"['Action', 'Drama', 'History']",1.88,4
103819,198062,Coffee Town,Comedy,['Comedy'],3.12,8
7170,26710,My Baby's Daddy,Comedy,['Comedy'],1.67,3
92841,16564,Winter in Wartime,Drama|History|War,"['Drama', 'History', 'War']",2.5,2
33823,45881,The Bridge of San Luis Rey,Romance|Drama,"['Romance', 'Drama']",2.75,2
96510,79694,The Apparition,Horror|Thriller,"['Horror', 'Thriller']",2.38,4
136471,74510,Kevin Hart: Laugh at My Pain,Comedy|Documentary,"['Comedy', 'Documentary']",2.07,7
3954,100975,Just Looking,Drama|Comedy,"['Drama', 'Comedy']",2.83,3
79929,39563,The Eclipse,Drama|Horror|Romance,"['Drama', 'Horror', 'Romance']",3.5,7
112749,253235,And So It Goes,Comedy|Drama|Romance,"['Comedy', 'Drama', 'Romance']",3.0,1
26737,36351,Light Sleeper,Drama|Crime,"['Drama', 'Crime']",3.38,4
130588,255343,Escobar: Paradise Lost,Thriller|Romance,"['Thriller', 'Romance']",3.0,3
74653,20083,Shinjuku Incident,Drama|Action|Thriller|Crime,"['Drama', 'Action', 'Thriller', 'Crime']",4.0,1
104408,101179,Truth or Dare,Horror|Thriller|Mystery,"['Horror', 'Thriller', 'Mystery']",2.5,2
5467,96238,Never Again,Comedy|Romance,"['Comedy', 'Romance']",2.5,3
81195,41009,Perrier’s Bounty,Action|Comedy|Crime|Drama,"['Action', 'Comedy', 'Crime', 'Drama']",2.83,6
47808,40769,Mutual Appreciation,Drama|Comedy,"['Drama', 'Comedy']",3.1,5
25751,3060,The Big Parade,Drama|Romance|War,"['Drama', 'Romance', 'War']",3.75,6
79187,32395,The Greatest,Drama,['Drama'],3.0,4
55154,13072,Brooklyn Rules,Drama|Action|Thriller,"['Drama', 'Action', 'Thriller']",2.5,6
26755,21338,Stone Cold,Action|Crime|Thriller,"['Action', 'Crime', 'Thriller']",2.0,4
56158,15250,This Christmas,Comedy|Drama,"['Comedy', 'Drama']",2.67,6
121135,78383,Nurse 3-D,Horror|Thriller,"['Horror', 'Thriller']",2.75,4
26142,29715,Major Dundee,War|Western,"['War', 'Western']",3.71,7
82005,47088,The Extra Man,Comedy,['Comedy'],1.33,3
70970,12410,Good,Drama,['Drama'],2.6,5
99143,94352,Cirque du Soleil: Worlds Away,Fantasy|Family,"['Fantasy', 'Family']",3.17,3
70465,22600,Gangster's Paradise: Jerusalema,Drama|Action|Crime|Foreign,"['Drama', 'Action', 'Crime', 'Foreign']",3.17,3
148683,367551,American Hero,Action|Comedy|Science Fiction,"['Action', 'Comedy', 'Science Fiction']",2.29,7
117194,227735,Dolphin Tale 2,Family|Drama,"['Family', 'Drama']",3.0,2
112245,159770,The Dirties,Drama,['Drama'],3.17,3
89997,60421,Circumstance,Drama,['Drama'],2.75,2
54268,15581,Who's Your Caddy?,Comedy,['Comedy'],1.25,2
107537,86331,Desire,Drama|Romance,"['Drama', 'Romance']",3.5,1
90421,62728,Brighton Rock,Drama|Thriller|Crime,"['Drama', 'Thriller', 'Crime']",3.5,2
118248,297596,Dying of the Light,Thriller|Drama,"['Thriller', 'Drama']",1.6,5
137563,254472,Stung,Comedy|Horror,"['Comedy', 'Horror']",2.9,5
92448,67911,Bucky Larson: Born to Be a Star,Comedy,['Comedy'],0.9,5
107557,82679,Fun Size,Comedy,['Comedy'],2.5,4
152838,257087,The Veil,Horror,['Horror'],2.62,4
110346,190955,Blood Ties,Thriller|Crime|Drama,"['Thriller', 'Crime', 'Drama']",3.88,4
126420,250066,American Heist,Action,['Action'],2.5,2
71821,25132,Shorts,Comedy|Family,"['Comedy', 'Family']",2.17,3
114035,283384,The Calling,Thriller,['Thriller'],3.0,1
66015,14582,Passchendaele,Drama|Romance|War|History,"['Drama', 'Romance', 'War', 'History']",1.5,1
94998,50601,5 Days of War,War|Drama,"['War', 'Drama']",1.8,5
90751,74536,The Son of No One,Drama|Thriller|Crime,"['Drama', 'Thriller', 'Crime']",2.62,4
60479,9783,Sublime,Horror|Thriller,"['Horror', 'Thriller']",1.62,4
5020,24206,Silent Trigger,Drama|Action|Thriller,"['Drama', 'Action', 'Thriller']",2.38,4
25944,35032,The Pirate,Music|Romance,"['Music', 'Romance']",3.83,3
6284,17995,DysFunktional Family,Comedy|Documentary,"['Comedy', 'Documentary']",2.33,6
158428,258509,Alvin and the Chipmunks: The Road Chip,Adventure|Animation|Comedy|Family,"['Adventure', 'Animation', 'Comedy', 'Family']",2.12,4
7248,27329,The Legend of Suriyothai,Drama|Foreign|History|War,"['Drama', 'Foreign', 'History', 'War']",3.25,2
92804,30596,Bodyguards and Assassins,Drama|Action|History,"['Drama', 'Action', 'History']",3.0,2
65300,16205,Jack Brooks: Monster Slayer,Action|Comedy|Horror,"['Action', 'Comedy', 'Horror']",2.83,3
108660,180383,Deceptive Practice: The Mysteries and Mentors of Ricky Jay,Documentary,['Documentary'],3.9,5
48704,28932,F.I.S.T.,Drama|Action,"['Drama', 'Action']",3.5,3
8736,39269,Out of the Blue,Drama,['Drama'],4.0,2
90868,50875,Higher Ground,Drama|Thriller,"['Drama', 'Thriller']",3.5,3
77818,43090,Gunless,Drama|Action|Comedy|Western,"['Drama', 'Action', 'Comedy', 'Western']",3.17,3
91707,79777,In the Land of Blood and Honey,Drama|Romance|War,"['Drama', 'Romance', 'War']",2.83,3
43762,1651,Mississippi Mermaid,Crime|Drama|Romance,"['Crime', 'Drama', 'Romance']",3.19,8
84834,14538,Three Kingdoms: Resurrection of the Dragon,Action|History|Drama,"['Action', 'History', 'Drama']",2.25,2
88194,27588,Forget Me Not,Drama|Horror|Romance,"['Drama', 'Horror', 'Romance']",2.25,2
106443,146304,The Best Man Holiday,Comedy,['Comedy'],2.75,2
8834,18475,The Cookout,Comedy|Drama,"['Comedy', 'Drama']",1.75,2
26775,45145,Johnny Suede,Comedy|Romance,"['Comedy', 'Romance']",1.25,2
71268,26367,I Can Do Bad All By Myself,Drama|Comedy,"['Drama', 'Comedy']",2.75,4
87499,35688,Why Did I Get Married Too?,Comedy|Romance,"['Comedy', 'Romance']",1.83,3
2127,118452,"First Love, Last Rites",Drama,['Drama'],2.83,3
27841,30973,The Visual Bible: The Gospel of John,Drama|History,"['Drama', 'History']",2.25,2
152228,373314,Misconduct,Drama|Thriller,"['Drama', 'Thriller']",4.0,3
116207,185567,Zulu,Crime|Drama|Thriller,"['Crime', 'Drama', 'Thriller']",4.5,1
162660,347126,God's Not Dead 2,Drama,['Drama'],0.5,1
143472,244316,Into the Grizzly Maze,Action|Horror|Thriller,"['Action', 'Horror', 'Thriller']",3.5,2
6647,40920,The Business of Fancydancing,Music|Drama,"['Music', 'Drama']",3.25,2
116215,52010,"Ultramarines: A Warhammer 40,000 Movie",Animation|Science Fiction,"['Animation', 'Science Fiction']",1.5,3
84532,44944,For Colored Girls,Drama,['Drama'],3.12,4
97059,101267,Katy Perry: Part of Me,Documentary|Music,"['Documentary', 'Music']",3.83,3
2235,69848,One Man's Hero,Western|Action|Drama|History,"['Western', 'Action', 'Drama', 'History']",3.0,3
147726,334527,Criminal Activities,Thriller|Crime|Drama,"['Thriller', 'Crime', 'Drama']",3.5,4
163006,184341,Hands of Stone,Drama,['Drama'],2.38,4
119948,300706,Let's Kill Ward's Wife,Comedy,['Comedy'],2.83,3
65357,29262,The House of Sand,Drama,['Drama'],4.25,2
87314,41382,Lottery Ticket,Comedy,['Comedy'],1.0,2
116261,36597,Wuthering Heights,Drama,['Drama'],3.7,5
57432,8875,Timber Falls,Horror|Thriller,"['Horror', 'Thriller']",3.67,3
52845,13569,Thr3e,Drama|Horror|Thriller,"['Drama', 'Horror', 'Thriller']",1.67,3
133710,245846,Strangerland,Drama|Thriller,"['Drama', 'Thriller']",2.33,3
63273,13516,Slacker Uprising,Documentary,['Documentary'],2.67,3
47907,41508,Fateless,War|Drama,"['War', 'Drama']",4.0,2
132068,283708,Far from Men,Drama|War,"['Drama', 'War']",3.7,5
54248,18632,A Dog's Breakfast,Comedy,['Comedy'],3.75,2
106883,174311,All Is Bright,Comedy|Drama,"['Comedy', 'Drama']",3.0,3
30896,19803,Underclassman,Action|Comedy,"['Action', 'Comedy']",2.33,6
135831,70006,Never Back Down 2: The Beatdown,Drama|Action,"['Drama', 'Action']",3.67,3
149670,20360,Namastey London,Drama|Foreign|Romance,"['Drama', 'Foreign', 'Romance']",0.5,1
132472,201132,Antarctica: A Year on Ice,Drama|Adventure|Documentary,"['Drama', 'Adventure', 'Documentary']",3.25,4
36511,17926,Undiscovered,Comedy|Romance,"['Comedy', 'Romance']",1.5,2
54783,14877,September Dawn,Drama|Action|History|Western|Romance,"['Drama', 'Action', 'History', 'Western', 'Romance']",1.62,4
87790,53256,Three,Romance|Drama|Comedy,"['Romance', 'Drama', 'Comedy']",3.0,1
74820,17277,The Fall of the Roman Empire,Drama|History,"['Drama', 'History']",3.0,2
86624,44555,"A Woman, a Gun and a Noodle Shop",Comedy|Drama|Thriller,"['Comedy', 'Drama', 'Thriller']",2.88,4
79994,37842,Wild Grass,Drama|Romance,"['Drama', 'Romance']",2.0,4
119224,175555,A Madea Christmas,Comedy|Drama,"['Comedy', 'Drama']",1.33,3
31290,27549,Beastmaster 2: Through the Portal of Time,Action|Adventure|Fantasy|Science Fiction,"['Action', 'Adventure', 'Fantasy', 'Science Fiction']",1.5,5
38867,12612,Freeze Frame,Thriller|Drama|Crime,"['Thriller', 'Drama', 'Crime']",2.25,2
33148,27360,King's Ransom,Comedy|Crime,"['Comedy', 'Crime']",1.25,2
121103,54518,Justin Bieber: Never Say Never,Documentary|Music|Family,"['Documentary', 'Music', 'Family']",1.12,4
163951,308529,Kickboxer: Vengeance,Action|Drama,"['Action', 'Drama']",2.7,5
115909,58626,The Hit List,Action|Thriller,"['Action', 'Thriller']",3.0,2
112288,259943,Coming Home,Drama,['Drama'],3.83,6
96941,126509,2016: Obama's America,Documentary,['Documentary'],1.5,1
81637,49953,A Turtle's Tale: Sammy's Adventures,Animation|Family,"['Animation', 'Family']",2.0,3
151927,334531,My All American,Drama,['Drama'],2.75,2
133731,118612,After,Mystery|Thriller,"['Mystery', 'Thriller']",2.25,4
134587,244783,Song One,Drama,['Drama'],3.0,1
114013,199933,Atlas Shrugged Part III: Who is John Galt?,Drama|Science Fiction|Mystery,"['Drama', 'Science Fiction', 'Mystery']",1.25,2
140773,251471,A LEGO Brickumentary,Documentary,['Documentary'],2.75,4
144636,320146,Creative Control,Drama|Science Fiction,"['Drama', 'Science Fiction']",2.93,7
31900,37232,Travellers and Magicians,Adventure|Drama|Foreign,"['Adventure', 'Drama', 'Foreign']",3.25,2
109897,235260,Son of God,Drama,['Drama'],2.0,1
48389,40862,Iraq for Sale: The War Profiteers,Documentary,['Documentary'],4.0,1
48957,43884,The Charge of the Light Brigade,Action|Adventure|Drama|War,"['Action', 'Adventure', 'Drama', 'War']",3.0,4
75404,34592,ZMD: Zombies of Mass Destruction,Horror,['Horror'],1.64,7
104728,164558,One Direction: This Is Us,Documentary|Music,"['Documentary', 'Music']",2.5,3
121023,208763,Forbidden Kingdom,Thriller|Adventure|Mystery|Fantasy,"['Thriller', 'Adventure', 'Mystery', 'Fantasy']",2.9,5
96849,88036,Sparkle,Drama|Music,"['Drama', 'Music']",2.3,5
39931,25763,Damnation Alley,Action|Adventure|Science Fiction,"['Action', 'Adventure', 'Science Fiction']",3.62,4
126919,217708,Of Horses and Men,Drama|Romance|Comedy,"['Drama', 'Romance', 'Comedy']",3.5,1
148634,340816,Christmas Eve,Romance|Comedy,"['Romance', 'Comedy']",1.83,3
2703,125263,Broken Vessels,Drama,['Drama'],3.17,3
8688,39209,Shalako,Western,['Western'],2.0,3
142226,331592,Listening,Drama|Thriller|Science Fiction,"['Drama', 'Thriller', 'Science Fiction']",4.25,4
97868,84318,The Other Dream Team,Documentary,['Documentary'],3.25,2
80763,27023,Saint John of Las Vegas,Comedy,['Comedy'],3.17,6
79723,44770,The Exploding Girl,Drama|Romance,"['Drama', 'Romance']",3.0,5
45508,15013,Wah-Wah,Drama,['Drama'],3.0,4
74480,17334,The Other End of the Line,Comedy|Romance,"['Comedy', 'Romance']",4.0,2
134777,132316,Jab Tak Hai Jaan,Drama|Romance,"['Drama', 'Romance']",2.5,1
162346,332285,Antibirth,Horror,['Horror'],1.5,4
3348,72086,The Night Visitor,Crime|Horror,"['Crime', 'Horror']",2.67,3
79430,40428,8: The Mormon Proposition,Documentary,['Documentary'],2.5,2
105620,175528,Baggage Claim,Comedy,['Comedy'],2.5,2
26638,48309,Prison,Crime|Drama|Horror|Thriller,"['Crime', 'Drama', 'Horror', 'Thriller']",3.0,2
133689,326284,Pound of Flesh,Action,['Action'],3.25,2
93946,91070,L!fe Happens,Comedy,['Comedy'],3.0,3
127305,230266,Miss Julie,Drama,['Drama'],2.5,3
102760,42151,Down Terrace,Drama|Action|Comedy,"['Drama', 'Action', 'Comedy']",2.7,5
115151,208869,Plastic,Drama|Action|Comedy|Crime,"['Drama', 'Action', 'Comedy', 'Crime']",3.5,1
78838,18530,The Cry of the Owl,Drama,['Drama'],2.0,1
142975,361159,Navy Seals vs. Zombies,Horror|Action,"['Horror', 'Action']",1.0,3
99487,86304,All Superheroes Must Die,Science Fiction|Thriller,"['Science Fiction', 'Thriller']",2.42,6
126393,290555,Wolves,Horror|Action,"['Horror', 'Action']",3.5,1
80487,40652,The Married Woman,Drama|Romance,"['Drama', 'Romance']",2.0,1
86604,52032,My Dog Tulip,Animation|Comedy|Drama,"['Animation', 'Comedy', 'Drama']",3.0,4
33150,29078,The Game of Their Lives,Drama,['Drama'],2.88,4
116169,44092,Reign of Assassins,History|Action,"['History', 'Action']",3.0,2
107958,153158,Underdogs,Animation|Adventure|Romance,"['Animation', 'Adventure', 'Romance']",3.5,2
61253,13579,The Longshots,Drama|Family,"['Drama', 'Family']",3.0,1
129845,270938,Falcon Rising,Adventure|Action,"['Adventure', 'Action']",3.5,3
50572,12183,The Wendell Baker Story,Comedy|Drama|Romance,"['Comedy', 'Drama', 'Romance']",1.25,2
120222,116977,Foodfight!,Animation|Action|Comedy|Family,"['Animation', 'Action', 'Comedy', 'Family']",0.5,2
72949,29697,Faith Like Potatoes,Drama,['Drama'],3.5,2
5860,47890,Sphinx,Adventure|Mystery|Thriller,"['Adventure', 'Mystery', 'Thriller']",3.0,1
126775,266034,The Blue Room,Drama|Crime|Thriller,"['Drama', 'Crime', 'Thriller']",3.0,3
97986,82631,Won't Back Down,Drama,['Drama'],3.25,2
111290,186935,Heli,Crime|Drama,"['Crime', 'Drama']",4.5,2
151789,301325,#Horror,Drama|Mystery|Horror|Thriller,"['Drama', 'Mystery', 'Horror', 'Thriller']",2.5,4
36436,44413,The Holy Girl,Drama|Foreign,"['Drama', 'Foreign']",3.6,5
36392,17186,Supercross,Action|Adventure|Drama|Romance,"['Action', 'Adventure', 'Drama', 'Romance']",1.5,3
116213,77951,Walking With Dinosaurs,Animation|Family|Adventure,"['Animation', 'Family', 'Adventure']",2.75,4
94917,36334,Deadline - U.S.A.,Crime|Drama,"['Crime', 'Drama']",3.5,5
1697,124606,Bang,Drama,['Drama'],2.62,4
144196,106845,Re-Kill,Horror|Science Fiction,"['Horror', 'Science Fiction']",1.17,6
146350,347548,Containment,Thriller|Horror|Science Fiction,"['Thriller', 'Horror', 'Science Fiction']",3.0,2
150322,26379,Paa,Drama|Family|Foreign,"['Drama', 'Family', 'Foreign']",0.5,1
136654,254024,The Face of an Angel,Thriller|Drama,"['Thriller', 'Drama']",2.5,2
32342,44634,Woman Thou Art Loosed,Drama,['Drama'],1.5,2
55343,13538,Straightheads,Thriller,['Thriller'],2.25,4
89590,30867,Scott Walker: 30 Century Man,Documentary|Music,"['Documentary', 'Music']",3.88,4
77736,45380,Crazy Stone,Action|Comedy,"['Action', 'Comedy']",3.5,1
75803,34563,Our Family Wedding,Comedy,['Comedy'],2.5,3
91450,56601,The Perfect Game,Drama|Family,"['Drama', 'Family']",3.0,3
57970,37003,U2 3D,Music|Documentary,"['Music', 'Documentary']",3.0,1
4747,46727,Speedway Junky,Romance|Drama|Crime,"['Romance', 'Drama', 'Crime']",2.38,4
114856,227707,The Adventurer: The Curse of the Midas Box,Fantasy|Adventure|Family,"['Fantasy', 'Adventure', 'Family']",3.5,2
104590,33196,Tidal Wave,Action|Adventure|Drama|Thriller,"['Action', 'Adventure', 'Drama', 'Thriller']",2.5,1
83334,22007,Train,Horror|Thriller,"['Horror', 'Thriller']",2.38,4
59116,14324,Virgin Territory,Adventure|Action|Comedy|Romance,"['Adventure', 'Action', 'Comedy', 'Romance']",2.79,7
52016,19495,Nomad: The Warrior,Action|History|War,"['Action', 'History', 'War']",2.75,2
55132,15976,The Bubble,Drama|Romance,"['Drama', 'Romance']",3.75,2
95296,96399,For Greater Glory - The True Story of Cristiada,History|Drama,"['History', 'Drama']",2.67,3
98755,76349,1911,Adventure|Drama|Action|History|War,"['Adventure', 'Drama', 'Action', 'History', 'War']",4.0,2
137900,316002,Accidental Love,Romance|Comedy,"['Romance', 'Comedy']",1.67,3
118876,172391,Khumba,Animation|Adventure|Family,"['Animation', 'Adventure', 'Family']",1.0,1
150272,331190,Captive,Crime|Drama|Thriller,"['Crime', 'Drama', 'Thriller']",2.0,3
127132,309503,Zipper,Thriller|Drama,"['Thriller', 'Drama']",3.5,1
131448,323967,Walter,Drama|Comedy,"['Drama', 'Comedy']",2.0,1
118862,137347,Closer to the Moon,Comedy|Drama,"['Comedy', 'Drama']",2.0,2
136857,312791,GirlHouse,Horror|Thriller,"['Horror', 'Thriller']",2.0,1
91010,60422,Another Happy Day,Comedy|Drama,"['Comedy', 'Drama']",1.5,2
94893,35691,Letters to God,Action|Drama|Family|Thriller,"['Action', 'Drama', 'Family', 'Thriller']",4.0,1
46788,31915,Prophecy,Horror|Science Fiction,"['Horror', 'Science Fiction']",2.75,2
53885,37985,The Trials Of Darryl Hunt,Documentary,['Documentary'],3.75,2
74647,22805,Motherhood,Comedy|Drama,"['Comedy', 'Drama']",1.25,2
78019,18516,Adam Resurrected,Drama|War,"['Drama', 'War']",2.12,4
86091,73191,The Nutcracker,Family|Fantasy|Music,"['Family', 'Fantasy', 'Music']",1.83,3
91688,51995,Salvation Boulevard,Comedy|Thriller|Action|Drama,"['Comedy', 'Thriller', 'Action', 'Drama']",2.0,1
25860,55604,Boom Town,Adventure|Drama|Romance,"['Adventure', 'Drama', 'Romance']",3.5,2
2954,65448,Penitentiary,Action|Drama,"['Action', 'Drama']",2.75,2
52858,49081,The Rocket: The Legend of Rocket Richard,Drama,['Drama'],3.25,2
79972,41248,The Girl on the Train,Drama|Romance,"['Drama', 'Romance']",2.17,3
122932,268171,Elsa & Fred,Comedy|Family|Romance,"['Comedy', 'Family', 'Romance']",3.0,1
132608,250349,Barbecue,Comedy,['Comedy'],2.0,1
85278,42819,The City of Your Final Destination,Drama,['Drama'],2.5,1
64652,20542,Delgo,Adventure|Fantasy|Animation|Comedy|Science Fiction|Family,"['Adventure', 'Fantasy', 'Animation', 'Comedy', 'Science Fiction', 'Family']",1.0,3
94965,45054,There Be Dragons,Drama,['Drama'],3.0,1
54254,7547,Come Early Morning,Drama|Romance,"['Drama', 'Romance']",3.33,3
150401,325173,Close Range,Crime|Action,"['Crime', 'Action']",1.5,1
26994,64559,The Swindle,Comedy|Crime|Thriller,"['Comedy', 'Crime', 'Thriller']",2.75,2
57530,16988,How She Move,Drama,['Drama'],2.5,3
151557,273899,Stonewall,Drama,['Drama'],3.0,1
84262,38033,Chain Letter,Horror|Thriller,"['Horror', 'Thriller']",2.25,2
82300,59917,Cotton Comes to Harlem,Action|Adventure,"['Action', 'Adventure']",3.5,1
105086,109417,Battle of the Year,Music|Drama,"['Music', 'Drama']",4.5,1
73109,40494,Trapeze,Drama,['Drama'],3.17,3
47815,14351,Crossover,Action|Adventure|Drama,"['Action', 'Adventure', 'Drama']",0.5,1
110649,25388,March or Die,Action|Adventure|Drama|War,"['Action', 'Adventure', 'Drama', 'War']",2.67,3
58610,79161,51 Birch Street,Documentary,['Documentary'],3.5,4
134643,9288,Dungeons & Dragons: Wrath of the Dragon God,Action|Adventure|Fantasy,"['Action', 'Adventure', 'Fantasy']",2.33,3
135506,309425,Do You Believe?,Fantasy|Drama,"['Fantasy', 'Drama']",3.5,1
4385,40880,Pandaemonium,Drama|Foreign,"['Drama', 'Foreign']",4.0,1
52548,18777,Slow Burn,Mystery|Crime|Drama|Thriller,"['Mystery', 'Crime', 'Drama', 'Thriller']",1.5,3
130630,227975,Futuro Beach,Drama,['Drama'],2.88,4
129350,165864,Hansel and Gretel Get Baked,Horror|Comedy,"['Horror', 'Comedy']",2.5,2
158390,396152,Restoration,Horror,['Horror'],1.0,1
127585,287524,Fear Clinic,Horror,['Horror'],4.0,1
104923,158895,This Is Martin Bonner,Drama,['Drama'],3.5,1
87000,42889,The Virginity Hit,Comedy,['Comedy'],2.0,1
58207,10844,Out of the Blue,Drama,['Drama'],2.75,4
93128,62116,Mozart's Sister,Drama,['Drama'],3.0,1
136576,182873,Green Street Hooligans: Underground,Action|Drama,"['Action', 'Drama']",2.12,4
134871,206197,The Sisterhood of Night,Mystery|Drama|Thriller,"['Mystery', 'Drama', 'Thriller']",4.25,2
88692,39806,Princess Kaiulani,Drama,['Drama'],3.0,2
6490,185465,Manito,Drama,['Drama'],4.0,1
100289,89750,"Pink Ribbons, Inc.",Documentary,['Documentary'],3.0,4
87964,44990,Breaking Upwards,Comedy|Romance,"['Comedy', 'Romance']",1.5,1
57426,15017,Blonde Ambition,Comedy|Romance,"['Comedy', 'Romance']",1.5,4
78640,24663,The Open Road,Comedy|Drama|Romance,"['Comedy', 'Drama', 'Romance']",2.0,1
50610,14137,Beer League,Comedy,['Comedy'],2.43,7
171737,14395,Kabhi Alvida Naa Kehna,Drama|Romance,"['Drama', 'Romance']",2.5,1
152089,378200,The Perfect Match,Comedy|Romance,"['Comedy', 'Romance']",2.0,1
140962,351043,Amnesiac,Thriller|Mystery|Drama|Horror,"['Thriller', 'Mystery', 'Drama', 'Horror']",3.25,2
136859,79698,The Lovers,Action|Adventure|Science Fiction|Romance,"['Action', 'Adventure', 'Science Fiction', 'Romance']",2.0,1
132422,278316,Da Sweet Blood of Jesus,Thriller|Comedy|Romance,"['Thriller', 'Comedy', 'Romance']",3.5,2
75950,24973,The Egyptian,History|Drama,"['History', 'Drama']",3.5,1
25890,43306,A Guy Named Joe,Drama|Romance|War,"['Drama', 'Romance', 'War']",3.0,1
160956,389425,Code of Honor,Action|Crime|Thriller,"['Action', 'Crime', 'Thriller']",1.5,2
80653,35219,The Missing Person,Comedy|Drama|Mystery|Thriller,"['Comedy', 'Drama', 'Mystery', 'Thriller']",1.0,1
33152,38717,Madison,Action|Adventure|Drama,"['Action', 'Adventure', 'Drama']",2.67,3
100038,83588,Middle of Nowhere,Drama,['Drama'],3.75,2
121182,72359,Peeples,Comedy,['Comedy'],2.5,1
79547,39303,2:13,Horror|Thriller|Mystery,"['Horror', 'Thriller', 'Mystery']",2.0,1
130069,291362,Road Hard,Comedy,['Comedy'],3.0,2
53416,18206,Alone With Her,Crime|Drama|Romance|Thriller,"['Crime', 'Drama', 'Romance', 'Thriller']",2.5,3
122817,53953,The Tooth Fairy,Horror,['Horror'],3.0,2
88934,51384,"Lovely, Still",Drama|Romance,"['Drama', 'Romance']",2.75,2
136540,85860,The FP,Comedy,['Comedy'],4.5,1
152183,331745,Top Spin,Documentary,['Documentary'],3.0,1
131936,36696,Space Dogs,Family|Animation,"['Family', 'Animation']",1.5,2
57357,78705,Live-In Maid,Drama|Foreign,"['Drama', 'Foreign']",4.0,1
123553,252360,In the Name of the King III,Action|Adventure|Drama|Fantasy,"['Action', 'Adventure', 'Drama', 'Fantasy']",0.5,1
57996,20520,The Motel,Drama|Comedy,"['Drama', 'Comedy']",3.25,2
42638,16433,Grand Theft Parsons,Crime|Comedy|Drama|Adventure,"['Crime', 'Comedy', 'Drama', 'Adventure']",2.83,3
26690,71805,Shipwrecked,Adventure|Family,"['Adventure', 'Family']",3.0,1
173857,426469,Growing Up Smith,Comedy|Family|Drama,"['Comedy', 'Family', 'Drama']",3.5,2
143703,360339,Eden,Thriller|Drama,"['Thriller', 'Drama']",2.0,1
101301,150211,The Frozen,Horror|Thriller,"['Horror', 'Thriller']",0.5,2
89327,39845,Love Ranch,Drama,['Drama'],2.5,1
144650,157422,The Wicked Within,Horror,['Horror'],2.25,2
90769,40658,Starsuckers,Documentary|Foreign,"['Documentary', 'Foreign']",4.0,1
141916,356216,The Rise of the Krays,Crime,['Crime'],3.0,2
107217,49852,The Nutcracker: The Untold Story,Fantasy|Action|Family,"['Fantasy', 'Action', 'Family']",1.5,1
133413,89857,High Road,Comedy,['Comedy'],3.0,1
90547,12838,One to Another,Drama,['Drama'],3.0,1
53554,60400,The Blue Bird,Drama|Family|Fantasy,"['Drama', 'Family', 'Fantasy']",3.5,1
140699,257932,Dragon Nest: Warriors' Dawn,Adventure|Family|Fantasy|Animation,"['Adventure', 'Family', 'Fantasy', 'Animation']",3.75,2
53847,28666,The Woman Chaser,Drama,['Drama'],3.67,3
38435,30082,Forty Shades of Blue,Drama|Romance,"['Drama', 'Romance']",2.5,1
121277,146631,U.F.O.,Action|Adventure|Science Fiction,"['Action', 'Adventure', 'Science Fiction']",2.0,1
152087,318850,The Young Messiah,Drama,['Drama'],4.5,1
115913,157058,30 Nights of Paranormal Activity With the Devil Inside the Girl With the Dragon Tattoo,Comedy,['Comedy'],0.5,1
155372,347764,Goddess of Love,Mystery|Drama|Thriller|Horror,"['Mystery', 'Drama', 'Thriller', 'Horror']",1.75,2
105157,139998,Supporting Characters,Drama|Comedy,"['Drama', 'Comedy']",2.5,1
164791,231617,"Signed, Sealed, Delivered",Comedy|Drama|Romance|TV Movie,"['Comedy', 'Drama', 'Romance', 'TV Movie']",1.5,1
141952,41144,To Save A Life,Drama,['Drama'],2.5,1
170265,27551,The Barbarians,Fantasy|Adventure,"['Fantasy', 'Adventure']",1.5,2
99768,19844,Kiss the Bride,Drama|Comedy|Romance,"['Drama', 'Comedy', 'Romance']",3.0,1
155816,153397,Restless,TV Movie|Romance|Drama,"['TV Movie', 'Romance', 'Drama']",1.25,2
168576,325373,Two Lovers and a Bear,Drama|Romance,"['Drama', 'Romance']",3.0,2
169476,361475,Departure,Drama|Romance|Family,"['Drama', 'Romance', 'Family']",3.0,1
69159,18869,Jimmy and Judy,Action|Crime|Drama|Thriller,"['Action', 'Crime', 'Drama', 'Thriller']",1.5,1
8975,43743,Fabled,Drama|Mystery|Thriller,"['Drama', 'Mystery', 'Thriller']",1.0,1
49115,55831,Boynton Beach Club,Comedy|Drama|Romance,"['Comedy', 'Drama', 'Romance']",1.5,1
74547,42586,Darling Lili,Drama|Comedy|Thriller|Music|Romance,"['Drama', 'Comedy', 'Thriller', 'Music', 'Romance']",2.0,1
95611,66025,Mooz-lum,Drama,['Drama'],2.5,1
46979,43610,The Valley of Decision,Drama,['Drama'],4.0,1
91492,43546,Bathing Beauty,Comedy|Music,"['Comedy', 'Music']",3.0,1
170319,25379,The Blue Butterfly,Adventure|Drama|Family,"['Adventure', 'Drama', 'Family']",3.0,1
48626,39183,Once in a Lifetime: The Extraordinary Story of the New York Cosmos,Documentary,['Documentary'],3.0,1
143253,292539,Food Chains,Documentary,['Documentary'],2.0,2
185541,356987,Abandoned,Drama|Thriller,"['Drama', 'Thriller']",2.0,1
150274,299553,Shark Lake,Thriller,['Thriller'],2.5,1
146396,56666,Fiza,Drama|Foreign|Romance,"['Drama', 'Foreign', 'Romance']",3.5,1
164855,25786,Samantha: An American Girl Holiday,Drama|Family,"['Drama', 'Family']",3.5,1
121267,18616,No Man's Land: The Rise of Reeker,Horror|Thriller,"['Horror', 'Thriller']",3.5,1
149348,356483,Unnatural,Thriller|Action|Horror,"['Thriller', 'Action', 'Horror']",2.5,2
152587,100275,Eddie: The Sleepwalking Cannibal,Horror|Comedy,"['Horror', 'Comedy']",3.0,1
123723,193603,Hayride,Thriller|Horror,"['Thriller', 'Horror']",0.5,2
163462,147767,Khiladi 786,Action|Comedy,"['Action', 'Comedy']",3.5,1
178353,91721,Nothing But a Man,Drama,['Drama'],4.0,2
111944,175541,Black Nativity,Drama|Music,"['Drama', 'Music']",2.0,1
181373,66767,Beat the World,Music|Drama,"['Music', 'Drama']",0.5,1
155994,50942,Creature,Horror|Science Fiction|Thriller,"['Horror', 'Science Fiction', 'Thriller']",2.0,1
170445,345003,10 Days in a Madhouse,Drama,['Drama'],2.5,1
165675,289180,H.,Thriller|Drama|Science Fiction,"['Thriller', 'Drama', 'Science Fiction']",2.0,1
162652,317930,Compadres,Action|Comedy,"['Action', 'Comedy']",1.5,1
90355,70875,The Harvest (La Cosecha),Documentary,['Documentary'],4.0,1
174973,14608,Partition,Drama|Foreign|Romance,"['Drama', 'Foreign', 'Romance']",2.0,1
191681,218500,The Ballad of Gregorio Cortez,Western,['Western'],3.0,1
172853,34417,Good Intentions,Comedy,['Comedy'],3.5,1
191199,9916,The Last Sin Eater,Drama,['Drama'],2.0,1
201050,206213,Zombie Hunter,Comedy|Action|Science Fiction|Thriller,"['Comedy', 'Action', 'Science Fiction', 'Thriller']",2.0,1
178285,371690,Rotor DR1,Science Fiction|Family,"['Science Fiction', 'Family']",1.5,1
177891,114635,The Helpers,Horror,['Horror'],1.0,1
